Workbook
Name _DAT10: [1]May!$I$2:$I$4
Name _DAT2: [1]May!#REF!
Name _DAT2: [1]May!#REF!
Name _DAT8: [1]May!$G$2:$G$4
Name _DAT9: [1]May!$H$2:$H$4
Name DATA1: #REF!
Name DATA10: #REF!
Name DATA11: #REF!
Name DATA12: #REF!
Name DATA13: #REF!
Name DATA14: #REF!
Name DATA15: #REF!
Name DATA16: #REF!
Name DATA17: #REF!
Name DATA18: #REF!
Name DATA18: #REF!
Name DATA2: #REF!
Name DATA3: #REF!
Name DATA4: #REF!
Name DATA5: #REF!
Name DATA6: #REF!
Name DATA7: #REF!
Name DATA8: #REF!
Name DATA9: #REF!
Name DF_GRID_1: #REF!
Name DF_GRID_1: #REF!
Name SAPCrosstab1: details!$A$5:$AB$422
Name TEST0: #REF!
Name TEST1: #REF!
Name TEST1: #REF!
Name TEST2: #REF!
Name TEST2: #REF!
Name TESTHKEY: #REF!
Name TESTHKEY: #REF!
Name TESTKEYS: #REF!
Name TESTVKEY: #REF!
Name TESTVKEY: #REF!

Sheet _com.sap.ip.bi.xl.hiddensheet

Sheet SUMMARY2
G1: 46143
E3: Values
B4: Material Group | C4: PH LV1 | D4: PH LV2 | E4: Total Stock value | F4: Avg COS, MC.5 | G4: T/O Days | H4: Total Provision | I4: % Prov/Stock | J4: Amount W/O age | K4: % W/O age | L4: Stk Val 01-03mo | M4: % 1-3mths | N4: Stk Val 04-06mo | O4: % 4-6mths | P4: Stk Val 07-12mo | Q4: %7-12mth | R4: Stk Val 13-24mo | S4: %13-24mth | T4: Stk Val 1Abv24mo | U4: %abv 24mth
B5: FG | C5: Mould | D5: Mould | E5: 1201517.2 | F5: 0 | G5: 0 | H5: 0 | I5: 0 | J5: 1201517.2 | K5: 1 | L5: 0 | M5: 0 | N5: 0 | O5: 0 | P5: 0 | Q5: 0 | R5: 0 | S5: 0 | T5: 0 | U5: 0
C6: PE | D6: Bottle | E6: 109804.8 | F6: 97209.593 | G6: 33.887026 | H6: 1767.3 | I6: 0.016094925 | J6: 0 | K6: 0 | L6: 105878.2 | M6: 0.96424018 | N6: 0 | O6: 0 | P6: 662.6 | Q6: 0.0060343446 | R6: 3264 | S6: 0.029725476 | T6: 0 | U6: 0
D7: Closure/Lid/ Handle | E7: 173440.27 | F7: 191471.05 | G7: 27.174908 | H7: 8532.82 | I7: 0.049197456 | J7: 0 | K7: 0 | L7: 145404.66 | M7: 0.83835582 | N7: 5188.27 | O7: 0.029913872 | P7: 12279.27 | Q7: 0.070798264 | R7: 10409.07 | S7: 0.060015301 | T7: 159 | U7: 0.00091674212
D8: Jerrycan | E8: 63397.89 | F8: 113402.88 | G8: 16.771503 | H8: 543.42 | I8: 0.0085715786 | J8: 0 | K8: 0 | L8: 62000.64 | M8: 0.97796062 | N8: 0 | O8: 0 | P8: 0 | Q8: 0 | R8: 1397.25 | S8: 0.022039377 | T8: 0 | U8: 0
C9: PET | D9: Bottle | E9: 495273.77 | F9: 597766.91 | G9: 24.856199 | H9: 7734.02 | I9: 0.015615646 | J9: 0 | K9: 0 | L9: 436947.22 | M9: 0.88223372 | N9: 36258.1 | O9: 0.073208198 | P9: 12365.04 | Q9: 0.024966071 | R9: 8704.03 | S9: 0.017574179 | T9: 999.38 | U9: 0.0020178335
D10: Jar /Container/Tub | E10: 220149.72 | F10: 259977.48 | G10: 25.404091 | H10: 6671.25 | I10: 0.030303241 | J10: 0 | K10: 0 | L10: 174298.82 | M10: 0.79172856 | N10: 16447.17 | O10: 0.074709021 | P10: 24410.53 | Q10: 0.11088149 | R10: 4828.2 | S10: 0.021931438 | T10: 165 | U10: 0.00074948994
C11: PP | D11: Bottle | E11: 228950.99 | F11: 447357.87 | G11: 15.353546 | H11: 0 | I11: 0 | J11: 145.8 | K11: 0.00063681751 | L11: 228613.92 | M11: 0.99852776 | N11: 191.27 | O11: 0.00083541897 | P11: 0 | Q11: 0 | R11: 0 | S11: 0 | T11: 0 | U11: 0
D12: Closure/Lid/ Handle | E12: 135062.22 | F12: 115924.66 | G12: 34.952587 | H12: 2077.32 | I12: 0.015380467 | J12: 0 | K12: 0 | L12: 115270.33 | M12: 0.85346095 | N12: 4105.19 | O12: 0.030394806 | P12: 15434.7 | Q12: 0.11427844 | R12: 252 | S12: 0.0018658067 | T12: 0 | U12: 0
D13: Jar /Container/Tub | E13: 61137.74 | F13: 47581.147 | G13: 38.547457 | H13: 203.42 | I13: 0.0033272411 | J13: 0 | K13: 0 | L13: 59745.92 | M13: 0.97723468 | N13: 171.42 | O13: 0.0028038328 | P13: 1220.4 | Q13: 0.019961484 | R13: 0 | S13: 0 | T13: 0 | U13: 0
C14: Secondary/ Component | D14: LABEL, IML, STICKER, SEALED ETC | E14: 275278.59 | F14: 191789.22 | G14: 43.059551 | H14: 22800.67 | I14: 0.082827618 | J14: 0 | K14: 0 | L14: 207155.44 | M14: 0.75253015 | N14: 22686.14 | O14: 0.082411567 | P14: 17957.42 | Q14: 0.065233624 | R14: 25291.84 | S14: 0.091877251 | T14: 2187.75 | U14: 0.0079474034
C15: Nylon | D15: Component | F15: 50 | G15: 0 | I15: 0 | K15: 0 | M15: 0 | O15: 0 | Q15: 0 | S15: 0 | U15: 0
B16: FG Total | E16: 2964013.2 | F16: 2062530.8 | G16: 43.112275 | H16: 50330.22 | I16: 0.01698043 | J16: 1201663 | K16: 0.40541756 | L16: 1535315.1 | M16: 0.51798526 | N16: 85047.56 | O16: 0.028693381 | P16: 84329.96 | Q16: 0.028451277 | R16: 54146.39 | S16: 0.018267931 | T16: 3511.13 | U16: 0.0011845865
B17: RM | C17: Additives | D17: Additives | E17: 206251.87 | F17: 40796.227 | G17: 151.66981 | H17: 15518.06 | I17: 0.075238397 | J17: 0 | K17: 0 | L17: 112711.66 | M17: 0.54647582 | N17: 52650.02 | O17: 0.25527051 | P17: 29448.63 | Q17: 0.14277994 | R17: 6323.39 | S17: 0.030658583 | T17: 5118.17 | U17: 0.024815145
C18: PE | D18: Virgin grade | E18: 1230752.2 | F18: 213273.78 | G18: 173.12285 | H18: 30684.37 | I18: 0.024931396 | J18: 0 | K18: 0 | L18: 1070678.5 | M18: 0.86993833 | N18: 90324.26 | O18: 0.073389477 | P18: 40780.96 | Q18: 0.033134989 | R18: 28876.06 | S18: 0.023462124 | T18: 92.4 | U18: 7.5076039e-05
D19: Internal Regrind | E19: 0 | F19: 0 | G19: 0 | H19: 0 | I19: 0 | J19: 0 | K19: 0 | L19: 0 | M19: 0 | N19: 0 | O19: 0 | P19: 0 | Q19: 0 | R19: 0 | S19: 0 | T19: 0 | U19: 0
C20: PET | D20: Preform | E20: 84309.07 | F20: 60804.273 | G20: 41.596946 | H20: 766.21 | I20: 0.0090881088 | J20: 0 | K20: 0 | L20: 68311.62 | M20: 0.81025233 | N20: 14743.75 | O20: 0.17487739 | P20: 0 | Q20: 0 | R20: 1253.7 | S20: 0.014870286 | T20: 0 | U20: 0
D21: Recycled | E21: 189098.44 | F21: 25894.43 | G21: 219.08006 | H21: 0 | I21: 0 | J21: 0 | K21: 0 | L21: 120147.51 | M21: 0.63537018 | N21: 68950.93 | O21: 0.36462982 | P21: 0 | Q21: 0 | R21: 0 | S21: 0 | T21: 0 | U21: 0
D22: Virgin grade | E22: 789122.67 | F22: 438114.65 | G22: 54.035353 | H22: 25781.12 | I22: 0.032670611 | J22: 0 | K22: 0 | L22: 729522.55 | M22: 0.92447293 | N22: 9240 | O22: 0.011709206 | P22: 0 | Q22: 0 | R22: 50360.12 | S22: 0.06381786 | T22: 0 | U22: 0
C23: PP | D23: Virgin grade | E23: 1137022.4 | F23: 311770.81 | G23: 109.40944 | H23: 3140.72 | I23: 0.0027622324 | J23: 0 | K23: 0 | L23: 1052630.6 | M23: 0.92577823 | N23: 72103.74 | O23: 0.063414531 | P23: 12208.89 | Q23: 0.010737599 | R23: 0 | S23: 0 | T23: 79.18 | U23: 6.9638032e-05
D24: Internal Regrind | E24: 0 | F24: 0 | G24: 0 | H24: 0 | I24: 0 | J24: 0 | K24: 0 | L24: 0 | M24: 0 | N24: 0 | O24: 0 | P24: 0 | Q24: 0 | R24: 0 | S24: 0 | T24: 0 | U24: 0
C25: Nylon | D25: Virgin grade | E25: 1574.52 | F25: 6.8233333 | G25: 6922.6575 | H25: 0 | I25: 0 | J25: 0 | K25: 0 | L25: 1450.01 | M25: 0.92092193 | N25: 124.51 | O25: 0.079078068 | P25: 0 | Q25: 0 | R25: 0 | S25: 0 | T25: 0 | U25: 0
B26: RM Total | E26: 3638131.1 | F26: 1090661 | G26: 100.07136 | H26: 75890.48 | I26: 0.020859743 | J26: 0 | K26: 0 | L26: 3155452.4 | M26: 0.86732784 | N26: 308137.21 | O26: 0.084696565 | P26: 82438.48 | Q26: 0.022659568 | R26: 86813.27 | S26: 0.023862051 | T26: 5289.75 | U26: 0.0014539745
B27: Grand Total | E27: 6602144.3 | F27: 3153191.8 | G27: 62.813918 | H27: 126220.7 | I27: 0.019118137 | J27: 1201663 | K27: 0.18201102 | L27: 4690767.6 | M27: 0.71049152 | N27: 393184.77 | O27: 0.059554101 | P27: 166768.44 | Q27: 0.025259739 | R27: 140959.66 | S27: 0.021350587 | T27: 8800.88 | U27: 0.0013330336

Sheet Ageing Sum
A1: Summary Stock Ageing
A3: Stock Type | B3: Ageing | C3: Jan | D3: Feb | E3: Mar | F3: Apr | G3: May | H3: Jun | I3: Jul | J3: Aug | K3: Sep | L3: Oct | M3: Nov | N3: Dec
A4: FG | B4: 4-6 months | C4: 86956.52 | D4: 92538.73 | E4: 57291.35 | F4: 59614.06 | G4: 85047.56
B5: 7-12 months | C5: 92003.46 | D5: 99289.73 | E5: 107022.88 | F5: 89652.01 | G5: 84329.96
B6: 13-24 months | C6: 32178.63 | D6: 32692.41 | E6: 40197.27 | F6: 47409.72 | G6: 54146.39
B7: > 24 months | C7: 2297.27 | D7: 458.67 | E7: 458.67 | F7: 724.77 | G7: 3511.13
B8: FG Total | C8: =SUM(C4:C7) -> 213435.88 | D8: =SUM(D4:D7) -> 224979.54 | E8: =SUM(E4:E7) -> 204970.17 | F8: =SUM(F4:F7) -> 197400.56 | G8: =SUM(G4:G7) -> 227035.04 | H8: =SUM(H4:H7) -> 0 | I8: =SUM(I4:I7) -> 0 | J8: =SUM(J4:J7) -> 0 | ... N8: =SUM(N4:N7) -> 0
A9: RM | B9: 4-6 months | C9: 113007.44 | D9: 59869.03 | E9: 52139.76 | F9: 74553.2 | G9: 308137.21
B10: 7-12 months | C10: 162412.62 | D10: 166354.16 | E10: 110348.93 | F10: 93375.28 | G10: 82438.48
B11: 13-24 months | C11: 25147.75 | D11: 29652.41 | E11: 102724.38 | F11: 104354.25 | G11: 86813.27
B12: > 24 months | C12: 4640.19 | D12: 4664.15 | E12: 4649.05 | F12: 4928.98 | G12: 5289.75
B13: RM Total | C13: =SUM(C9:C12) -> 305208 | D13: =SUM(D9:D12) -> 260539.75 | E13: =SUM(E9:E12) -> 269862.12 | F13: =SUM(F9:F12) -> 277211.71 | G13: =SUM(G9:G12) -> 482678.71 | H13: =SUM(H9:H12) -> 0 | I13: =SUM(I9:I12) -> 0 | J13: =SUM(J9:J12) -> 0 | ... N13: =SUM(N9:N12) -> 0

Sheet  Comparisons _working 
A1: MONTH | B1: PH LEVEL 1 | C1: PH LEVEL 2 | D1: Total Stock value | E1: Amount W/O age | F1: % W/O age | G1: Stk Val 01-03mo | H1: % 1-3mths | I1: Stk Val 04-06mo | J1: % 4-6mths | K1: Stk Val 07-12mo | L1: %7-12mth | M1: Stk Val 13-24mo | N1: %13-24mth | O1: Stk Val 1Abv24mo | P1: %abv 24mth | Q1: Total Provision | R1: Avg COS, MC.5 | S1: % Prov/Stock | T1: T/O Days | W1: PH LEVEL 1 | X1: Additives
A2: Jul'24 | B2: Additives | C2: Additives | D2: 198110.7 | E2: 0 | F2: 0 | G2: 141065.31 | H2: 0.71205296 | I2: 26844.25 | J2: 0.13550126 | K2: 7389.75 | L2: 0.037301115 | M2: 12191.15 | N2: 0.06153706 | O2: 10620.24 | P2: 0.053607604 | Q2: 18598.39 | R2: 38505.423 | S2: 0.093878776 | T2: 154.35023
A3: Jul'24 | B3: Mould | C3: Mould | D3: 348760 | E3: 348760 | F3: 1 | G3: 0 | H3: 0 | I3: 0 | J3: 0 | K3: 0 | L3: 0 | M3: 0 | N3: 0 | O3: 0 | P3: 0 | Q3: 0 | R3: 99515.603 | S3: 0 | T3: 105.13728 | Y3: Values
A4: Jul'24 | B4: PE | C4: Bottle | D4: 87501.44 | E4: 0 | F4: 0 | G4: 85124.98 | H4: 0.9728409 | I4: 441.1 | J4: 0.0050410599 | K4: 1935.36 | L4: 0.022118036 | M4: 0 | N4: 0 | O4: 0 | P4: 0 | Q4: 107.53 | R4: 116793.03 | S4: 0.0012288941 | T4: 22.476026 | W4: PH LEVEL 2 | X4: MONTH | Y4: Sum of Total Stock value | Z4: Sum of Stk Val 01-03mo | AA4: Sum of Stk Val 04-06mo | AB4: Sum of Stk Val 07-12mo | AC4: Sum of Stk Val 13-24mo | AD4: Sum of Stk Val 1Abv24mo | AE4: Sum of Total Provision | AF4: Sum of Avg COS, MC.5 | AG4: Sum of % Prov/Stock | AH4: Sum of T/O Days
A5: Jul'24 | B5: =B4 -> PE | C5: Closure/Lid/ Handle | D5: 199796.53 | E5: 0 | F5: 0 | G5: 188659.28 | H5: 0.94425704 | I5: 6568.97 | J5: 0.032878299 | K5: 3058.05 | L5: 0.015305821 | M5: 1033.23 | N5: 0.0051714111 | O5: 477 | P5: 0.0023874289 | Q5: 2011.21 | R5: 151537.09 | S5: 0.010066291 | T5: 39.553985 | W5: Additives | X5: Aug'24 | Y5: 174896.2 | Z5: 116445.33 | AA5: 27936.11 | AB5: 9349.93 | AC5: 9659.71 | AD5: 11505.13 | AE5: 18515.87 | AF5: 39199.557 | AG5: 0.10586777 | AH5: 133.85065
A6: Jul'24 | B6: =B5 -> PE | C6: Jerrycan | D6: 15020.64 | E6: 0 | F6: 0 | G6: 15020.64 | H6: 1 | I6: 0 | J6: 0 | K6: 0 | L6: 0 | M6: 0 | N6: 0 | O6: 0 | P6: 0 | Q6: 0 | R6: 4723.2 | S6: 0 | T6: 95.405488 | X6: Jul'24 | Y6: 198110.7 | Z6: 141065.31 | AA6: 26844.25 | AB6: 7389.75 | AC6: 12191.15 | AD6: 10620.24 | AE6: 18598.39 | AF6: 38505.423 | AG6: 0.093878776 | AH6: 154.35023
A7: Jul'24 | B7: =B6 -> PE | C7: Virgin grade | D7: 553555.01 | E7: 0 | F7: 0 | G7: 467691.23 | H7: 0.84488664 | I7: 56898.8 | J7: 0.10278798 | K7: 11330.5 | L7: 0.020468607 | M7: 14126.84 | N7: 0.02552021 | O7: 3507.64 | P7: 0.0063365699 | Q7: 11519.95 | R7: 139695.05 | S7: 0.020810849 | T7: 118.87788
A8: Jul'24 | B8: PET | C8: Bottle | D8: 513467.79 | E8: 0 | F8: 0 | G8: 479836.04 | H8: 0.93450076 | I8: 16175.02 | J8: 0.031501528 | K8: 102.03 | L8: 0.00019870769 | M8: 17232.6 | N8: 0.033561209 | O8: 122.1 | P8: 0.00023779486 | Q8: 12455.46 | R8: 685418.32 | S8: 0.024257529 | T8: 22.473916
A9: Jul'24 | B9: =B8 -> PET | C9: Jar /Container/Tub | D9: 325367.07 | E9: 0 | F9: 0 | G9: 249635.37 | H9: 0.76724227 | I9: 62527.02 | J9: 0.19217378 | K9: 10964.7 | L9: 0.033699477 | M9: 216.3 | N9: 0.00066478762 | O9: 2023.68 | P9: 0.0062196829 | Q9: 3219.16 | R9: 205978.26 | S9: 0.009893933 | T9: 47.388555
A10: Jul'24 | B10: =B9 -> PET | C10: Preform | D10: 35554.14 | E10: 0 | F10: 0 | G10: 35554.14 | H10: 1 | I10: 0 | J10: 0 | K10: 0 | L10: 0 | M10: 0 | N10: 0 | O10: 0 | P10: 0 | Q10: 0 | R10: 58072.403 | S10: 0 | T10: 18.367144 | W10: PH LEVEL 1 | X10: Mould
A11: Jul'24 | B11: =B10 -> PET | C11: Recycled | D11: 60085.87 | E11: 0 | F11: 0 | G11: 60085.87 | H11: 1 | I11: 0 | J11: 0 | K11: 0 | L11: 0 | M11: 0 | N11: 0 | O11: 0 | P11: 0 | Q11: 0 | R11: 20640.277 | S11: 0 | T11: 87.332943
A12: Jul'24 | B12: =B11 -> PET | C12: Virgin grade | D12: 750671.75 | E12: 0 | F12: 0 | G12: 740379.79 | H12: 0.98628967 | I12: 0 | J12: 0 | K12: 10291.95 | L12: 0.01371032 | M12: 0.01 | N12: 1.3321402e-08 | O12: 0 | P12: 0 | Q12: 1143.65 | R12: 474365.14 | S12: 0.0015235021 | T12: 47.474299 | Y12: Values
A13: Jul'24 | B13: PP | C13: Bottle | D13: 365184.62 | E13: 11241.9 | F13: 0.030784155 | G13: 348702.92 | H13: 0.95486749 | I13: 4131 | J13: 0.011312086 | K13: 1108.8 | L13: 0.0030362724 | M13: 0 | N13: 0 | O13: 0 | P13: 0 | Q13: 308.02 | R13: 445025.06 | S13: 0.00084346378 | T13: 24.617802 | W13: PH LEVEL 2 | X13: MONTH | Y13: Sum of Total Stock value | Z13: Sum of Stk Val 01-03mo | AA13: Sum of Stk Val 04-06mo | AB13: Sum of Stk Val 07-12mo | AC13: Sum of Stk Val 13-24mo | AD13: Sum of Stk Val 1Abv24mo | AE13: Sum of Total Provision | AF13: Sum of Avg COS, MC.5 | AG13: Sum of % Prov/Stock | AH13: Sum of T/O Days
A14: Jul'24 | B14: =B13 -> PP | C14: Closure/Lid/ Handle | D14: 184403.23 | E14: 0 | F14: 0 | G14: 159894.98 | H14: 0.86709425 | I14: 0 | J14: 0 | K14: 10739.87 | L14: 0.058241225 | M14: 8308.38 | N14: 0.045055501 | O14: 5460 | P14: 0.029609026 | Q14: 13072.62 | R14: 137963.63 | S14: 0.070891491 | T14: 40.098226 | W14: Mould | X14: Jul'24 | Y14: 348760 | Z14: 0 | AA14: 0 | AB14: 0 | AC14: 0 | AD14: 0 | AE14: 0 | AF14: 99515.603 | AG14: 0 | AH14: 105.13728
A15: Jul'24 | B15: =B14 -> PP | C15: Jar /Container/Tub | D15: 30733.09 | E15: 0 | F15: 0 | G15: 30733.09 | H15: 1 | I15: 0 | J15: 0 | K15: 0 | L15: 0 | M15: 0 | N15: 0 | O15: 0 | P15: 0 | Q15: 0 | R15: 47157.76 | S15: 0 | T15: 19.55124 | X15: Aug'24 | Y15: 380628.31 | Z15: 0 | AA15: 0 | AB15: 0 | AC15: 0 | AD15: 0 | AE15: 0 | AF15: 99515.603 | AG15: 0 | AH15: 114.74431
A16: Jul'24 | B16: =B15 -> PP | C16: Virgin grade | D16: 425606.81 | E16: 0 | F16: 0 | G16: 422176.14 | H16: 0.99193934 | I16: 1987.34 | J16: 0.0046694272 | K16: 0 | L16: 0 | M16: 103.99 | N16: 0.0002443335 | O16: 1339.33 | P16: 0.0031468716 | Q16: 1408.66 | R16: 373444.8 | S16: 0.0033097685 | T16: 34.190339
A17: Jul'24 | B17: Secondary/ Component | C17: LABEL, IML, STICKER, SEALED ETC | D17: 233438.85 | E17: 0 | F17: 0 | G17: 207493.26 | H17: 0.88885488 | I17: 13209.08 | J17: 0.056584754 | K17: 1116.75 | L17: 0.0047839081 | M17: 7499.14 | N17: 0.032124644 | O17: 4120.62 | P17: 0.017651818 | Q17: 7856.29 | R17: 175979.32 | S17: 0.033654595 | T17: 39.795389
A18: Jul'24 | B18: Supplies | C18: Logistic & Other Supplies | D18: 0 | E18: 0 | F18: 0 | G18: 0 | H18: 0 | I18: 0 | J18: 0 | K18: 0 | L18: 0 | M18: 0 | N18: 0 | O18: 0 | P18: 0 | Q18: 0 | R18: 0 | S18: 0 | T18: 0
A19: Aug'24 | B19: Additives | C19: Additives | D19: 174896.2 | E19: 0 | F19: 0 | G19: 116445.33 | H19: 0.6657968 | I19: 27936.11 | J19: 0.15972966 | K19: 9349.93 | L19: 0.053459881 | M19: 9659.71 | N19: 0.055231103 | O19: 11505.13 | P19: 0.065782618 | Q19: 18515.87 | R19: 39199.557 | S19: 0.10586777 | T19: 133.85065
A20: Aug'24 | B20: Mould | C20: Mould | D20: 380628.31 | E20: 380628.31 | F20: 1 | G20: 0 | H20: 0 | I20: 0 | J20: 0 | K20: 0 | L20: 0 | M20: 0 | N20: 0 | O20: 0 | P20: 0 | Q20: 0 | R20: 99515.603 | S20: 0 | T20: 114.74431 | W20: PH LEVEL 1 | X20: PE
A21: Aug'24 | B21: PE | C21: Bottle | D21: 150156.36 | E21: 0 | F21: 0 | G21: 148033.72 | H21: 0.9858638 | I21: 671.12 | J21: 0.0044694744 | K21: 1451.52 | L21: 0.0096667234 | M21: 0 | N21: 0 | O21: 0 | P21: 0 | Q21: 161.29 | R21: 122912.15 | S21: 0.001074147 | T21: 36.64968
A22: Aug'24 | B22: =B21 -> PE | C22: Closure/Lid/ Handle | D22: 287882.15 | E22: 0 | F22: 0 | G22: 274522.32 | H22: 0.95359271 | I22: 7380.93 | J22: 0.025638721 | K22: 4758.7 | L22: 0.016530028 | M22: 796.2 | N22: 0.0027657151 | O22: 424 | P22: 0.0014728249 | Q22: 2069.3 | R22: 139223.02 | S22: 0.0071880108 | T22: 62.03331 | Y22: Values
A23: Aug'24 | B23: =B22 -> PE | C23: Jerrycan | D23: 58181.76 | E23: 0 | F23: 0 | G23: 58181.76 | H23: 1 | I23: 0 | J23: 0 | K23: 0 | L23: 0 | M23: 0 | N23: 0 | O23: 0 | P23: 0 | Q23: 0 | R23: 7344 | S23: 0 | T23: 237.67059 | W23: PH LEVEL 2 | X23: MONTH | Y23: Sum of Total Stock value | Z23: Sum of Stk Val 01-03mo | AA23: Sum of Stk Val 04-06mo | AB23: Sum of Stk Val 07-12mo | AC23: Sum of Stk Val 13-24mo | AD23: Sum of Stk Val 1Abv24mo | AE23: Sum of Total Provision | AF23: Sum of Avg COS, MC.5 | AG23: Sum of % Prov/Stock | AH23: Sum of T/O Days
A24: Aug'24 | B24: =B23 -> PE | C24: Virgin grade | D24: 555388.21 | E24: 0 | F24: 0 | G24: 495663.07 | H24: 0.89246236 | I24: 31736.64 | J24: 0.057143165 | K24: 11857.7 | L24: 0.021350291 | M24: 12623.16 | N24: 0.022728534 | O24: 3507.64 | P24: 0.0063156544 | Q24: 12158.01 | R24: 156079.96 | S24: 0.021891012 | T24: 106.75071 | W24: Bottle | X24: Jul'24 | Y24: 87501.44 | Z24: 85124.98 | AA24: 441.1 | AB24: 1935.36 | AC24: 0 | AD24: 0 | AE24: 107.53 | AF24: 116793.03 | AG24: 0.0012288941 | AH24: 22.476026
A25: Aug'24 | B25: PET | C25: Bottle | D25: 645557.34 | E25: 0 | F25: 0 | G25: 611600.9 | H25: 0.94739981 | I25: 16372.71 | J25: 0.025362131 | K25: 229.03 | L25: 0.00035477871 | M25: 17232.6 | N25: 0.026694143 | O25: 122.1 | P25: 0.00018913889 | Q25: 13425.63 | R25: 683365.14 | S25: 0.02079696 | T25: 28.340223 | X25: Aug'24 | Y25: 150156.36 | Z25: 148033.72 | AA25: 671.12 | AB25: 1451.52 | AC25: 0 | AD25: 0 | AE25: 161.29 | AF25: 122912.15 | AG25: 0.001074147 | AH25: 36.64968
A26: Aug'24 | B26: =B25 -> PET | C26: Jar /Container/Tub | D26: 321946.26 | E26: 0 | F26: 0 | G26: 187806.45 | H26: 0.5833472 | I26: 122342.73 | J26: 0.38000979 | K26: 9557.1 | L26: 0.029685389 | M26: 216.3 | N26: 0.00067185126 | O26: 2023.68 | P26: 0.0062857696 | Q26: 3449.34 | R26: 204201.88 | S26: 0.010714024 | T26: 47.298231 | W26: Closure/Lid/ Handle | X26: Jul'24 | Y26: 199796.53 | Z26: 188659.28 | AA26: 6568.97 | AB26: 3058.05 | AC26: 1033.23 | AD26: 477 | AE26: 2011.21 | AF26: 151537.09 | AG26: 0.010066291 | AH26: 39.553985
A27: Aug'24 | B27: =B26 -> PET | C27: Preform | D27: 34724.7 | E27: 0 | F27: 0 | G27: 34724.7 | H27: 1 | I27: 0 | J27: 0 | K27: 0 | L27: 0 | M27: 0 | N27: 0 | O27: 0 | P27: 0 | Q27: 0 | R27: 57390.893 | S27: 0 | T27: 18.151678 | X27: Aug'24 | Y27: 287882.15 | Z27: 274522.32 | AA27: 7380.93 | AB27: 4758.7 | AC27: 796.2 | AD27: 424 | AE27: 2069.3 | AF27: 139223.02 | AG27: 0.0071880108 | AH27: 62.03331
A28: Aug'24 | B28: =B27 -> PET | C28: Recycled | D28: 39794.75 | E28: 0 | F28: 0 | G28: 39794.75 | H28: 1 | I28: 0 | J28: 0 | K28: 0 | L28: 0 | M28: 0 | N28: 0 | O28: 0 | P28: 0 | Q28: 0 | R28: 20967.773 | S28: 0 | T28: 56.937019 | W28: Jerrycan | X28: Jul'24 | Y28: 15020.64 | Z28: 15020.64 | AA28: 0 | AB28: 0 | AC28: 0 | AD28: 0 | AE28: 0 | AF28: 4723.2 | AG28: 0 | AH28: 95.405488
A29: Aug'24 | B29: =B28 -> PET | C29: Virgin grade | D29: 741415.45 | E29: 0 | F29: 0 | G29: 731033.02 | H29: 0.98599647 | I29: 0 | J29: 0 | K29: 10382.42 | L29: 0.014003512 | M29: 0.01 | N29: 1.3487715e-08 | O29: 0 | P29: 0 | Q29: 1730.55 | R29: 492597.21 | S29: 0.0023341165 | T29: 45.15345 | X29: Aug'24 | Y29: 58181.76 | Z29: 58181.76 | AA29: 0 | AB29: 0 | AC29: 0 | AD29: 0 | AE29: 0 | AF29: 7344 | AG29: 0 | AH29: 237.67059
A30: Aug'24 | B30: PP | C30: Bottle | D30: 366226.82 | E30: 153.9 | F30: 0.00042023137 | G30: 360833.12 | H30: 0.98527224 | I30: 0 | J30: 0 | K30: 5239.8 | L30: 0.014307527 | M30: 0 | N30: 0 | O30: 0 | P30: 0 | Q30: 599.15 | R30: 486580.35 | S30: 0.001636008 | T30: 22.579631 | W30: Virgin grade | X30: Jul'24 | Y30: 553555.01 | Z30: 467691.23 | AA30: 56898.8 | AB30: 11330.5 | AC30: 14126.84 | AD30: 3507.64 | AE30: 11519.95 | AF30: 139695.05 | AG30: 0.020810849 | AH30: 118.87788
A31: Aug'24 | B31: =B30 -> PP | C31: Closure/Lid/ Handle | D31: 161880.85 | E31: 0 | F31: 0 | G31: 138986.84 | H31: 0.85857493 | I31: 482.52 | J31: 0.0029807108 | K31: 8643.11 | L31: 0.0533918 | M31: 5675.1 | N31: 0.035057266 | O31: 8093.28 | P31: 0.04999529 | Q31: 13635.15 | R31: 138883.49 | S31: 0.084229543 | T31: 34.967622 | X31: Aug'24 | Y31: 555388.21 | Z31: 495663.07 | AA31: 31736.64 | AB31: 11857.7 | AC31: 12623.16 | AD31: 3507.64 | AE31: 12158.01 | AF31: 156079.96 | AG31: 0.021891012 | AH31: 106.75071
A32: Aug'24 | B32: =B31 -> PP | C32: Jar /Container/Tub | D32: 33477.68 | E32: 0 | F32: 0 | G32: 33477.68 | H32: 1 | I32: 0 | J32: 0 | K32: 0 | L32: 0 | M32: 0 | N32: 0 | O32: 0 | P32: 0 | Q32: 0 | R32: 37667.923 | S32: 0 | T32: 26.662749
A33: Aug'24 | B33: =B32 -> PP | C33: Virgin grade | D33: 435459.66 | E33: 0 | F33: 0 | G33: 434016.74 | H33: 0.99668644 | I33: 0 | J33: 0 | K33: 0 | L33: 0 | M33: 103.59 | N33: 0.00023788656 | O33: 1339.34 | P33: 0.0030756925 | Q33: 1414.16 | R33: 369047.03 | S33: 0.0032475109 | T33: 35.398712
A34: Aug'24 | B34: Secondary/ Component | C34: LABEL, IML, STICKER, SEALED ETC | D34: 271897.34 | E34: 0 | F34: 0 | G34: 239643.75 | H34: 0.88137585 | I34: 13312.65 | J34: 0.048962046 | K34: 7469.44 | L34: 0.027471545 | M34: 7350.88 | N34: 0.027035498 | O34: 4120.62 | P34: 0.015155058 | Q34: 8594.59 | R34: 162216.95 | S34: 0.031609688 | T34: 50.284019
A35: Aug'24 | B35: Supplies | C35: Logistic & Other Supplies | D35: 0 | E35: 0 | F35: 0 | G35: 0 | H35: 0 | I35: 0 | J35: 0 | K35: 0 | L35: 0 | M35: 0 | N35: 0 | O35: 0 | P35: 0 | Q35: 0 | R35: 0 | S35: 0 | T35: 0
W37: PH LEVEL 1 | X37: PET
Y39: Values
W40: PH LEVEL 2 | X40: MONTH | Y40: Sum of Total Stock value | Z40: Sum of Stk Val 01-03mo | AA40: Sum of Stk Val 04-06mo | AB40: Sum of Stk Val 07-12mo | AC40: Sum of Stk Val 13-24mo | AD40: Sum of Stk Val 1Abv24mo | AE40: Sum of Total Provision | AF40: Sum of Avg COS, MC.5 | AG40: Sum of % Prov/Stock | AH40: Sum of T/O Days
W41: Bottle | X41: Jul'24 | Y41: 513467.79 | Z41: 479836.04 | AA41: 16175.02 | AB41: 102.03 | AC41: 17232.6 | AD41: 122.1 | AE41: 12455.46 | AF41: 685418.32 | AG41: 0.024257529 | AH41: 22.473916
X42: Aug'24 | Y42: 645557.34 | Z42: 611600.9 | AA42: 16372.71 | AB42: 229.03 | AC42: 17232.6 | AD42: 122.1 | AE42: 13425.63 | AF42: 683365.14 | AG42: 0.02079696 | AH42: 28.340223
W43: Jar /Container/Tub | X43: Jul'24 | Y43: 325367.07 | Z43: 249635.37 | AA43: 62527.02 | AB43: 10964.7 | AC43: 216.3 | AD43: 2023.68 | AE43: 3219.16 | AF43: 205978.26 | AG43: 0.009893933 | AH43: 47.388555
X44: Aug'24 | Y44: 321946.26 | Z44: 187806.45 | AA44: 122342.73 | AB44: 9557.1 | AC44: 216.3 | AD44: 2023.68 | AE44: 3449.34 | AF44: 204201.88 | AG44: 0.010714024 | AH44: 47.298231
W45: Preform | X45: Jul'24 | Y45: 35554.14 | Z45: 35554.14 | AA45: 0 | AB45: 0 | AC45: 0 | AD45: 0 | AE45: 0 | AF45: 58072.403 | AG45: 0 | AH45: 18.367144
X46: Aug'24 | Y46: 34724.7 | Z46: 34724.7 | AA46: 0 | AB46: 0 | AC46: 0 | AD46: 0 | AE46: 0 | AF46: 57390.893 | AG46: 0 | AH46: 18.151678
W47: Recycled | X47: Jul'24 | Y47: 60085.87 | Z47: 60085.87 | AA47: 0 | AB47: 0 | AC47: 0 | AD47: 0 | AE47: 0 | AF47: 20640.277 | AG47: 0 | AH47: 87.332943
X48: Aug'24 | Y48: 39794.75 | Z48: 39794.75 | AA48: 0 | AB48: 0 | AC48: 0 | AD48: 0 | AE48: 0 | AF48: 20967.773 | AG48: 0 | AH48: 56.937019
W49: Virgin grade | X49: Jul'24 | Y49: 750671.75 | Z49: 740379.79 | AA49: 0 | AB49: 10291.95 | AC49: 0.01 | AD49: 0 | AE49: 1143.65 | AF49: 474365.14 | AG49: 0.0015235021 | AH49: 47.474299
X50: Aug'24 | Y50: 741415.45 | Z50: 731033.02 | AA50: 0 | AB50: 10382.42 | AC50: 0.01 | AD50: 0 | AE50: 1730.55 | AF50: 492597.21 | AG50: 0.0023341165 | AH50: 45.15345
W55: PH LEVEL 1 | X55: PP
Y57: Values
W58: PH LEVEL 2 | X58: MONTH | Y58: Sum of Total Stock value | Z58: Sum of Stk Val 01-03mo | AA58: Sum of Stk Val 04-06mo | AB58: Sum of Stk Val 07-12mo | AC58: Sum of Stk Val 13-24mo | AD58: Sum of Stk Val 1Abv24mo | AE58: Sum of Total Provision | AF58: Sum of Avg COS, MC.5 | AG58: Sum of % Prov/Stock | AH58: Sum of T/O Days
W59: Bottle | X59: Jul'24 | Y59: 365184.62 | Z59: 348702.92 | AA59: 4131 | AB59: 1108.8 | AC59: 0 | AD59: 0 | AE59: 308.02 | AF59: 445025.06 | AG59: 0.00084346378 | AH59: 24.617802
X60: Aug'24 | Y60: 366226.82 | Z60: 360833.12 | AA60: 0 | AB60: 5239.8 | AC60: 0 | AD60: 0 | AE60: 599.15 | AF60: 486580.35 | AG60: 0.001636008 | AH60: 22.579631
W61: Closure/Lid/ Handle | X61: Jul'24 | Y61: 184403.23 | Z61: 159894.98 | AA61: 0 | AB61: 10739.87 | AC61: 8308.38 | AD61: 5460 | AE61: 13072.62 | AF61: 137963.63 | AG61: 0.070891491 | AH61: 40.098226
X62: Aug'24 | Y62: 161880.85 | Z62: 138986.84 | AA62: 482.52 | AB62: 8643.11 | AC62: 5675.1 | AD62: 8093.28 | AE62: 13635.15 | AF62: 138883.49 | AG62: 0.084229543 | AH62: 34.967622
W63: Jar /Container/Tub | X63: Jul'24 | Y63: 30733.09 | Z63: 30733.09 | AA63: 0 | AB63: 0 | AC63: 0 | AD63: 0 | AE63: 0 | AF63: 47157.76 | AG63: 0 | AH63: 19.55124
X64: Aug'24 | Y64: 33477.68 | Z64: 33477.68 | AA64: 0 | AB64: 0 | AC64: 0 | AD64: 0 | AE64: 0 | AF64: 37667.923 | AG64: 0 | AH64: 26.662749
W65: Virgin grade | X65: Jul'24 | Y65: 425606.81 | Z65: 422176.14 | AA65: 1987.34 | AB65: 0 | AC65: 103.99 | AD65: 1339.33 | AE65: 1408.66 | AF65: 373444.8 | AG65: 0.0033097685 | AH65: 34.190339
X66: Aug'24 | Y66: 435459.66 | Z66: 434016.74 | AA66: 0 | AB66: 0 | AC66: 103.59 | AD66: 1339.34 | AE66: 1414.16 | AF66: 369047.03 | AG66: 0.0032475109 | AH66: 35.398712
W70: PH LEVEL 1 | X70: Secondary/ Component
Y72: Values
W73: PH LEVEL 2 | X73: MONTH | Y73: Sum of Total Stock value | Z73: Sum of Stk Val 01-03mo | AA73: Sum of Stk Val 04-06mo | AB73: Sum of Stk Val 07-12mo | AC73: Sum of Stk Val 13-24mo | AD73: Sum of Stk Val 1Abv24mo | AE73: Sum of Total Provision | AF73: Sum of Avg COS, MC.5 | AG73: Sum of % Prov/Stock | AH73: Sum of T/O Days
W74: LABEL, IML, STICKER, SEALED ETC | X74: Jul'24 | Y74: 233438.85 | Z74: 207493.26 | AA74: 13209.08 | AB74: 1116.75 | AC74: 7499.14 | AD74: 4120.62 | AE74: 7856.29 | AF74: 175979.32 | AG74: 0.033654595 | AH74: 39.795389
X75: Aug'24 | Y75: 271897.34 | Z75: 239643.75 | AA75: 13312.65 | AB75: 7469.44 | AC75: 7350.88 | AD75: 4120.62 | AE75: 8594.59 | AF75: 162216.95 | AG75: 0.031609688 | AH75: 50.284019
W80: PH LEVEL 1 | X80: Supplies
Y82: Values
W83: PH LEVEL 2 | X83: MONTH | Y83: Sum of Total Stock value | Z83: Sum of Stk Val 01-03mo | AA83: Sum of Stk Val 04-06mo | AB83: Sum of Stk Val 07-12mo | AC83: Sum of Stk Val 13-24mo | AD83: Sum of Stk Val 1Abv24mo | AE83: Sum of Total Provision | AF83: Sum of Avg COS, MC.5 | AG83: Sum of % Prov/Stock | AH83: Sum of T/O Days
W84: Logistic & Other Supplies | X84: Jul'24 | Y84: 0 | Z84: 0 | AA84: 0 | AB84: 0 | AC84: 0 | AD84: 0 | AE84: 0 | AF84: 0 | AG84: 0 | AH84: 0
X85: Aug'24 | Y85: 0 | Z85: 0 | AA85: 0 | AB85: 0 | AC85: 0 | AD85: 0 | AE85: 0 | AF85: 0 | AG85: 0 | AH85: 0

Sheet working pv
C1: Values
A2: PH LEVEL 1 | B2: PH LEVEL 2 | C2: Total Stock value | D2: Amount W/O age | E2: % W/O age | F2: Stk Val 01-03mo | G2: % 1-3mths | H2: Stk Val 04-06mo | I2: % 4-6mths | J2: Stk Val 07-12mo | K2: %7-12mth | L2: Stk Val 13-24mo | M2: %13-24mth | N2: Stk Val 1Abv24mo | O2: %abv 24mth | P2: Total Provision | Q2: Avg COS, MC.5 | R2: % Prov/Stock | S2: T/O Days
A3: Additives | B3: Additives | C3: 174896.2 | D3: 0 | E3: 0 | F3: 116445.33 | G3: 0.6657968 | H3: 27936.11 | I3: 0.15972966 | J3: 9349.93 | K3: 0.053459881 | L3: 9659.71 | M3: 0.055231103 | N3: 11505.13 | O3: 0.065782618 | P3: 18515.87 | Q3: 39199.557 | R3: 0.10586777 | S3: 133.85065
A4: Mould | B4: Mould | C4: 380628.31 | D4: 380628.31 | E4: 1 | F4: 0 | G4: 0 | H4: 0 | I4: 0 | J4: 0 | K4: 0 | L4: 0 | M4: 0 | N4: 0 | O4: 0 | P4: 0 | Q4: 99515.603 | R4: 0 | S4: 114.74431
A5: PE | B5: Bottle | C5: 150156.36 | D5: 0 | E5: 0 | F5: 148033.72 | G5: 0.9858638 | H5: 671.12 | I5: 0.0044694744 | J5: 1451.52 | K5: 0.0096667234 | L5: 0 | M5: 0 | N5: 0 | O5: 0 | P5: 161.29 | Q5: 122912.15 | R5: 0.001074147 | S5: 36.64968
B6: Closure/Lid/ Handle | C6: 287882.15 | D6: 0 | E6: 0 | F6: 274522.32 | G6: 0.95359271 | H6: 7380.93 | I6: 0.025638721 | J6: 4758.7 | K6: 0.016530028 | L6: 796.2 | M6: 0.0027657151 | N6: 424 | O6: 0.0014728249 | P6: 2069.3 | Q6: 139223.02 | R6: 0.0071880108 | S6: 62.03331
B7: Jerrycan | C7: 58181.76 | D7: 0 | E7: 0 | F7: 58181.76 | G7: 1 | H7: 0 | I7: 0 | J7: 0 | K7: 0 | L7: 0 | M7: 0 | N7: 0 | O7: 0 | P7: 0 | Q7: 7344 | R7: 0 | S7: 237.67059
B8: Virgin grade | C8: 555388.21 | D8: 0 | E8: 0 | F8: 495663.07 | G8: 0.89246236 | H8: 31736.64 | I8: 0.057143165 | J8: 11857.7 | K8: 0.021350291 | L8: 12623.16 | M8: 0.022728534 | N8: 3507.64 | O8: 0.0063156544 | P8: 12158.01 | Q8: 156079.96 | R8: 0.021891012 | S8: 106.75071
A9: PET | B9: Bottle | C9: 645557.34 | D9: 0 | E9: 0 | F9: 611600.9 | G9: 0.94739981 | H9: 16372.71 | I9: 0.025362131 | J9: 229.03 | K9: 0.00035477871 | L9: 17232.6 | M9: 0.026694143 | N9: 122.1 | O9: 0.00018913889 | P9: 13425.63 | Q9: 683365.14 | R9: 0.02079696 | S9: 28.340223
B10: Jar /Container/Tub | C10: 321946.26 | D10: 0 | E10: 0 | F10: 187806.45 | G10: 0.5833472 | H10: 122342.73 | I10: 0.38000979 | J10: 9557.1 | K10: 0.029685389 | L10: 216.3 | M10: 0.00067185126 | N10: 2023.68 | O10: 0.0062857696 | P10: 3449.34 | Q10: 204201.88 | R10: 0.010714024 | S10: 47.298231
B11: Preform | C11: 34724.7 | D11: 0 | E11: 0 | F11: 34724.7 | G11: 1 | H11: 0 | I11: 0 | J11: 0 | K11: 0 | L11: 0 | M11: 0 | N11: 0 | O11: 0 | P11: 0 | Q11: 57390.893 | R11: 0 | S11: 18.151678
B12: Recycled | C12: 39794.75 | D12: 0 | E12: 0 | F12: 39794.75 | G12: 1 | H12: 0 | I12: 0 | J12: 0 | K12: 0 | L12: 0 | M12: 0 | N12: 0 | O12: 0 | P12: 0 | Q12: 20967.773 | R12: 0 | S12: 56.937019
B13: Virgin grade | C13: 741415.45 | D13: 0 | E13: 0 | F13: 731033.02 | G13: 0.98599647 | H13: 0 | I13: 0 | J13: 10382.42 | K13: 0.014003512 | L13: 0.01 | M13: 1.3487715e-08 | N13: 0 | O13: 0 | P13: 1730.55 | Q13: 492597.21 | R13: 0.0023341165 | S13: 45.15345
A14: PP | B14: Bottle | C14: 366226.82 | D14: 153.9 | E14: 0.00042023137 | F14: 360833.12 | G14: 0.98527224 | H14: 0 | I14: 0 | J14: 5239.8 | K14: 0.014307527 | L14: 0 | M14: 0 | N14: 0 | O14: 0 | P14: 599.15 | Q14: 486580.35 | R14: 0.001636008 | S14: 22.579631
B15: Closure/Lid/ Handle | C15: 161880.85 | D15: 0 | E15: 0 | F15: 138986.84 | G15: 0.85857493 | H15: 482.52 | I15: 0.0029807108 | J15: 8643.11 | K15: 0.0533918 | L15: 5675.1 | M15: 0.035057266 | N15: 8093.28 | O15: 0.04999529 | P15: 13635.15 | Q15: 138883.49 | R15: 0.084229543 | S15: 34.967622
B16: Jar /Container/Tub | C16: 33477.68 | D16: 0 | E16: 0 | F16: 33477.68 | G16: 1 | H16: 0 | I16: 0 | J16: 0 | K16: 0 | L16: 0 | M16: 0 | N16: 0 | O16: 0 | P16: 0 | Q16: 37667.923 | R16: 0 | S16: 26.662749
B17: Virgin grade | C17: 435459.66 | D17: 0 | E17: 0 | F17: 434016.74 | G17: 0.99668644 | H17: 0 | I17: 0 | J17: 0 | K17: 0 | L17: 103.59 | M17: 0.00023788656 | N17: 1339.34 | O17: 0.0030756925 | P17: 1414.16 | Q17: 369047.03 | R17: 0.0032475109 | S17: 35.398712
A18: Secondary/ Component | B18: LABEL, IML, STICKER, SEALED ETC | C18: 271897.34 | D18: 0 | E18: 0 | F18: 239643.75 | G18: 0.88137585 | H18: 13312.65 | I18: 0.048962046 | J18: 7469.44 | K18: 0.027471545 | L18: 7350.88 | M18: 0.027035498 | N18: 4120.62 | O18: 0.015155058 | P18: 8594.59 | Q18: 162216.95 | R18: 0.031609688 | S18: 50.284019
A19: Supplies | B19: Logistic & Other Supplies | C19: 0 | D19: 0 | E19: 0 | F19: 0 | G19: 0 | H19: 0 | I19: 0 | J19: 0 | K19: 0 | L19: 0 | M19: 0 | N19: 0 | O19: 0 | P19: 0 | Q19: 0 | R19: 0 | S19: 0
A20: (blank) | B20: (blank) | C20: 4659513.8 | D20: 380782.21 | E20: 0.081721446 | F20: 3904764.1 | G20: 0.83801965 | H20: 220235.41 | I20: 0.047265749 | J20: 68938.75 | K20: 0.014795267 | L20: 53657.55 | M20: 0.011515697 | N20: 31135.79 | O20: 0.0066821971 | P20: 75753.04 | R20: 0.016257713 | S20: 0
A21: Grand Total | C21: 9319027.7 | D21: 761564.42 | E21: 0.081721446 | F21: 7809528.3 | G21: 0.83801965 | H21: 440470.82 | I21: 0.047265749 | J21: 137877.5 | K21: 0.014795267 | L21: 107315.1 | M21: 0.011515697 | N21: 62271.58 | O21: 0.0066821971 | P21: 151506.08 | Q21: 3217192.9 | R21: 0.016257713 | S21: 86.898994

Sheet  Comparisons w Prior mth
A1: Stock Movement for AUG 2024
A4: Additives
A5: PH summary | B5: Month | C5: Sum of Total Stock value | D5: Sum of Stk Val 01-03mo | E5: Sum of Stk Val 04-06mo | F5: Sum of Stk Val 07-12mo | G5: Sum of Stk Val 13-24mo | H5: Sum of Stk Val 1Abv24mo | I5: Sum of Total Provision | J5: Sum of Avg COS, MC.5 | K5: Sum of % Prov/Stock | L5: Sum of T/O Days
A7: Additives | B7: Aug'24 | C7: 174896.2 | D7: 116445.33 | E7: 27936.11 | F7: 9349.93 | G7: 9659.71 | H7: 11505.13 | I7: 18515.87 | J7: 39199.557 | K7: 0.10586777 | L7: 133.85065
A8: =A7 -> Additives | B8: Jul'24 | C8: 198110.7 | D8: 141065.31 | E8: 26844.25 | F8: 7389.75 | G8: 12191.15 | H8: 10620.24 | I8: 18598.39 | J8: 38505.423 | K8: 0.093878776 | L8: 154.35023
A9: Increase/Decrease | C9: =C7-C8 -> -23214.5 | D9: =D7-D8 -> -24619.98 | E9: =E7-E8 -> 1091.86 | F9: =F7-F8 -> 1960.18 | G9: =G7-G8 -> -2531.44 | H9: =H7-H8 -> 884.89 | I9: =I7-I8 -> -82.52 | J9: =J7-J8 -> 694.13333
A13: Mould
A14: PH summary | B14: Month | C14: Sum of Total Stock value | D14: Sum of Stk Val 01-03mo | E14: Sum of Stk Val 04-06mo | F14: Sum of Stk Val 07-12mo | G14: Sum of Stk Val 13-24mo | H14: Sum of Stk Val 1Abv24mo | I14: Sum of Total Provision | J14: Sum of Avg COS, MC.5 | K14: Sum of % Prov/Stock | L14: Sum of T/O Days
A16: Mould | B16: Aug'24 | C16: 380628.31 | D16: 0 | E16: 0 | F16: 0 | G16: 0 | H16: 0 | I16: 0 | J16: 99515.603 | K16: 0 | L16: 114.74431
A17: =A16 -> Mould | B17: Jul'24 | C17: 348760 | D17: 0 | E17: 0 | F17: 0 | G17: 0 | H17: 0 | I17: 0 | J17: 99515.603 | K17: 0 | L17: 105.13728
A18: Increase/Decrease | C18: =C16-C17 -> 31868.31 | D18: =D16-D17 -> 0 | E18: =E16-E17 -> 0 | F18: =F16-F17 -> 0 | G18: =G16-G17 -> 0 | H18: =H16-H17 -> 0 | I18: =I16-I17 -> 0 | J18: =J16-J17 -> 0
A22: PE
A23: PH summary | B23: Month | C23: Sum of Total Stock value | D23: Sum of Stk Val 01-03mo | E23: Sum of Stk Val 04-06mo | F23: Sum of Stk Val 07-12mo | G23: Sum of Stk Val 13-24mo | H23: Sum of Stk Val 1Abv24mo | I23: Sum of Total Provision | J23: Sum of Avg COS, MC.5 | K23: Sum of % Prov/Stock | L23: Sum of T/O Days
A25: Bottle | B25: Aug'24 | C25: 150156.36 | D25: 148033.72 | E25: 671.12 | F25: 1451.52 | G25: 0 | H25: 0 | I25: 161.29 | J25: 122912.15 | K25: 0.001074147 | L25: 36.64968
A26: =A25 -> Bottle | B26: Jul'24 | C26: 87501.44 | D26: 85124.98 | E26: 441.1 | F26: 1935.36 | G26: 0 | H26: 0 | I26: 107.53 | J26: 116793.03 | K26: 0.0012288941 | L26: 22.476026
A27: Increase/Decrease | C27: =C25-C26 -> 62654.92 | D27: =D25-D26 -> 62908.74 | E27: =E25-E26 -> 230.02 | F27: =F25-F26 -> -483.84 | G27: =G25-G26 -> 0 | H27: =H25-H26 -> 0 | I27: =I25-I26 -> 53.76 | J27: =J25-J26 -> 6119.1133
A29: Closure/Lid/ Handle | B29: Aug'24 | C29: 287882.15 | D29: 274522.32 | E29: 7380.93 | F29: 4758.7 | G29: 796.2 | H29: 424 | I29: 2069.3 | J29: 139223.02 | K29: 0.0071880108 | L29: 62.03331
A30: =A29 -> Closure/Lid/ Handle | B30: Jul'24 | C30: 199796.53 | D30: 188659.28 | E30: 6568.97 | F30: 3058.05 | G30: 1033.23 | H30: 477 | I30: 2011.21 | J30: 151537.09 | K30: 0.010066291 | L30: 39.553985
A31: Increase/Decrease | C31: =C29-C30 -> 88085.62 | D31: =D29-D30 -> 85863.04 | E31: =E29-E30 -> 811.96 | F31: =F29-F30 -> 1700.65 | G31: =G29-G30 -> -237.03 | H31: =H29-H30 -> -53 | I31: =I29-I30 -> 58.09 | J31: =J29-J30 -> -12314.077
A33: Jerrycan | B33: Aug'24 | C33: 58181.76 | D33: 58181.76 | E33: 0 | F33: 0 | G33: 0 | H33: 0 | I33: 0 | J33: 7344 | K33: 0 | L33: 237.67059
A34: =A33 -> Jerrycan | B34: Jul'24 | C34: 15020.64 | D34: 15020.64 | E34: 0 | F34: 0 | G34: 0 | H34: 0 | I34: 0 | J34: 4723.2 | K34: 0 | L34: 95.405488
A35: Increase/Decrease | C35: =C33-C34 -> 43161.12 | D35: =D33-D34 -> 43161.12 | E35: =E33-E34 -> 0 | F35: =F33-F34 -> 0 | G35: =G33-G34 -> 0 | H35: =H33-H34 -> 0 | I35: =I33-I34 -> 0 | J35: =J33-J34 -> 2620.8
A37: Virgin grade | B37: Aug'24 | C37: 555388.21 | D37: 495663.07 | E37: 31736.64 | F37: 11857.7 | G37: 12623.16 | H37: 3507.64 | I37: 12158.01 | J37: 156079.96 | K37: 0.021891012 | L37: 106.75071
A38: =A37 -> Virgin grade | B38: Jul'24 | C38: 553555.01 | D38: 467691.23 | E38: 56898.8 | F38: 11330.5 | G38: 14126.84 | H38: 3507.64 | I38: 11519.95 | J38: 139695.05 | K38: 0.020810849 | L38: 118.87788
A39: Increase/Decrease | C39: =C37-C38 -> 1833.2 | D39: =D37-D38 -> 27971.84 | E39: =E37-E38 -> -25162.16 | F39: =F37-F38 -> 527.2 | G39: =G37-G38 -> -1503.68 | H39: =H37-H38 -> 0 | I39: =I37-I38 -> 638.06 | J39: =J37-J38 -> 16384.913
A43: PET
A44: PH summary | B44: Month | C44: Sum of Total Stock value | D44: Sum of Stk Val 01-03mo | E44: Sum of Stk Val 04-06mo | F44: Sum of Stk Val 07-12mo | G44: Sum of Stk Val 13-24mo | H44: Sum of Stk Val 1Abv24mo | I44: Sum of Total Provision | J44: Sum of Avg COS, MC.5 | K44: Sum of % Prov/Stock | L44: Sum of T/O Days
A46: Bottle | B46: Aug'24 | C46: 366226.82 | D46: 360833.12 | E46: 0 | F46: 5239.8 | G46: 0 | H46: 0 | I46: 599.15 | J46: 486580.35 | K46: 0.001636008 | L46: 22.579631
A47: =A46 -> Bottle | B47: Jul'24 | C47: 365184.62 | D47: 348702.92 | E47: 4131 | F47: 1108.8 | G47: 0 | H47: 0 | I47: 308.02 | J47: 445025.06 | K47: 0.00084346378 | L47: 24.617802
A48: Increase/Decrease | C48: =C46-C47 -> 1042.2 | D48: =D46-D47 -> 12130.2 | E48: =E46-E47 -> -4131 | F48: =F46-F47 -> 4131 | G48: =G46-G47 -> 0 | H48: =H46-H47 -> 0 | I48: =I46-I47 -> 291.13 | J48: =J46-J47 -> 41555.293
A50: Closure/Lid/ Handle | B50: Aug'24 | C50: 161880.85 | D50: 138986.84 | E50: 482.52 | F50: 8643.11 | G50: 5675.1 | H50: 8093.28 | I50: 13635.15 | J50: 138883.49 | K50: 0.084229543 | L50: 34.967622
A51: =A50 -> Closure/Lid/ Handle | B51: Jul'24 | C51: 184403.23 | D51: 159894.98 | E51: 0 | F51: 10739.87 | G51: 8308.38 | H51: 5460 | I51: 13072.62 | J51: 137963.63 | K51: 0.070891491 | L51: 40.098226
A52: Increase/Decrease | C52: =C50-C51 -> -22522.38 | D52: =D50-D51 -> -20908.14 | E52: =E50-E51 -> 482.52 | F52: =F50-F51 -> -2096.76 | G52: =G50-G51 -> -2633.28 | H52: =H50-H51 -> 2633.28 | I52: =I50-I51 -> 562.53 | J52: =J50-J51 -> 919.86
A54: Jar /Container/Tub | B54: Aug'24 | C54: 33477.68 | D54: 33477.68 | E54: 0 | F54: 0 | G54: 0 | H54: 0 | I54: 0 | J54: 37667.923 | K54: 0 | L54: 26.662749
A55: =A54 -> Jar /Container/Tub | B55: Jul'24 | C55: 30733.09 | D55: 30733.09 | E55: 0 | F55: 0 | G55: 0 | H55: 0 | I55: 0 | J55: 47157.76 | K55: 0 | L55: 19.55124
A56: Increase/Decrease | C56: =C54-C55 -> 2744.59 | D56: =D54-D55 -> 2744.59 | E56: =E54-E55 -> 0 | F56: =F54-F55 -> 0 | G56: =G54-G55 -> 0 | H56: =H54-H55 -> 0 | I56: =I54-I55 -> 0 | J56: =J54-J55 -> -9489.8367
A58: Virgin grade | B58: Aug'24 | C58: 435459.66 | D58: 434016.74 | E58: 0 | F58: 0 | G58: 103.59 | H58: 1339.34 | I58: 1414.16 | J58: 369047.03 | K58: 0.0032475109 | L58: 35.398712
A59: =A58 -> Virgin grade | B59: Jul'24 | C59: 425606.81 | D59: 422176.14 | E59: 1987.34 | F59: 0 | G59: 103.99 | H59: 1339.33 | I59: 1408.66 | J59: 373444.8 | K59: 0.0033097685 | L59: 34.190339
A60: Increase/Decrease | C60: =C58-C59 -> 9852.85 | D60: =D58-D59 -> 11840.6 | E60: =E58-E59 -> -1987.34 | F60: =F58-F59 -> 0 | G60: =G58-G59 -> -0.4 | H60: =H58-H59 -> 0.01 | I60: =I58-I59 -> 5.5 | J60: =J58-J59 -> -4397.7667
A64: Secondary/ Component
A65: PH summary | B65: Month | C65: Sum of Total Stock value | D65: Sum of Stk Val 01-03mo | E65: Sum of Stk Val 04-06mo | F65: Sum of Stk Val 07-12mo | G65: Sum of Stk Val 13-24mo | H65: Sum of Stk Val 1Abv24mo | I65: Sum of Total Provision | J65: Sum of Avg COS, MC.5 | K65: Sum of % Prov/Stock | L65: Sum of T/O Days
A67: LABEL, IML, STICKER, SEALED ETC | B67: Aug'24 | C67: 271897.34 | D67: 239643.75 | E67: 13312.65 | F67: 7469.44 | G67: 7350.88 | H67: 4120.62 | I67: 8594.59 | J67: 162216.95 | K67: 0.031609688 | L67: 50.284019
A68: =A67 -> LABEL, IML, STICKER, SEALED ETC | B68: Jul'24 | C68: 233438.85 | D68: 207493.26 | E68: 13209.08 | F68: 1116.75 | G68: 7499.14 | H68: 4120.62 | I68: 7856.29 | J68: 175979.32 | K68: 0.033654595 | L68: 39.795389
A69: Increase/Decrease | C69: =C67-C68 -> 38458.49 | D69: =D67-D68 -> 32150.49 | E69: =E67-E68 -> 103.57 | F69: =F67-F68 -> 6352.69 | G69: =G67-G68 -> -148.26 | H69: =H67-H68 -> 0 | I69: =I67-I68 -> 738.3 | J69: =J67-J68 -> -13762.37
A73: Supplies
A74: PH summary | B74: Month | C74: Sum of Total Stock value | D74: Sum of Stk Val 01-03mo | E74: Sum of Stk Val 04-06mo | F74: Sum of Stk Val 07-12mo | G74: Sum of Stk Val 13-24mo | H74: Sum of Stk Val 1Abv24mo | I74: Sum of Total Provision | J74: Sum of Avg COS, MC.5 | K74: Sum of % Prov/Stock | L74: Sum of T/O Days
A76: Logistic & Other Supplies | B76: Aug'24 | C76: 0 | D76: 0 | E76: 0 | F76: 0 | G76: 0 | H76: 0 | I76: 0 | J76: 0 | K76: 0 | L76: 0
A77: =A76 -> Logistic & Other Supplies | B77: Jul'24 | C77: 0 | D77: 0 | E77: 0 | F77: 0 | G77: 0 | H77: 0 | I77: 0 | J77: 0 | K77: 0 | L77: 0
A78: Increase/Decrease | C78: =C76-C77 -> 0 | D78: =D76-D77 -> 0 | E78: =E76-E77 -> 0 | F78: =F76-F77 -> 0 | G78: =G76-G77 -> 0 | H78: =H76-H77 -> 0 | I78: =I76-I77 -> 0 | J78: =J76-J77 -> 0

Sheet summary
C2: Values
A3: PH LV1 | B3: PH LV2 | C3: Sum of Tot Stock value | D3: Sum of Total Provision | E3: Sum of Total weight (kg) in KIR report
A4: Additives | B4: Additives | C4: 206251.87 | D4: 15518.06 | E4: 5230.36
A5: Mould | B5: Mould | C5: 1201517.2 | D5: 0 | E5: 0
A6: PE | B6: Bottle | C6: 109804.8 | D6: 1767.3 | E6: 10477.452
B7: Closure/Lid/ Handle | C7: 173440.27 | D7: 8532.82 | E7: 9500.7508
B8: Jerrycan | C8: 63397.89 | D8: 543.42 | E8: 14565.96
B9: Virgin grade | C9: 1230752.2 | D9: 30684.37 | E9: 165389.14
B10: Internal Regrind | C10: 0 | D10: 0 | E10: 10715
A11: PET | B11: Bottle | C11: 495273.77 | D11: 7734.02 | E11: 59084.199
B12: Jar /Container/Tub | C12: 220149.72 | D12: 6671.25 | E12: 25018.292
B13: Preform | C13: 84309.07 | D13: 766.21 | E13: 11862.048
B14: Recycled | C14: 189098.44 | D14: 0 | E14: 33051.599
B15: Virgin grade | C15: 789122.67 | D15: 25781.12 | E15: 164438.48
A16: PP | B16: Bottle | C16: 228950.99 | D16: 0 | E16: 19632.518
B17: Closure/Lid/ Handle | C17: 135062.22 | D17: 2077.32 | E17: 7562.3043
B18: Jar /Container/Tub | C18: 61137.74 | D18: 203.42 | E18: 6552.4
B19: Virgin grade | C19: 1137022.4 | D19: 3140.72 | E19: 147355.65
B20: Internal Regrind | C20: 0 | D20: 0 | E20: 1829
A21: Supplies | B21: Logistic & Other Supplies | C21: 0 | D21: 0 | E21: 0
A22: Secondary/ Component | B22: LABEL, IML, STICKER, SEALED ETC | C22: 275278.59 | D22: 22800.67 | E22: 0
A23: Nylon | B23: Virgin grade | C23: 1574.52 | D23: 0 | E23: 108.587
B24: Component | E24: 0
A25: Grand Total | C25: 6602144.3 | D25: 126220.7 | E25: 692373.75

Sheet details
A1: Data Source Name | B1: Stock Turn Over Days
A2: Cal Yr/Mon for Cost of Sls | C2: As at 31 MAY 2026
A3: JJPM SG BULOH | AE3: vlookup fr AO sale | AF3: vlookup fr MC.5 | AG3: COS - either column "AE" or "AF"
A5: Material Group | B5: MG1 | C5: Material | D5: Material Description | E5: Net weight | F5: PH Level1 | G5: PH Level2 | H5: PH Level3 | I5: ProdHier | J5: ProdHierachy | K5: Age Bucket 01 - 03 m | L5: Stk Val 01-03mo | M5: Age Bucket 04 - 06 m | N5: Stk Val 04-06mo | O5: Age Bucket 07 - 12 m | P5: Stk Val 07-12mo | Q5: Age Bucket 13 - 24 m | R5: Stk Val 13-24mo | S5: Age Bucket Abv 24 m | T5: Stk Val 1Abv24mo | U5: Stocks w/o Age Quantity | V5: Amount W/O age | W5: Batch Quantity | X5: Tot Stock value | Y5: Total Provision | Z5: Cost in LC | AA5: Avg Cost of sales | AB5: Stock Turn Over days | AC5: Total weight (kg) in KIR report | AD5: Extract fr Col C | AE5: COS fr AO Sales | AF5: COS fr MC.5 | AG5: Avg COS, MC.5 | AH5: PH LV1 | AI5: PH LV2
A6: Material Group | C6: Material | E6: Net weight | F6: PH Level1 | G6: PH Level2 | H6: PH Level3 | I6: ProdHier | L6: MYR | N6: MYR | P6: MYR | R6: MYR | T6: MYR | V6: MYR | X6: MYR | Y6: MYR | Z6: MYR | AA6: MYR | AD6: Net W | AF6: COS fr MC.5
A7: FG | B7: FG | C7: 322382 | D7: BC28-0060-M-R-CL-LW | E7: 11.300 G | F7: 60104 | G7: 601041000B | H7: 601041000B90000000 | I7: 601041000B90000000 | J7: Others | Z7: 1242 | AA7: 414 | AC7: =(AD7*W7)/1000 -> 0 | AD7: =LEFT(details!E7,5) -> 11.30 | AE7: =AA7 -> 414 | AF7: =VLOOKUP(C7,MC.5!B:P,15,FALSE)/3 -> 414 | AG7: =AE7 -> 414 | AH7: =VLOOKUP(F7,REF!B:C,2,FALSE) -> PET | AI7: =VLOOKUP(G7,REF!E:F,2,FALSE) -> Bottle
A8: FG | B8: FG | C8: 322383 | D8: BB38-0060-R-R-CL | E8: 12.500 G | F8: 60104 | G8: 601041000B | H8: 601041000B90000000 | I8: 601041000B90000000 | J8: Others | K8: 39600 | L8: 5940 | M8: 0 | N8: 0 | O8: 0 | P8: 0 | Q8: 0 | R8: 0 | S8: 0 | T8: 0 | U8: 0 | V8: 0 | W8: 39600 | X8: 5940 | Y8: 0 | Z8: 9570 | AA8: 3190 | AB8: 55.862069 | AC8: =(AD8*W8)/1000 -> 495 | AD8: =LEFT(details!E8,5) -> 12.50 | AE8: =AA8 -> 3190 | AF8: =VLOOKUP(C8,MC.5!B:P,15,FALSE)/3 -> 3190 | AG8: =AE8 -> 3190 | AH8: =VLOOKUP(F8,REF!B:C,2,FALSE) -> PET | AI8: =VLOOKUP(G8,REF!E:F,2,FALSE) -> Bottle
A9: FG | B9: FG | C9: 322389 | D9: BB38-0090-R-R-CL | E9: 12.500 G | F9: 60104 | G9: 601041000B | H9: 601041000B90000000 | I9: 601041000B90000000 | J9: Others | K9: 56160 | L9: 8424 | M9: 3900 | N9: 585 | O9: 0 | P9: 0 | Q9: 0 | R9: 0 | S9: 0 | T9: 0 | U9: 0 | V9: 0 | W9: 60060 | X9: 9009 | Y9: 0 | Z9: 7675.2 | AA9: 2558.4 | AB9: 105.64024 | AC9: =(AD9*W9)/1000 -> 750.75 | AD9: =LEFT(details!E9,5) -> 12.50 | AE9: =AA9 -> 2558.4 | AF9: =VLOOKUP(C9,MC.5!B:P,15,FALSE)/3 -> 2558.4 | AG9: =AE9 -> 2558.4 | AH9: =VLOOKUP(F9,REF!B:C,2,FALSE) -> PET | AI9: =VLOOKUP(G9,REF!E:F,2,FALSE) -> Bottle
A10: FG | B10: FG | C10: 322391 | D10: BX38-0100-BM-R-AM | E10: 20.000 G | F10: 60104 | G10: 601041000B | H10: 601041000B90000000 | I10: 601041000B90000000 | J10: Others | Z10: 1300 | AA10: 433.33333 | AC10: =(AD10*W10)/1000 -> 0 | AD10: =LEFT(details!E10,5) -> 20.00 | AE10: =AA10 -> 433.33333 | AF10: =VLOOKUP(C10,MC.5!B:P,15,FALSE)/3 -> 433.33333 | AG10: =AE10 -> 433.33333 | AH10: =VLOOKUP(F10,REF!B:C,2,FALSE) -> PET | AI10: =VLOOKUP(G10,REF!E:F,2,FALSE) -> Bottle
A11: FG | B11: FG | C11: 322394 | D11: BX38-0100-C-R-AM | E11: 20.000 G | F11: 60104 | G11: 601041000B | H11: 601041000B90000000 | I11: 601041000B90000000 | J11: Others | K11: 0 | L11: 0 | M11: 1440 | N11: 302.4 | O11: 0 | P11: 0 | Q11: 0 | R11: 0 | S11: 0 | T11: 0 | U11: 0 | V11: 0 | W11: 1440 | X11: 302.4 | Y11: 0 | AB11: 0 | AC11: =(AD11*W11)/1000 -> 28.8 | AD11: =LEFT(details!E11,5) -> 20.00 | AE11: =AA11 -> 0 | AF11: =VLOOKUP(C11,MC.5!B:P,15,FALSE)/3 -> 0 | AG11: =AF11 -> 0 | AH11: =VLOOKUP(F11,REF!B:C,2,FALSE) -> PET | AI11: =VLOOKUP(G11,REF!E:F,2,FALSE) -> Bottle
A12: FG | B12: FG | C12: 322405 | D12: BX38-0150-C-R-CL | E12: 20.000 G | F12: 60104 | G12: 601041000B | H12: 601041000B90000000 | I12: 601041000B90000000 | J12: Others | Z12: 883.2 | AA12: 294.4 | AC12: =(AD12*W12)/1000 -> 0 | AD12: =LEFT(details!E12,5) -> 20.00 | AE12: =AA12 -> 294.4 | AF12: =VLOOKUP(C12,MC.5!B:P,15,FALSE)/3 -> 294.4 | AG12: =AE12 -> 294.4 | AH12: =VLOOKUP(F12,REF!B:C,2,FALSE) -> PET | AI12: =VLOOKUP(G12,REF!E:F,2,FALSE) -> Bottle
A13: FG | B13: FG | C13: 322409 | D13: JJ63-0190-E-Q-CL-LW | E13: 24.000 G | F13: 60104 | G13: 601041000J | H13: 601041000J90000000 | I13: 601041000J90000000 | J13: Others | K13: 47814 | L13: 10040.94 | M13: 0 | N13: 0 | O13: 0 | P13: 0 | Q13: 0 | R13: 0 | S13: 0 | T13: 0 | U13: 0 | V13: 0 | W13: 47814 | X13: 10040.94 | Y13: 0 | Z13: 3303.71 | AA13: 1101.2367 | AB13: 273.5363 | AC13: =(AD13*W13)/1000 -> 1147.536 | AD13: =LEFT(details!E13,5) -> 24.00 | AE13: =AA13 -> 1101.2367 | AF13: =VLOOKUP(C13,MC.5!B:P,15,FALSE)/3 -> 3275.98 | AG13: =AE13 -> 1101.2367 | AH13: =VLOOKUP(F13,REF!B:C,2,FALSE) -> PET | AI13: =VLOOKUP(G13,REF!E:F,2,FALSE) -> Jar /Container/Tub
A14: FG | B14: FG | C14: 322411 | D14: JJ63-0200-S-Q-CL | E14: 24.000 G | F14: 60104 | G14: 601041000J | H14: 601041000J90000000 | I14: 601041000J90000000 | J14: Others | K14: 0 | L14: 0 | M14: 0 | N14: 0 | O14: 9720 | P14: 2041.2 | Q14: 0 | R14: 0 | S14: 0 | T14: 0 | U14: 0 | V14: 0 | W14: 9720 | X14: 2041.2 | Y14: 453.64 | Z14: 1090.8 | AA14: 363.6 | AB14: 168.41584 | AC14: =(AD14*W14)/1000 -> 233.28 | AD14: =LEFT(details!E14,5) -> 24.00 | AE14: =AA14 -> 363.6 | AF14: =VLOOKUP(C14,MC.5!B:P,15,FALSE)/3 -> 363.6 | AG14: =AE14 -> 363.6 | AH14: =VLOOKUP(F14,REF!B:C,2,FALSE) -> PET | AI14: =VLOOKUP(G14,REF!E:F,2,FALSE) -> Jar /Container/Tub
A15: FG | B15: FG | C15: 322412 | D15: JJ63-0200-R-R-CL | E15: 24.000 G | F15: 60104 | G15: 601041000J | H15: 601041000J90000000 | I15: 601041000J90000000 | J15: Others | K15: 3045 | L15: 639.45 | M15: 412 | N15: 86.52 | O15: 0 | P15: 0 | Q15: 0 | R15: 0 | S15: 0 | T15: 0 | U15: 0 | V15: 0 | W15: 3457 | X15: 725.97 | Y15: 0 | Z15: 12799.15 | AA15: 4266.3833 | AB15: 5.1048156 | AC15: =(AD15*W15)/1000 -> 82.968 | AD15: =LEFT(details!E15,5) -> 24.00 | AE15: =AA15 -> 4266.3833 | AF15: =VLOOKUP(C15,MC.5!B:P,15,FALSE)/3 -> 4266.3833 | AG15: =AE15 -> 4266.3833 | AH15: =VLOOKUP(F15,REF!B:C,2,FALSE) -> PET | AI15: =VLOOKUP(G15,REF!E:F,2,FALSE) -> Jar /Container/Tub
A16: FG | B16: FG | C16: 322419 | D16: JJ63-0240-R-R-CL | E16: 24.800 G | F16: 60104 | G16: 601041000J | H16: 601041000J90000000 | I16: 601041000J90000000 | J16: Others | K16: 10800 | L16: 2268 | M16: 0 | N16: 0 | O16: 0 | P16: 0 | Q16: 0 | R16: 0 | S16: 0 | T16: 0 | U16: 0 | V16: 0 | W16: 10800 | X16: 2268 | Y16: 0 | Z16: 2196 | AA16: 732 | AB16: 92.95082 | AC16: =(AD16*W16)/1000 -> 267.84 | AD16: =LEFT(details!E16,5) -> 24.80 | AE16: =AA16 -> 732 | AF16: =VLOOKUP(C16,MC.5!B:P,15,FALSE)/3 -> 732 | AG16: =AE16 -> 732 | AH16: =VLOOKUP(F16,REF!B:C,2,FALSE) -> PET | AI16: =VLOOKUP(G16,REF!E:F,2,FALSE) -> Jar /Container/Tub
A17: FG | B17: FG | C17: 322420 | D17: JJ63-0240-RS-R-CL | E17: 24.800 G | F17: 60104 | G17: 601041000J | H17: 601041000J90000000 | I17: 601041000J90000000 | J17: Others | Z17: 3931.21 | AA17: 1310.4033 | AC17: =(AD17*W17)/1000 -> 0 | AD17: =LEFT(details!E17,5) -> 24.80 | AE17: =AA17 -> 1310.4033 | AF17: =VLOOKUP(C17,MC.5!B:P,15,FALSE)/3 -> 1310.4 | AG17: =AE17 -> 1310.4033 | AH17: =VLOOKUP(F17,REF!B:C,2,FALSE) -> PET | AI17: =VLOOKUP(G17,REF!E:F,2,FALSE) -> Jar /Container/Tub
A18: FG | B18: FG | C18: 322422 | D18: JJ63-0250-S-Q-CL-HW | E18: 34.000 G | F18: 60104 | G18: 601041000J | H18: 601041000J90000000 | I18: 601041000J90000000 | J18: Others | K18: 9000 | L18: 2430 | M18: 0 | N18: 0 | O18: 0 | P18: 0 | Q18: 0 | R18: 0 | S18: 0 | T18: 0 | U18: 0 | V18: 0 | W18: 9000 | X18: 2430 | Y18: 0 | Z18: 2430 | AA18: 810 | AB18: 90 | AC18: =(AD18*W18)/1000 -> 306 | AD18: =LEFT(details!E18,5) -> 34.00 | AE18: =AA18 -> 810 | AF18: =VLOOKUP(C18,MC.5!B:P,15,FALSE)/3 -> 810 | AG18: =AE18 -> 810 | AH18: =VLOOKUP(F18,REF!B:C,2,FALSE) -> PET | AI18: =VLOOKUP(G18,REF!E:F,2,FALSE) -> Jar /Container/Tub
A19: FG | B19: FG | C19: 322424 | D19: JJ63-0270-E-Q-CL | E19: 34.500 G | F19: 60104 | G19: 601041000J | H19: 601041000J90000000 | I19: 601041000J90000000 | J19: Others | Z19: 2520 | AA19: 840 | AC19: =(AD19*W19)/1000 -> 0 | AD19: =LEFT(details!E19,5) -> 34.50 | AE19: =AA19 -> 840 | AF19: =VLOOKUP(C19,MC.5!B:P,15,FALSE)/3 -> 840 | AG19: =AE19 -> 840 | AH19: =VLOOKUP(F19,REF!B:C,2,FALSE) -> PET | AI19: =VLOOKUP(G19,REF!E:F,2,FALSE) -> Jar /Container/Tub
A20: FG | B20: FG | C20: 322428 | D20: BC28-0300-PC-R-CL | E20: 23.000 G | F20: 60104 | G20: 601041000B | H20: 601041000B90000000 | I20: 601041000B90000000 | J20: Others | K20: 7560 | L20: 1512 | M20: 0 | N20: 0 | O20: 0 | P20: 0 | Q20: 0 | R20: 0 | S20: 0 | T20: 0 | U20: 0 | V20: 0 | W20: 7560 | X20: 1512 | Y20: 0 | Z20: 5846.4 | AA20: 1948.8 | AB20: 23.275862 | AC20: =(AD20*W20)/1000 -> 173.88 | AD20: =LEFT(details!E20,5) -> 23.00 | AE20: =AA20 -> 1948.8 | AF20: =VLOOKUP(C20,MC.5!B:P,15,FALSE)/3 -> 1948.8 | AG20: =AE20 -> 1948.8 | AH20: =VLOOKUP(F20,REF!B:C,2,FALSE) -> PET | AI20: =VLOOKUP(G20,REF!E:F,2,FALSE) -> Bottle
A21: FG | B21: FG | C21: 322429 | D21: JJ63-0300-R-R-CL | E21: 24.000 G | F21: 60104 | G21: 601041000J | H21: 601041000J90000000 | I21: 601041000J90000000 | J21: Others | K21: 10150 | L21: 2030 | M21: 0 | N21: 0 | O21: 0 | P21: 0 | Q21: 0 | R21: 0 | S21: 0 | T21: 0 | U21: 0 | V21: 0 | W21: 10150 | X21: 2030 | Y21: 0 | Z21: 5653.55 | AA21: 1884.5167 | AB21: 32.315978 | AC21: =(AD21*W21)/1000 -> 243.6 | AD21: =LEFT(details!E21,5) -> 24.00 | AE21: =AA21 -> 1884.5167 | AF21: =VLOOKUP(C21,MC.5!B:P,15,FALSE)/3 -> 1884.5167 | AG21: =AE21 -> 1884.5167 | AH21: =VLOOKUP(F21,REF!B:C,2,FALSE) -> PET | AI21: =VLOOKUP(G21,REF!E:F,2,FALSE) -> Jar /Container/Tub
A22: FG | B22: FG | C22: 322435 | D22: JJ63-0350-NH-R-CL | E22: 34.500 G | F22: 60104 | G22: 601041000J | H22: 601041000J90000000 | I22: 601041000J90000000 | J22: Others | K22: 0 | L22: 0 | M22: 2940 | N22: 793.8 | O22: 0 | P22: 0 | Q22: 0 | R22: 0 | S22: 0 | T22: 0 | U22: 0 | V22: 0 | W22: 2940 | X22: 793.8 | Y22: 0 | Z22: 6312.6 | AA22: 2104.2 | AB22: 11.317365 | AC22: =(AD22*W22)/1000 -> 101.43 | AD22: =LEFT(details!E22,5) -> 34.50 | AE22: =AA22 -> 2104.2 | AF22: =VLOOKUP(C22,MC.5!B:P,15,FALSE)/3 -> 2104.2 | AG22: =AE22 -> 2104.2 | AH22: =VLOOKUP(F22,REF!B:C,2,FALSE) -> PET | AI22: =VLOOKUP(G22,REF!E:F,2,FALSE) -> Jar /Container/Tub
A23: FG | B23: FG | C23: 322436 | D23: JJ63-0350-R-R-CL | E23: 32.820 G | F23: 60104 | G23: 601041000J | H23: 601041000J90000000 | I23: 601041000J90000000 | J23: Others | K23: 0 | L23: 0 | M23: 0 | N23: 0 | O23: 19285 | P23: 4821.25 | Q23: 0 | R23: 0 | S23: 0 | T23: 0 | U23: 0 | V23: 0 | W23: 19285 | X23: 4821.25 | Y23: 803.61 | Z23: 223.3 | AA23: 74.433333 | AB23: 1943.1818 | AC23: =(AD23*W23)/1000 -> 632.9337 | AD23: =LEFT(details!E23,5) -> 32.82 | AE23: =AA23 -> 74.433333 | AF23: =VLOOKUP(C23,MC.5!B:P,15,FALSE)/3 -> 74.433333 | AG23: =AE23 -> 74.433333 | AH23: =VLOOKUP(F23,REF!B:C,2,FALSE) -> PET | AI23: =VLOOKUP(G23,REF!E:F,2,FALSE) -> Jar /Container/Tub
A24: FG | B24: FG | C24: 322438 | D24: BC28-0355-A-Q-CL | E24: 23.000 G | F24: 60104 | G24: 601041000B | H24: 601041000B90000000 | I24: 601041000B90000000 | J24: Others | K24: 35532 | L24: 7817.04 | M24: 0 | N24: 0 | O24: 0 | P24: 0 | Q24: 0 | R24: 0 | S24: 0 | T24: 0 | U24: 0 | V24: 0 | W24: 35532 | X24: 7817.04 | Y24: 0 | Z24: 10862.65 | AA24: 3620.8833 | AB24: 64.766296 | AC24: =(AD24*W24)/1000 -> 817.236 | AD24: =LEFT(details!E24,5) -> 23.00 | AE24: =AA24 -> 3620.8833 | AF24: =VLOOKUP(C24,MC.5!B:P,15,FALSE)/3 -> 3620.88 | AG24: =AE24 -> 3620.8833 | AH24: =VLOOKUP(F24,REF!B:C,2,FALSE) -> PET | AI24: =VLOOKUP(G24,REF!E:F,2,FALSE) -> Bottle
A25: FG | B25: FG | C25: 322442 | D25: JJ63-0400-EH-R-CL | E25: 34.500 G | F25: 60104 | G25: 601041000J | H25: 601041000J90000000 | I25: 601041000J90000000 | J25: Others | K25: 0 | L25: 0 | M25: 0 | N25: 0 | O25: 0 | P25: 0 | Q25: 6180 | R25: 1545 | S25: 660 | T25: 165 | U25: 0 | V25: 0 | W25: 6840 | X25: 1710 | Y25: 1195.08 | Z25: 2066.4 | AA25: 688.8 | AB25: 74.477352 | AC25: =(AD25*W25)/1000 -> 235.98 | AD25: =LEFT(details!E25,5) -> 34.50 | AE25: =AA25 -> 688.8 | AF25: =VLOOKUP(C25,MC.5!B:P,15,FALSE)/3 -> 688.8 | AG25: =AE25 -> 688.8 | AH25: =VLOOKUP(F25,REF!B:C,2,FALSE) -> PET | AI25: =VLOOKUP(G25,REF!E:F,2,FALSE) -> Jar /Container/Tub
A26: FG | B26: FG | C26: 322444 | D26: JJ63-0400-RH-R-CL | E26: 34.500 G | F26: 60104 | G26: 601041000J | H26: 601041000J90000000 | I26: 601041000J90000000 | J26: Others | K26: 7476 | L26: 1943.76 | M26: 0 | N26: 0 | O26: 0 | P26: 0 | Q26: 0 | R26: 0 | S26: 0 | T26: 0 | U26: 0 | V26: 0 | W26: 7476 | X26: 1943.76 | Y26: 0 | Z26: 7636.44 | AA26: 2545.48 | AB26: 22.908371 | AC26: =(AD26*W26)/1000 -> 257.922 | AD26: =LEFT(details!E26,5) -> 34.50 | AE26: =AA26 -> 2545.48 | AF26: =VLOOKUP(C26,MC.5!B:P,15,FALSE)/3 -> 2545.48 | AG26: =AE26 -> 2545.48 | AH26: =VLOOKUP(F26,REF!B:C,2,FALSE) -> PET | AI26: =VLOOKUP(G26,REF!E:F,2,FALSE) -> Jar /Container/Tub
A27: FG | B27: FG | C27: 322445 | D27: JJ63-0400-SH-S-CL | E27: 33.000 G | F27: 60104 | G27: 601041000J | H27: 601041000J90000000 | I27: 601041000J90000000 | J27: Others | K27: 83700 | L27: 22599 | M27: 0 | N27: 0 | O27: 0 | P27: 0 | Q27: 0 | R27: 0 | S27: 0 | T27: 0 | U27: 0 | V27: 0 | W27: 83700 | X27: 22599 | Y27: 0 | Z27: 25137 | AA27: 8379 | AB27: 80.912997 | AC27: =(AD27*W27)/1000 -> 2762.1 | AD27: =LEFT(details!E27,5) -> 33.00 | AE27: =AA27 -> 8379 | AF27: =VLOOKUP(C27,MC.5!B:P,15,FALSE)/3 -> 8379 | AG27: =AE27 -> 8379 | AH27: =VLOOKUP(F27,REF!B:C,2,FALSE) -> PET | AI27: =VLOOKUP(G27,REF!E:F,2,FALSE) -> Jar /Container/Tub
A28: FG | B28: FG | C28: 322448 | D28: BCY28-0500-W-R-CL | E28: 40.600 G | F28: 60104 | G28: 601041000B | H28: 601041000B90000000 | I28: 601041000B90000000 | J28: Others | K28: 25110 | L28: 8537.4 | M28: 0 | N28: 0 | O28: 0 | P28: 0 | Q28: 0 | R28: 0 | S28: 0 | T28: 0 | U28: 0 | V28: 0 | W28: 25110 | X28: 8537.4 | Y28: 0 | Z28: 88063.2 | AA28: 29354.4 | AB28: 8.7251656 | AC28: =(AD28*W28)/1000 -> 1019.466 | AD28: =LEFT(details!E28,5) -> 40.60 | AE28: =AA28 -> 29354.4 | AF28: =VLOOKUP(C28,MC.5!B:P,15,FALSE)/3 -> 29354.4 | AG28: =AE28 -> 29354.4 | AH28: =VLOOKUP(F28,REF!B:C,2,FALSE) -> PET | AI28: =VLOOKUP(G28,REF!E:F,2,FALSE) -> Bottle
A29: FG | B29: FG | C29: 322451 | D29: BC28-0500-WNHP-R-BR | E29: 45.600 G | F29: 60104 | G29: 601041000B | H29: 601041000B90000000 | I29: 601041000B90000000 | J29: Others | K29: 0 | L29: 0 | M29: 4032 | N29: 1653.12 | O29: 0 | P29: 0 | Q29: 0 | R29: 0 | S29: 0 | T29: 0 | U29: 0 | V29: 0 | W29: 4032 | X29: 1653.12 | Y29: 0 | Z29: 9681.84 | AA29: 3227.28 | AB29: 15.366996 | AC29: =(AD29*W29)/1000 -> 183.8592 | AD29: =LEFT(details!E29,5) -> 45.60 | AE29: =AA29 -> 3227.28 | AF29: =VLOOKUP(C29,MC.5!B:P,15,FALSE)/3 -> 3227.28 | AG29: =AE29 -> 3227.28 | AH29: =VLOOKUP(F29,REF!B:C,2,FALSE) -> PET | AI29: =VLOOKUP(G29,REF!E:F,2,FALSE) -> Bottle
A30: FG | B30: FG | C30: 322452 | D30: JJ63-0500-RH-R-CL | E30: 34.500 G | F30: 60104 | G30: 601041000J | H30: 601041000J90000000 | I30: 601041000J90000000 | J30: Others | K30: 29942 | L30: 7485.5 | M30: 0 | N30: 0 | O30: 0 | P30: 0 | Q30: 0 | R30: 0 | S30: 0 | T30: 0 | U30: 0 | V30: 0 | W30: 29942 | X30: 7485.5 | Y30: 0 | Z30: 14426.88 | AA30: 4808.96 | AB30: 46.697207 | AC30: =(AD30*W30)/1000 -> 1032.999 | AD30: =LEFT(details!E30,5) -> 34.50 | AE30: =AA30 -> 4808.96 | AF30: =VLOOKUP(C30,MC.5!B:P,15,FALSE)/3 -> 4809.7933 | AG30: =AE30 -> 4808.96 | AH30: =VLOOKUP(F30,REF!B:C,2,FALSE) -> PET | AI30: =VLOOKUP(G30,REF!E:F,2,FALSE) -> Jar /Container/Tub
A31: FG | B31: FG | C31: 322454 | D31: JJ63-0500-S-Q-CL | E31: 34.500 G | F31: 60104 | G31: 601041000J | H31: 601041000J90000000 | I31: 601041000J90000000 | J31: Others | Z31: 2772 | AA31: 924 | AC31: =(AD31*W31)/1000 -> 0 | AD31: =LEFT(details!E31,5) -> 34.50 | AE31: =AA31 -> 924 | AF31: =VLOOKUP(C31,MC.5!B:P,15,FALSE)/3 -> 924 | AG31: =AE31 -> 924 | AH31: =VLOOKUP(F31,REF!B:C,2,FALSE) -> PET | AI31: =VLOOKUP(G31,REF!E:F,2,FALSE) -> Jar /Container/Tub
A32: FG | B32: FG | C32: 322471 | D32: JJ63-0750-HX-H-CL-LW | E32: 34.500 G | F32: 60104 | G32: 601041000J | H32: 601041000J90000000 | I32: 601041000J90000000 | J32: Others | K32: 2772 | L32: 776.16 | M32: 0 | N32: 0 | O32: 0 | P32: 0 | Q32: 0 | R32: 0 | S32: 0 | T32: 0 | U32: 0 | V32: 0 | W32: 2772 | X32: 776.16 | Y32: 0 | Z32: 7743.12 | AA32: 2581.04 | AB32: 9.0214797 | AC32: =(AD32*W32)/1000 -> 95.634 | AD32: =LEFT(details!E32,5) -> 34.50 | AE32: =AA32 -> 2581.04 | AF32: =VLOOKUP(C32,MC.5!B:P,15,FALSE)/3 -> 2581.04 | AG32: =AE32 -> 2581.04 | AH32: =VLOOKUP(F32,REF!B:C,2,FALSE) -> PET | AI32: =VLOOKUP(G32,REF!E:F,2,FALSE) -> Jar /Container/Tub
A33: FG | B33: FG | C33: 322474 | D33: JJ63-0850-RH-R-CL | E33: 44.000 G | F33: 60104 | G33: 601041000J | H33: 601041000J90000000 | I33: 601041000J90000000 | J33: Others | K33: 14520 | L33: 5227.2 | M33: 0 | N33: 0 | O33: 0 | P33: 0 | Q33: 0 | R33: 0 | S33: 0 | T33: 0 | U33: 0 | V33: 0 | W33: 14520 | X33: 5227.2 | Y33: 0 | Z33: 9932.87 | AA33: 3310.9567 | AB33: 47.362746 | AC33: =(AD33*W33)/1000 -> 638.88 | AD33: =LEFT(details!E33,5) -> 44.00 | AE33: =AA33 -> 3310.9567 | AF33: =VLOOKUP(C33,MC.5!B:P,15,FALSE)/3 -> 3310.96 | AG33: =AE33 -> 3310.9567 | AH33: =VLOOKUP(F33,REF!B:C,2,FALSE) -> PET | AI33: =VLOOKUP(G33,REF!E:F,2,FALSE) -> Jar /Container/Tub
A34: FG | B34: FG | C34: 322477 | D34: JJ63-1000-E-R-CL | E34: 44.000 G | F34: 60104 | G34: 601041000J | H34: 601041000J90000000 | I34: 601041000J90000000 | J34: Others | K34: 37440 | L34: 13104 | M34: 16335 | N34: 5717.25 | O34: 0 | P34: 0 | Q34: 0 | R34: 0 | S34: 0 | T34: 0 | U34: 0 | V34: 0 | W34: 53775 | X34: 18821.25 | Y34: 0 | Z34: 20774.45 | AA34: 6924.8167 | AB34: 81.53826 | AC34: =(AD34*W34)/1000 -> 2366.1 | AD34: =LEFT(details!E34,5) -> 44.00 | AE34: =AA34 -> 6924.8167 | AF34: =VLOOKUP(C34,MC.5!B:P,15,FALSE)/3 -> 6924.82 | AG34: =AE34 -> 6924.8167 | AH34: =VLOOKUP(F34,REF!B:C,2,FALSE) -> PET | AI34: =VLOOKUP(G34,REF!E:F,2,FALSE) -> Jar /Container/Tub
A35: FG | B35: FG | C35: 322493 | D35: BC28-0280-HD-R-CL-LW | E35: 23.000 G | F35: 60104 | G35: 601041000B | H35: 601041000B90000000 | I35: 601041000B90000000 | J35: Others | Z35: 18972 | AA35: 6324 | AC35: =(AD35*W35)/1000 -> 0 | AD35: =LEFT(details!E35,5) -> 23.00 | AE35: =AA35 -> 6324 | AF35: =VLOOKUP(C35,MC.5!B:P,15,FALSE)/3 -> 6324 | AG35: =AE35 -> 6324 | AH35: =VLOOKUP(F35,REF!B:C,2,FALSE) -> PET | AI35: =VLOOKUP(G35,REF!E:F,2,FALSE) -> Bottle
A36: FG | B36: FG | C36: 322503 | D36: BC28-0500-CSD-R-CL | E36: 44.000 G | F36: 60104 | G36: 601041000B | H36: 601041000B90000000 | I36: 601041000B90000000 | J36: Others | K36: 29584 | L36: 10650.24 | M36: 0 | N36: 0 | O36: 0 | P36: 0 | Q36: 0 | R36: 0 | S36: 0 | T36: 0 | U36: 0 | V36: 0 | W36: 29584 | X36: 10650.24 | Y36: 0 | Z36: 5225.36 | AA36: 1741.7867 | AB36: 183.43647 | AC36: =(AD36*W36)/1000 -> 1301.696 | AD36: =LEFT(details!E36,5) -> 44.00 | AE36: =AA36 -> 1741.7867 | AF36: =VLOOKUP(C36,MC.5!B:P,15,FALSE)/3 -> 1741.7867 | AG36: =AE36 -> 1741.7867 | AH36: =VLOOKUP(F36,REF!B:C,2,FALSE) -> PET | AI36: =VLOOKUP(G36,REF!E:F,2,FALSE) -> Bottle
A37: FG | B37: FG | C37: 322506 | D37: BB38-0500-R-R-CL | E37: 32.000 G | F37: 60104 | G37: 601041000B | H37: 601041000B90000000 | I37: 601041000B90000000 | J37: Others | K37: 13860 | L37: 3880.8 | M37: 0 | N37: 0 | O37: 0 | P37: 0 | Q37: 0 | R37: 0 | S37: 0 | T37: 0 | U37: 0 | V37: 0 | W37: 13860 | X37: 3880.8 | Y37: 0 | Z37: 3224.76 | AA37: 1074.92 | AB37: 108.30946 | AC37: =(AD37*W37)/1000 -> 443.52 | AD37: =LEFT(details!E37,5) -> 32.00 | AE37: =AA37 -> 1074.92 | AF37: =VLOOKUP(C37,MC.5!B:P,15,FALSE)/3 -> 1074.92 | AG37: =AE37 -> 1074.92 | AH37: =VLOOKUP(F37,REF!B:C,2,FALSE) -> PET | AI37: =VLOOKUP(G37,REF!E:F,2,FALSE) -> Bottle
A38: FG | B38: FG | C38: 322509 | D38: BB38-0500-S-S-CL | E38: 32.000 G | F38: 60104 | G38: 601041000B | H38: 601041000B90000000 | I38: 601041000B90000000 | J38: Others | K38: 0 | L38: 0 | M38: 0 | N38: 0 | O38: 37440 | P38: 10483.2 | Q38: 29952 | R38: 8386.56 | S38: 0 | T38: 0 | U38: 0 | V38: 0 | W38: 67392 | X38: 18869.76 | Y38: 6173.93 | Z38: 349.44 | AA38: 116.48 | AB38: 4860 | AC38: =(AD38*W38)/1000 -> 2156.544 | AD38: =LEFT(details!E38,5) -> 32.00 | AE38: =AA38 -> 116.48 | AF38: =VLOOKUP(C38,MC.5!B:P,15,FALSE)/3 -> 116.48 | AG38: =AE38 -> 116.48 | AH38: =VLOOKUP(F38,REF!B:C,2,FALSE) -> PET | AI38: =VLOOKUP(G38,REF!E:F,2,FALSE) -> Bottle
A39: FG | B39: FG | C39: 322517 | D39: BB38-1000-HC-S-CL | E39: 45.300 G | F39: 60104 | G39: 601041000B | H39: 601041000B90000000 | I39: 601041000B90000000 | J39: Others | K39: 16250 | L39: 5525 | M39: 0 | N39: 0 | O39: 0 | P39: 0 | Q39: 0 | R39: 0 | S39: 0 | T39: 0 | U39: 0 | V39: 0 | W39: 16250 | X39: 5525 | Y39: 0 | Z39: 8125 | AA39: 2708.3333 | AB39: 61.2 | AC39: =(AD39*W39)/1000 -> 736.125 | AD39: =LEFT(details!E39,5) -> 45.30 | AE39: =AA39 -> 2708.3333 | AF39: =VLOOKUP(C39,MC.5!B:P,15,FALSE)/3 -> 2708.3333 | AG39: =AE39 -> 2708.3333 | AH39: =VLOOKUP(F39,REF!B:C,2,FALSE) -> PET | AI39: =VLOOKUP(G39,REF!E:F,2,FALSE) -> Bottle
A40: FG | B40: FG | C40: 322527 | D40: BB38-1000-S-S-CL | E40: 45.300 G | F40: 60104 | G40: 601041000B | H40: 601041000B90000000 | I40: 601041000B90000000 | J40: Others | K40: 10780 | L40: 3880.8 | M40: 0 | N40: 0 | O40: 0 | P40: 0 | Q40: 530 | R40: 190.8 | S40: 0 | T40: 0 | U40: 0 | V40: 0 | W40: 11310 | X40: 4071.6 | Y40: 84.81 | Z40: 8354.5 | AA40: 2784.8333 | AB40: 43.861871 | AC40: =(AD40*W40)/1000 -> 512.343 | AD40: =LEFT(details!E40,5) -> 45.30 | AE40: =AA40 -> 2784.8333 | AF40: =VLOOKUP(C40,MC.5!B:P,15,FALSE)/3 -> 2784.8333 | AG40: =AE40 -> 2784.8333 | AH40: =VLOOKUP(F40,REF!B:C,2,FALSE) -> PET | AI40: =VLOOKUP(G40,REF!E:F,2,FALSE) -> Bottle
A41: FG | B41: FG | C41: 322535 | D41: Z-HANDLE - YELLOW | E41: 11.390 G | F41: 60106 | G41: 601061000C | H41: 601061000C90000000 | I41: 601061000C90000000 | J41: Others | K41: 0 | L41: 0 | M41: 0 | N41: 0 | O41: 359 | P41: 40.93 | Q41: 0 | R41: 0 | S41: 0 | T41: 0 | U41: 0 | V41: 0 | W41: 359 | X41: 40.93 | Y41: 4.55 | AB41: 0 | AC41: =(AD41*W41)/1000 -> 4.08901 | AD41: =LEFT(details!E41,5) -> 11.39 | AE41: =AA41 -> 0 | AF41: =VLOOKUP(C41,MC.5!B:P,15,FALSE)/3 -> 0 | AG41: =AF41 -> 0 | AH41: =VLOOKUP(F41,REF!B:C,2,FALSE) -> PP | AI41: =VLOOKUP(G41,REF!E:F,2,FALSE) -> Closure/Lid/ Handle
A42: FG | B42: FG | C42: 322537 | D42: Z-HANDLE - RED | E42: 11.390 G | F42: 60106 | G42: 601061000C | H42: 601061000C90000000 | I42: 601061000C90000000 | J42: Others | K42: 0 | L42: 0 | M42: 0 | N42: 0 | O42: 38909 | P42: 4478.82 | Q42: 0 | R42: 0 | S42: 0 | T42: 0 | U42: 0 | V42: 0 | W42: 38909 | X42: 4478.82 | Y42: 325.01 | AB42: 0 | AC42: =(AD42*W42)/1000 -> 443.17351 | AD42: =LEFT(details!E42,5) -> 11.39 | AE42: =AA42 -> 0 | AF42: =VLOOKUP(C42,MC.5!B:P,15,FALSE)/3 -> 0 | AG42: =AF42 -> 0 | AH42: =VLOOKUP(F42,REF!B:C,2,FALSE) -> PP | AI42: =VLOOKUP(G42,REF!E:F,2,FALSE) -> Closure/Lid/ Handle
A43: FG | B43: FG | C43: 322540 | D43: Z-HANDLE - GREEN | E43: 11.390 G | F43: 60106 | G43: 601061000C | H43: 601061000C90000000 | I43: 601061000C90000000 | J43: Others | K43: 103507 | L43: 10857.88 | M43: 0 | N43: 0 | O43: 0 | P43: 0 | Q43: 0 | R43: 0 | S43: 0 | T43: 0 | U43: 0 | V43: 0 | W43: 103507 | X43: 10857.88 | Y43: 0 | AB43: 0 | AC43: =(AD43*W43)/1000 -> 1178.9447 | AD43: =LEFT(details!E43,5) -> 11.39 | AE43: =AA43 -> 0 | AF43: =VLOOKUP(C43,MC.5!B:P,15,FALSE)/3 -> 10743.913 | AG43: =AF43 -> 10743.913 | AH43: =VLOOKUP(F43,REF!B:C,2,FALSE) -> PP | AI43: =VLOOKUP(G43,REF!E:F,2,FALSE) -> Closure/Lid/ Handle
A44: FG | B44: FG | C44: 322542 | D44: Z-HANDLE - WHITE | E44: 11.390 G | F44: 60106 | G44: 601061000C | H44: 601061000C90000000 | I44: 601061000C90000000 | J44: Others | K44: 37936 | L44: 4257.18 | M44: 0 | N44: 0 | O44: 0 | P44: 0 | Q44: 0 | R44: 0 | S44: 0 | T44: 0 | U44: 0 | V44: 0 | W44: 37936 | X44: 4257.18 | Y44: 0 | AB44: 0 | AC44: =(AD44*W44)/1000 -> 432.09104 | AD44: =LEFT(details!E44,5) -> 11.39 | AE44: =AA44 -> 0 | AF44: =VLOOKUP(C44,MC.5!B:P,15,FALSE)/3 -> 313.60667 | AG44: =AF44 -> 313.60667 | AH44: =VLOOKUP(F44,REF!B:C,2,FALSE) -> PP | AI44: =VLOOKUP(G44,REF!E:F,2,FALSE) -> Closure/Lid/ Handle
A45: FG | B45: FG | C45: 322550 | D45: BB38-2000-K2-S-CL | E45: 74.000 G | F45: 60104 | G45: 601041000B | H45: 601041000B90000000 | I45: 601041000B90000000 | J45: Others | K45: 0 | L45: 0 | M45: 0 | N45: 0 | O45: 864 | P45: 578.88 | Q45: 0 | R45: 0 | S45: 0 | T45: 0 | U45: 0 | V45: 0 | W45: 864 | X45: 578.88 | Y45: 128.65 | Z45: 1615.68 | AA45: 538.56 | AB45: 32.245989 | AC45: =(AD45*W45)/1000 -> 63.936 | AD45: =LEFT(details!E45,5) -> 74.00 | AE45: =AA45 -> 538.56 | AF45: =VLOOKUP(C45,MC.5!B:P,15,FALSE)/3 -> 538.56 | AG45: =AE45 -> 538.56 | AH45: =VLOOKUP(F45,REF!B:C,2,FALSE) -> PET | AI45: =VLOOKUP(G45,REF!E:F,2,FALSE) -> Bottle
A46: FG | B46: FG | C46: 322551 | D46: C38-T/E-C/S-WHITE | E46: 3.700 G | F46: 60105 | G46: 601051000C | H46: 601051000C90000000 | I46: 601051000C90000000 | J46: Others | K46: 13500 | L46: 946.22 | M46: 0 | N46: 0 | O46: 0 | P46: 0 | Q46: 0 | R46: 0 | S46: 0 | T46: 0 | U46: 0 | V46: 0 | W46: 13500 | X46: 946.22 | Y46: 0 | Z46: 3925.11 | AA46: 1308.37 | AB46: 21.696156 | AC46: =(AD46*W46)/1000 -> 49.95 | AD46: =LEFT(details!E46,5) -> 3.700 | AE46: =AA46 -> 1308.37 | AF46: =VLOOKUP(C46,MC.5!B:P,15,FALSE)/3 -> 1308.37 | AG46: =AE46 -> 1308.37 | AH46: =VLOOKUP(F46,REF!B:C,2,FALSE) -> PE | AI46: =VLOOKUP(G46,REF!E:F,2,FALSE) -> Closure/Lid/ Handle
A47: FG | B47: FG | C47: 322552 | D47: C63-T/E-R/S-WHITE | E47: 7.300 G | F47: 60105 | G47: 601051000C | H47: 601051000C90000000 | I47: 601051000C90000000 | J47: Others | K47: 6500 | L47: 631.54 | M47: 0 | N47: 0 | O47: 0 | P47: 0 | Q47: 0 | R47: 0 | S47: 0 | T47: 0 | U47: 0 | V47: 0 | W47: 6500 | X47: 631.54 | Y47: 0 | Z47: 4424.34 | AA47: 1474.78 | AB47: 12.846797 | AC47: =(AD47*W47)/1000 -> 47.45 | AD47: =LEFT(details!E47,5) -> 7.300 | AE47: =AA47 -> 1474.78 | AF47: =VLOOKUP(C47,MC.5!B:P,15,FALSE)/3 -> 1474.78 | AG47: =AE47 -> 1474.78 | AH47: =VLOOKUP(F47,REF!B:C,2,FALSE) -> PE | AI47: =VLOOKUP(G47,REF!E:F,2,FALSE) -> Closure/Lid/ Handle
A48: FG | B48: FG | C48: 322557 | D48: C63-T/E-R/S-WHITE WITH P.E WAD (ASEM) -V | E48: 6.500 G | F48: 60105 | G48: 601051000C | H48: 601051000C90000000 | I48: 601051000C90000000 | J48: Others | Z48: 1100.18 | AA48: 366.72667 | AC48: =(AD48*W48)/1000 -> 0 | AD48: =LEFT(details!E48,5) -> 6.500 | AE48: =AA48 -> 366.72667 | AF48: =VLOOKUP(C48,MC.5!B:P,15,FALSE)/3 -> 366.72667 | AG48: =AE48 -> 366.72667 | AH48: =VLOOKUP(F48,REF!B:C,2,FALSE) -> PE | AI48: =VLOOKUP(G48,REF!E:F,2,FALSE) -> Closure/Lid/ Handle
A49: FG | B49: FG | C49: 322558 | D49: C38-T/E-I/L-C/S-WHITE | E49: 3.750 G | F49: 60105 | G49: 601051000C | H49: 601051000C90000000 | I49: 601051000C90000000 | J49: Others | Z49: 17458.37 | AA49: 5819.4567 | AC49: =(AD49*W49)/1000 -> 0 | AD49: =LEFT(details!E49,5) -> 3.750 | AE49: =AA49 -> 5819.4567 | AF49: =VLOOKUP(C49,MC.5!B:P,15,FALSE)/3 -> 5819.4567 | AG49: =AE49 -> 5819.4567 | AH49: =VLOOKUP(F49,REF!B:C,2,FALSE) -> PE | AI49: =VLOOKUP(G49,REF!E:F,2,FALSE) -> Closure/Lid/ Handle
A50: FG | B50: FG | C50: 322567 | D50: C38-T/E-C/S-YELLOW - V | E50: 3.700 G | F50: 60105 | G50: 601051000C | H50: 601051000C90000000 | I50: 601051000C90000000 | J50: Others | K50: 0 | L50: 0 | M50: 27000 | N50: 1657.26 | O50: 0 | P50: 0 | Q50: 0 | R50: 0 | S50: 0 | T50: 0 | U50: 0 | V50: 0 | W50: 27000 | X50: 1657.26 | Y50: 0 | Z50: 1473.18 | AA50: 491.06 | AB50: 101.24588 | AC50: =(AD50*W50)/1000 -> 99.9 | AD50: =LEFT(details!E50,5) -> 3.700 | AE50: =AA50 -> 491.06 | AF50: =VLOOKUP(C50,MC.5!B:P,15,FALSE)/3 -> 491.06 | AG50: =AE50 -> 491.06 | AH50: =VLOOKUP(F50,REF!B:C,2,FALSE) -> PE | AI50: =VLOOKUP(G50,REF!E:F,2,FALSE) -> Closure/Lid/ Handle
A51: FG | B51: FG | C51: 322568 | D51: C63-T/E-R/S-YELLOW | E51: 7.300 G | F51: 60105 | G51: 601051000C | H51: 601051000C90000000 | I51: 601051000C90000000 | J51: Others | K51: 123000 | L51: 14211.42 | M51: 0 | N51: 0 | O51: 0 | P51: 0 | Q51: 0 | R51: 0 | S51: 0 | T51: 0 | U51: 0 | V51: 0 | W51: 123000 | X51: 14211.42 | Y51: 0 | Z51: 18261.89 | AA51: 6087.2967 | AB51: 70.038085 | AC51: =(AD51*W51)/1000 -> 897.9 | AD51: =LEFT(details!E51,5) -> 7.300 | AE51: =AA51 -> 6087.2967 | AF51: =VLOOKUP(C51,MC.5!B:P,15,FALSE)/3 -> 6087.2933 | AG51: =AE51 -> 6087.2967 | AH51: =VLOOKUP(F51,REF!B:C,2,FALSE) -> PE | AI51: =VLOOKUP(G51,REF!E:F,2,FALSE) -> Closure/Lid/ Handle
A52: FG | B52: FG | C52: 322571 | D52: C38-T/E-I/L-R/S-YELLOW – V | E52: 3.870 G | F52: 60105 | G52: 601051000C | H52: 601051000C90000000 | I52: 601051000C90000000 | J52: Others | K52: 16500 | L52: 1190.81 | M52: 0 | N52: 0 | O52: 0 | P52: 0 | Q52: 0 | R52: 0 | S52: 0 | T52: 0 | U52: 0 | V52: 0 | W52: 16500 | X52: 1190.81 | Y52: 0 | AB52: 0 | AC52: =(AD52*W52)/1000 -> 63.855 | AD52: =LEFT(details!E52,5) -> 3.870 | AE52: =AA52 -> 0 | AF52: =VLOOKUP(C52,MC.5!B:P,15,FALSE)/3 -> 0 | AG52: =AF52 -> 0 | AH52: =VLOOKUP(F52,REF!B:C,2,FALSE) -> PE | AI52: =VLOOKUP(G52,REF!E:F,2,FALSE) -> Closure/Lid/ Handle
A53: FG | B53: FG | C53: 322573 | D53: C38-T/E-I/L-C/S-YELLOW | E53: 3.750 G | F53: 60105 | G53: 601051000C | H53: 601051000C90000000 | I53: 601051000C90000000 | J53: Others | K53: 39600 | L53: 2956.14 | M53: 0 | N53: 0 | O53: 6600 | P53: 492.69 | Q53: 0 | R53: 0 | S53: 0 | T53: 0 | U53: 0 | V53: 0 | W53: 46200 | X53: 3448.83 | Y53: 54.75 | Z53: 411.17 | AA53: 137.05667 | AB53: 754.906 | AC53: =(AD53*W53)/1000 -> 173.25 | AD53: =LEFT(details!E53,5) -> 3.750 | AE53: =AA53 -> 137.05667 | AF53: =VLOOKUP(C53,MC.5!B:P,15,FALSE)/3 -> 137.05667 | AG53: =AE53 -> 137.05667 | AH53: =VLOOKUP(F53,REF!B:C,2,FALSE) -> PE | AI53: =VLOOKUP(G53,REF!E:F,2,FALSE) -> Closure/Lid/ Handle
A54: FG | B54: FG | C54: 322574 | D54: C38-T/E-I/L-C/S-YELLOW(24433374)NESTLE V | E54: 4.700 G | F54: 60105 | G54: 601051000C | H54: 601051000C90000000 | I54: 601051000C90000000 | J54: Others | Z54: 49576.16 | AA54: 16525.387 | AC54: =(AD54*W54)/1000 -> 0 | AD54: =LEFT(details!E54,5) -> 4.700 | AE54: =AA54 -> 16525.387 | AF54: =VLOOKUP(C54,MC.5!B:P,15,FALSE)/3 -> 17676.047 | AG54: =AE54 -> 16525.387 | AH54: =VLOOKUP(F54,REF!B:C,2,FALSE) -> PE | AI54: =VLOOKUP(G54,REF!E:F,2,FALSE) -> Closure/Lid/ Handle
A55: FG | B55: FG | C55: 322580 | D55: C38-T/E-C/S-ORANGE | E55: 3.700 G | F55: 60105 | G55: 601051000C | H55: 601051000C90000000 | I55: 601051000C90000000 | J55: Others | K55: 0 | L55: 0 | M55: 0 | N55: 0 | O55: 0 | P55: 0 | Q55: 24000 | R55: 1592.4 | S55: 0 | T55: 0 | U55: 0 | V55: 0 | W55: 24000 | X55: 1592.4 | Y55: 1327.11 | Z55: 199.04 | AA55: 66.346667 | AB55: 720.03617 | AC55: =(AD55*W55)/1000 -> 88.8 | AD55: =LEFT(details!E55,5) -> 3.700 | AE55: =AA55 -> 66.346667 | AF55: =VLOOKUP(C55,MC.5!B:P,15,FALSE)/3 -> 66.346667 | AG55: =AE55 -> 66.346667 | AH55: =VLOOKUP(F55,REF!B:C,2,FALSE) -> PE | AI55: =VLOOKUP(G55,REF!E:F,2,FALSE) -> Closure/Lid/ Handle
A56: FG | B56: FG | C56: 322581 | D56: C63-T/E-R/S-ORANGE | E56: 7.300 G | F56: 60105 | G56: 601051000C | H56: 601051000C90000000 | I56: 601051000C90000000 | J56: Others | Z56: 883.34 | AA56: 294.44667 | AC56: =(AD56*W56)/1000 -> 0 | AD56: =LEFT(details!E56,5) -> 7.300 | AE56: =AA56 -> 294.44667 | AF56: =VLOOKUP(C56,MC.5!B:P,15,FALSE)/3 -> 294.44667 | AG56: =AE56 -> 294.44667 | AH56: =VLOOKUP(F56,REF!B:C,2,FALSE) -> PE | AI56: =VLOOKUP(G56,REF!E:F,2,FALSE) -> Closure/Lid/ Handle
A57: FG | B57: FG | C57: 322583 | D57: C38-T/E-I/L-C/S-ORANGE | E57: 3.750 G | F57: 60105 | G57: 601051000C | H57: 601051000C90000000 | I57: 601051000C90000000 | J57: Others | K57: 0 | L57: 0 | M57: 18700 | N57: 1245.61 | O57: 0 | P57: 0 | Q57: 0 | R57: 0 | S57: 0 | T57: 0 | U57: 0 | V57: 0 | W57: 18700 | X57: 1245.61 | Y57: 0 | Z57: 219.81 | AA57: 73.27 | AB57: 510.00819 | AC57: =(AD57*W57)/1000 -> 70.125 | AD57: =LEFT(details!E57,5) -> 3.750 | AE57: =AA57 -> 73.27 | AF57: =VLOOKUP(C57,MC.5!B:P,15,FALSE)/3 -> 73.27 | AG57: =AE57 -> 73.27 | AH57: =VLOOKUP(F57,REF!B:C,2,FALSE) -> PE | AI57: =VLOOKUP(G57,REF!E:F,2,FALSE) -> Closure/Lid/ Handle
A58: FG | B58: FG | C58: 322593 | D58: C28-ALFA PLAIN WHITE PLASTIC CAPS | E58: 3.300 G | F58: 60105 | G58: 601051000C | H58: 601051000C90000000 | I58: 601051000C90000000 | J58: Others | K58: 0 | L58: 0 | M58: 0 | N58: 0 | O58: 0 | P58: 0 | Q58: 0 | R58: 0 | S58: 15900 | T58: 159 | U58: 0 | V58: 0 | W58: 15900 | X58: 159 | Y58: 159 | AB58: 0 | AC58: =(AD58*W58)/1000 -> 52.47 | AD58: =LEFT(details!E58,5) -> 3.300 | AE58: =AA58 -> 0 | AF58: =VLOOKUP(C58,MC.5!B:P,15,FALSE)/3 -> 0 | AG58: =AF58 -> 0 | AH58: =VLOOKUP(F58,REF!B:C,2,FALSE) -> PE | AI58: =VLOOKUP(G58,REF!E:F,2,FALSE) -> Closure/Lid/ Handle
A59: FG | B59: FG | C59: 322595 | D59: C28-C/S-FLIP TOP RED | E59: 4.850 G | F59: 60106 | G59: 601061000C | H59: 601061000C90000000 | I59: 601061000C90000000 | J59: Others | K59: 46200 | L59: 3736.66 | M59: 0 | N59: 0 | O59: 0 | P59: 0 | Q59: 0 | R59: 0 | S59: 0 | T59: 0 | U59: 0 | V59: 0 | W59: 46200 | X59: 3736.66 | Y59: 0 | Z59: 10226.46 | AA59: 3408.82 | AB59: 32.885221 | AC59: =(AD59*W59)/1000 -> 224.07 | AD59: =LEFT(details!E59,5) -> 4.850 | AE59: =AA59 -> 3408.82 | AF59: =VLOOKUP(C59,MC.5!B:P,15,FALSE)/3 -> 3408.8167 | AG59: =AE59 -> 3408.82 | AH59: =VLOOKUP(F59,REF!B:C,2,FALSE) -> PP | AI59: =VLOOKUP(G59,REF!E:F,2,FALSE) -> Closure/Lid/ Handle
A60: FG | B60: FG | C60: 322597 | D60: C28-C/S-FLIP TOP YELLOW (V) | E60: 4.850 G | F60: 60106 | G60: 601061000C | H60: 601061000C90000000 | I60: 601061000C90000000 | J60: Others | K60: 46200 | L60: 4034.18 | M60: 0 | N60: 0 | O60: 0 | P60: 0 | Q60: 0 | R60: 0 | S60: 0 | T60: 0 | U60: 0 | V60: 0 | W60: 46200 | X60: 4034.18 | Y60: 0 | Z60: 7718.67 | AA60: 2572.89 | AB60: 47.0387 | AC60: =(AD60*W60)/1000 -> 224.07 | AD60: =LEFT(details!E60,5) -> 4.850 | AE60: =AA60 -> 2572.89 | AF60: =VLOOKUP(C60,MC.5!B:P,15,FALSE)/3 -> 2572.89 | AG60: =AE60 -> 2572.89 | AH60: =VLOOKUP(F60,REF!B:C,2,FALSE) -> PP | AI60: =VLOOKUP(G60,REF!E:F,2,FALSE) -> Closure/Lid/ Handle
A61: FG | B61: FG | C61: 322605 | D61: C28-C/S-FLIP TOP BLACK | E61: 4.850 G | F61: 60106 | G61: 601061000C | H61: 601061000C90000000 | I61: 601061000C90000000 | J61: Others | K61: 15400 | L61: 1120.5 | M61: 0 | N61: 0 | O61: 0 | P61: 0 | Q61: 0 | R61: 0 | S61: 0 | T61: 0 | U61: 0 | V61: 0 | W61: 15400 | X61: 1120.5 | Y61: 0 | Z61: 4510.53 | AA61: 1503.51 | AB61: 22.357683 | AC61: =(AD61*W61)/1000 -> 74.69 | AD61: =LEFT(details!E61,5) -> 4.850 | AE61: =AA61 -> 1503.51 | AF61: =VLOOKUP(C61,MC.5!B:P,15,FALSE)/3 -> 1503.51 | AG61: =AE61 -> 1503.51 | AH61: =VLOOKUP(F61,REF!B:C,2,FALSE) -> PP | AI61: =VLOOKUP(G61,REF!E:F,2,FALSE) -> Closure/Lid/ Handle
A62: FG | B62: FG | C62: 322614 | D62: C38-T/E-C/S-RED | E62: 3.700 G | F62: 60105 | G62: 601051000C | H62: 601051000C90000000 | I62: 601051000C90000000 | J62: Others | K62: 57000 | L62: 4235.1 | M62: 0 | N62: 0 | O62: 0 | P62: 0 | Q62: 0 | R62: 0 | S62: 0 | T62: 0 | U62: 0 | V62: 0 | W62: 57000 | X62: 4235.1 | Y62: 0 | Z62: 5453.75 | AA62: 1817.9167 | AB62: 69.889342 | AC62: =(AD62*W62)/1000 -> 210.9 | AD62: =LEFT(details!E62,5) -> 3.700 | AE62: =AA62 -> 1817.9167 | AF62: =VLOOKUP(C62,MC.5!B:P,15,FALSE)/3 -> 1817.9167 | AG62: =AE62 -> 1817.9167 | AH62: =VLOOKUP(F62,REF!B:C,2,FALSE) -> PE | AI62: =VLOOKUP(G62,REF!E:F,2,FALSE) -> Closure/Lid/ Handle
A63: FG | B63: FG | C63: 322617 | D63: C63-T/E-R/S-RED | E63: 7.300 G | F63: 60105 | G63: 601051000C | H63: 601051000C90000000 | I63: 601051000C90000000 | J63: Others | K63: 1500 | L63: 188.41 | M63: 0 | N63: 0 | O63: 0 | P63: 0 | Q63: 0 | R63: 0 | S63: 0 | T63: 0 | U63: 0 | V63: 0 | W63: 1500 | X63: 188.41 | Y63: 0 | Z63: 15666.62 | AA63: 5222.2067 | AB63: 1.0823585 | AC63: =(AD63*W63)/1000 -> 10.95 | AD63: =LEFT(details!E63,5) -> 7.300 | AE63: =AA63 -> 5222.2067 | AF63: =VLOOKUP(C63,MC.5!B:P,15,FALSE)/3 -> 5238.7367 | AG63: =AE63 -> 5222.2067 | AH63: =VLOOKUP(F63,REF!B:C,2,FALSE) -> PE | AI63: =VLOOKUP(G63,REF!E:F,2,FALSE) -> Closure/Lid/ Handle
A64: FG | B64: FG | C64: 322620 | D64: C38-T/E-I/L-C/S-RED | E64: 3.750 G | F64: 60105 | G64: 601051000C | H64: 601051000C90000000 | I64: 601051000C90000000 | J64: Others | K64: 0 | L64: 0 | M64: 9900 | N64: 639.84 | O64: 0 | P64: 0 | Q64: 0 | R64: 0 | S64: 0 | T64: 0 | U64: 0 | V64: 0 | W64: 9900 | X64: 639.84 | Y64: 0 | Z64: 355.47 | AA64: 118.49 | AB64: 161.99848 | AC64: =(AD64*W64)/1000 -> 37.125 | AD64: =LEFT(details!E64,5) -> 3.750 | AE64: =AA64 -> 118.49 | AF64: =VLOOKUP(C64,MC.5!B:P,15,FALSE)/3 -> 118.49 | AG64: =AE64 -> 118.49 | AH64: =VLOOKUP(F64,REF!B:C,2,FALSE) -> PE | AI64: =VLOOKUP(G64,REF!E:F,2,FALSE) -> Closure/Lid/ Handle
A65: FG | B65: FG | C65: 322623 | D65: C110-HANDLE CAP PINK | E65: 48.260 G | F65: 60105 | G65: 601051000C | H65: 601051000C90000000 | I65: 601051000C90000000 | J65: Others | Z65: 3170.59 | AA65: 1056.8633 | AC65: =(AD65*W65)/1000 -> 0 | AD65: =LEFT(details!E65,5) -> 48.26 | AE65: =AA65 -> 1056.8633 | AF65: =VLOOKUP(C65,MC.5!B:P,15,FALSE)/3 -> 1056.8633 | AG65: =AE65 -> 1056.8633 | AH65: =VLOOKUP(F65,REF!B:C,2,FALSE) -> PE | AI65: =VLOOKUP(G65,REF!E:F,2,FALSE) -> Closure/Lid/ Handle
A66: FG | B66: FG | C66: 322632 | D66: C63-T/E-R/S-GOLD | E66: 7.300 G | F66: 60105 | G66: 601051000C | H66: 601051000C90000000 | I66: 601051000C90000000 | J66: Others | K66: 24000 | L66: 2956.8 | M66: 0 | N66: 0 | O66: 0 | P66: 0 | Q66: 0 | R66: 0 | S66: 0 | T66: 0 | U66: 0 | V66: 0 | W66: 24000 | X66: 2956.8 | Y66: 0 | Z66: 26010.01 | AA66: 8670.0033 | AB66: 10.231138 | AC66: =(AD66*W66)/1000 -> 175.2 | AD66: =LEFT(details!E66,5) -> 7.300 | AE66: =AA66 -> 8670.0033 | AF66: =VLOOKUP(C66,MC.5!B:P,15,FALSE)/3 -> 8670.0033 | AG66: =AE66 -> 8670.0033 | AH66: =VLOOKUP(F66,REF!B:C,2,FALSE) -> PE | AI66: =VLOOKUP(G66,REF!E:F,2,FALSE) -> Closure/Lid/ Handle
A67: FG | B67: FG | C67: 322635 | D67: C63-T/E-R/S-BLUE | E67: 7.300 G | F67: 60105 | G67: 601051000C | H67: 601051000C90000000 | I67: 601051000C90000000 | J67: Others | Z67: 2218.47 | AA67: 739.49 | AC67: =(AD67*W67)/1000 -> 0 | AD67: =LEFT(details!E67,5) -> 7.300 | AE67: =AA67 -> 739.49 | AF67: =VLOOKUP(C67,MC.5!B:P,15,FALSE)/3 -> 739.49 | AG67: =AE67 -> 739.49 | AH67: =VLOOKUP(F67,REF!B:C,2,FALSE) -> PE | AI67: =VLOOKUP(G67,REF!E:F,2,FALSE) -> Closure/Lid/ Handle
A68: FG | B68: FG | C68: 322639 | D68: C38-T/E-C/S-GREEN | E68: 3.700 G | F68: 60105 | G68: 601051000C | H68: 601051000C90000000 | I68: 601051000C90000000 | J68: Others | K68: 31500 | L68: 1935.99 | M68: 0 | N68: 0 | O68: 0 | P68: 0 | Q68: 0 | R68: 0 | S68: 0 | T68: 0 | U68: 0 | V68: 0 | W68: 31500 | X68: 1935.99 | Y68: 0 | Z68: 3318.67 | AA68: 1106.2233 | AB68: 52.502689 | AC68: =(AD68*W68)/1000 -> 116.55 | AD68: =LEFT(details!E68,5) -> 3.700 | AE68: =AA68 -> 1106.2233 | AF68: =VLOOKUP(C68,MC.5!B:P,15,FALSE)/3 -> 1136.9533 | AG68: =AE68 -> 1106.2233 | AH68: =VLOOKUP(F68,REF!B:C,2,FALSE) -> PE | AI68: =VLOOKUP(G68,REF!E:F,2,FALSE) -> Closure/Lid/ Handle
A69: FG | B69: FG | C69: 322640 | D69: C63-T/E-R/S-GREEN | E69: 7.300 G | F69: 60105 | G69: 601051000C | H69: 601051000C90000000 | I69: 601051000C90000000 | J69: Others | K69: 36500 | L69: 4459.57 | M69: 0 | N69: 0 | O69: 0 | P69: 0 | Q69: 0 | R69: 0 | S69: 0 | T69: 0 | U69: 0 | V69: 0 | W69: 36500 | X69: 4459.57 | Y69: 0 | Z69: 4227.9 | AA69: 1409.3 | AB69: 94.931597 | AC69: =(AD69*W69)/1000 -> 266.45 | AD69: =LEFT(details!E69,5) -> 7.300 | AE69: =AA69 -> 1409.3 | AF69: =VLOOKUP(C69,MC.5!B:P,15,FALSE)/3 -> 1409.3 | AG69: =AE69 -> 1409.3 | AH69: =VLOOKUP(F69,REF!B:C,2,FALSE) -> PE | AI69: =VLOOKUP(G69,REF!E:F,2,FALSE) -> Closure/Lid/ Handle
A70: FG | B70: FG | C70: 322643 | D70: C38-T/E-I/L-C/S-GREEN | E70: 3.750 G | F70: 60105 | G70: 601051000C | H70: 601051000C90000000 | I70: 601051000C90000000 | J70: Others | K70: 114400 | L70: 6998.99 | M70: 0 | N70: 0 | O70: 0 | P70: 0 | Q70: 0 | R70: 0 | S70: 0 | T70: 0 | U70: 0 | V70: 0 | W70: 114400 | X70: 6998.99 | Y70: 0 | Z70: 18630.79 | AA70: 6210.2633 | AB70: 33.810112 | AC70: =(AD70*W70)/1000 -> 429 | AD70: =LEFT(details!E70,5) -> 3.750 | AE70: =AA70 -> 6210.2633 | AF70: =VLOOKUP(C70,MC.5!B:P,15,FALSE)/3 -> 6210.2633 | AG70: =AE70 -> 6210.2633 | AH70: =VLOOKUP(F70,REF!B:C,2,FALSE) -> PE | AI70: =VLOOKUP(G70,REF!E:F,2,FALSE) -> Closure/Lid/ Handle
A71: FG | B71: FG | C71: 322644 | D71: C38-T/E-R/S-GREEN - V | E71: 3.300 G | F71: 60105 | G71: 601051000C | H71: 601051000C90000000 | I71: 601051000C90000000 | J71: Others | K71: 22500 | L71: 1601.33 | M71: 0 | N71: 0 | O71: 0 | P71: 0 | Q71: 0 | R71: 0 | S71: 0 | T71: 0 | U71: 0 | V71: 0 | W71: 22500 | X71: 1601.33 | Y71: 0 | AB71: 0 | AC71: =(AD71*W71)/1000 -> 74.25 | AD71: =LEFT(details!E71,5) -> 3.300 | AE71: =AA71 -> 0 | AF71: =VLOOKUP(C71,MC.5!B:P,15,FALSE)/3 -> 0 | AG71: =AF71 -> 0 | AH71: =VLOOKUP(F71,REF!B:C,2,FALSE) -> PE | AI71: =VLOOKUP(G71,REF!E:F,2,FALSE) -> Closure/Lid/ Handle
A72: FG | B72: FG | C72: 322646 | D72: C63-D/C 7H RED | E72: 13.200 G | F72: 60106 | G72: 601061000C | H72: 601061000C40000000 | I72: 601061000C40000000 | J72: Food & Beverage | K72: 14400 | L72: 3072.24 | M72: 0 | N72: 0 | O72: 1800 | P72: 384.03 | Q72: 0 | R72: 0 | S72: 0 | T72: 0 | U72: 0 | V72: 0 | W72: 16200 | X72: 3456.27 | Y72: 85.35 | AB72: 0 | AC72: =(AD72*W72)/1000 -> 213.84 | AD72: =LEFT(details!E72,5) -> 13.20 | AE72: =AA72 -> 0 | AF72: =VLOOKUP(C72,MC.5!B:P,15,FALSE)/3 -> 0 | AG72: =AF72 -> 0 | AH72: =VLOOKUP(F72,REF!B:C,2,FALSE) -> PP | AI72: =VLOOKUP(G72,REF!E:F,2,FALSE) -> Closure/Lid/ Handle
A73: FG | B73: FG | C73: 322647 | D73: C63-D/C 7H BLACK | E73: 13.200 G | F73: 60106 | G73: 601061000C | H73: 601061000C40000000 | I73: 601061000C40000000 | J73: Food & Beverage | K73: 900 | L73: 186.54 | M73: 0 | N73: 0 | O73: 0 | P73: 0 | Q73: 0 | R73: 0 | S73: 0 | T73: 0 | U73: 0 | V73: 0 | W73: 900 | X73: 186.54 | Y73: 0 | Z73: 6839.99 | AA73: 2279.9967 | AB73: 2.4544773 | AC73: =(AD73*W73)/1000 -> 11.88 | AD73: =LEFT(details!E73,5) -> 13.20 | AE73: =AA73 -> 2279.9967 | AF73: =VLOOKUP(C73,MC.5!B:P,15,FALSE)/3 -> 2279.99 | AG73: =AE73 -> 2279.9967 | AH73: =VLOOKUP(F73,REF!B:C,2,FALSE) -> PP | AI73: =VLOOKUP(G73,REF!E:F,2,FALSE) -> Closure/Lid/ Handle
A74: FG | B74: FG | C74: 322656 | D74: C63-D/C 3H RED | E74: 15.100 G | F74: 60106 | G74: 601061000C | H74: 601061000C40000000 | I74: 601061000C40000000 | J74: Food & Beverage | K74: 0 | L74: 0 | M74: 0 | N74: 0 | O74: 1800 | P74: 383.96 | Q74: 0 | R74: 0 | S74: 0 | T74: 0 | U74: 0 | V74: 0 | W74: 1800 | X74: 383.96 | Y74: 85.33 | AB74: 0 | AC74: =(AD74*W74)/1000 -> 27.18 | AD74: =LEFT(details!E74,5) -> 15.10 | AE74: =AA74 -> 0 | AF74: =VLOOKUP(C74,MC.5!B:P,15,FALSE)/3 -> 0 | AG74: =AF74 -> 0 | AH74: =VLOOKUP(F74,REF!B:C,2,FALSE) -> PP | AI74: =VLOOKUP(G74,REF!E:F,2,FALSE) -> Closure/Lid/ Handle
A75: FG | B75: FG | C75: 322671 | D75: C38-T/E-C/S-BLACK - V | E75: 3.700 G | F75: 60105 | G75: 601051000C | H75: 601051000C90000000 | I75: 601051000C90000000 | J75: Others | K75: 0 | L75: 0 | M75: 0 | N75: 0 | O75: 30000 | P75: 1827.6 | Q75: 0 | R75: 0 | S75: 0 | T75: 0 | U75: 0 | V75: 0 | W75: 30000 | X75: 1827.6 | Y75: 609.25 | Z75: 1370.72 | AA75: 456.90667 | AB75: 119.99825 | AC75: =(AD75*W75)/1000 -> 111 | AD75: =LEFT(details!E75,5) -> 3.700 | AE75: =AA75 -> 456.90667 | AF75: =VLOOKUP(C75,MC.5!B:P,15,FALSE)/3 -> 456.90667 | AG75: =AE75 -> 456.90667 | AH75: =VLOOKUP(F75,REF!B:C,2,FALSE) -> PE | AI75: =VLOOKUP(G75,REF!E:F,2,FALSE) -> Closure/Lid/ Handle
A76: FG | B76: FG | C76: 322672 | D76: C63-T/E-R/S-BLACK | E76: 7.300 G | F76: 60105 | G76: 601051000C | H76: 601051000C90000000 | I76: 601051000C90000000 | J76: Others | K76: 20500 | L76: 1864.48 | M76: 0 | N76: 0 | O76: 0 | P76: 0 | Q76: 0 | R76: 0 | S76: 0 | T76: 0 | U76: 0 | V76: 0 | W76: 20500 | X76: 1864.48 | Y76: 0 | Z76: 7642.44 | AA76: 2547.48 | AB76: 21.956757 | AC76: =(AD76*W76)/1000 -> 149.65 | AD76: =LEFT(details!E76,5) -> 7.300 | AE76: =AA76 -> 2547.48 | AF76: =VLOOKUP(C76,MC.5!B:P,15,FALSE)/3 -> 2547.48 | AG76: =AE76 -> 2547.48 | AH76: =VLOOKUP(F76,REF!B:C,2,FALSE) -> PE | AI76: =VLOOKUP(G76,REF!E:F,2,FALSE) -> Closure/Lid/ Handle
A77: FG | B77: FG | C77: 322677 | D77: C38-T/E-I/L-C/S-BLACK | E77: 3.750 G | F77: 60105 | G77: 601051000C | H77: 601051000C90000000 | I77: 601051000C90000000 | J77: Others | K77: 0 | L77: 0 | M77: 0 | N77: 0 | O77: 53901 | P77: 3286.88 | Q77: 0 | R77: 0 | S77: 0 | T77: 0 | U77: 0 | V77: 0 | W77: 53901 | X77: 3286.88 | Y77: 380.15 | Z77: 1945.19 | AA77: 648.39667 | AB77: 152.07728 | AC77: =(AD77*W77)/1000 -> 202.12875 | AD77: =LEFT(details!E77,5) -> 3.750 | AE77: =AA77 -> 648.39667 | AF77: =VLOOKUP(C77,MC.5!B:P,15,FALSE)/3 -> 648.39667 | AG77: =AE77 -> 648.39667 | AH77: =VLOOKUP(F77,REF!B:C,2,FALSE) -> PE | AI77: =VLOOKUP(G77,REF!E:F,2,FALSE) -> Closure/Lid/ Handle
A78: FG | B78: FG | C78: 322679 | D78: C63-T/E-R/S-BRONZE | E78: 7.300 G | F78: 60105 | G78: 601051000C | H78: 601051000C90000000 | I78: 601051000C90000000 | J78: Others | K78: 0 | L78: 0 | M78: 1000 | N78: 97.87 | O78: 0 | P78: 0 | Q78: 0 | R78: 0 | S78: 0 | T78: 0 | U78: 0 | V78: 0 | W78: 1000 | X78: 97.87 | Y78: 0 | Z78: 2300.06 | AA78: 766.68667 | AB78: 3.8295957 | AC78: =(AD78*W78)/1000 -> 7.3 | AD78: =LEFT(details!E78,5) -> 7.300 | AE78: =AA78 -> 766.68667 | AF78: =VLOOKUP(C78,MC.5!B:P,15,FALSE)/3 -> 766.68667 | AG78: =AE78 -> 766.68667 | AH78: =VLOOKUP(F78,REF!B:C,2,FALSE) -> PE | AI78: =VLOOKUP(G78,REF!E:F,2,FALSE) -> Closure/Lid/ Handle
A79: FG | B79: FG | C79: 322685 | D79: C28-EZY CAP YELLOW | E79: 6.400 G | F79: 60105 | G79: 601051000C | H79: 601051000C90000000 | I79: 601051000C90000000 | J79: Others | K79: 196000 | L79: 32502.68 | M79: 0 | N79: 0 | O79: 0 | P79: 0 | Q79: 0 | R79: 0 | S79: 0 | T79: 0 | U79: 0 | V79: 0 | W79: 196000 | X79: 32502.68 | Y79: 0 | Z79: 109694.19 | AA79: 36564.73 | AB79: 26.667239 | AC79: =(AD79*W79)/1000 -> 1254.4 | AD79: =LEFT(details!E79,5) -> 6.400 | AE79: =AA79 -> 36564.73 | AF79: =VLOOKUP(C79,MC.5!B:P,15,FALSE)/3 -> 36564.733 | AG79: =AE79 -> 36564.73 | AH79: =VLOOKUP(F79,REF!B:C,2,FALSE) -> PE | AI79: =VLOOKUP(G79,REF!E:F,2,FALSE) -> Closure/Lid/ Handle
A80: FG | B80: FG | C80: 322694 | D80: C63-BUNG CLEAR | E80: 2.800 G | F80: 60105 | G80: 601051000C | H80: 601051000C90000000 | I80: 601051000C90000000 | J80: Others | K80: 273000 | L80: 11637.99 | M80: 0 | N80: 0 | O80: 0 | P80: 0 | Q80: 0 | R80: 0 | S80: 0 | T80: 0 | U80: 0 | V80: 0 | W80: 273000 | X80: 11637.99 | Y80: 0 | Z80: 8861.19 | AA80: 2953.73 | AB80: 118.20298 | AC80: =(AD80*W80)/1000 -> 764.4 | AD80: =LEFT(details!E80,5) -> 2.800 | AE80: =AA80 -> 2953.73 | AF80: =VLOOKUP(C80,MC.5!B:P,15,FALSE)/3 -> 2953.7367 | AG80: =AE80 -> 2953.73 | AH80: =VLOOKUP(F80,REF!B:C,2,FALSE) -> PE | AI80: =VLOOKUP(G80,REF!E:F,2,FALSE) -> Closure/Lid/ Handle
A81: FG | B81: FG | C81: 322695 | D81: C63-BUNG WHITE | E81: 2.800 G | F81: 60105 | G81: 601051000C | H81: 601051000C90000000 | I81: 601051000C90000000 | J81: Others | K81: 22400 | L81: 960.74 | M81: 0 | N81: 0 | O81: 0 | P81: 0 | Q81: 0 | R81: 0 | S81: 0 | T81: 0 | U81: 0 | V81: 0 | W81: 22400 | X81: 960.74 | Y81: 0 | Z81: 780.66 | AA81: 260.22 | AB81: 110.76089 | AC81: =(AD81*W81)/1000 -> 62.72 | AD81: =LEFT(details!E81,5) -> 2.800 | AE81: =AA81 -> 260.22 | AF81: =VLOOKUP(C81,MC.5!B:P,15,FALSE)/3 -> 260.21667 | AG81: =AE81 -> 260.22 | AH81: =VLOOKUP(F81,REF!B:C,2,FALSE) -> PE | AI81: =VLOOKUP(G81,REF!E:F,2,FALSE) -> Closure/Lid/ Handle
A82: FG | B82: FG | C82: 322698 | D82: C63-BUNG GOLD | E82: 2.800 G | F82: 60105 | G82: 601051000C | H82: 601051000C90000000 | I82: 601051000C90000000 | J82: Others | K82: 46200 | L82: 2163.55 | M82: 0 | N82: 0 | O82: 0 | P82: 0 | Q82: 0 | R82: 0 | S82: 0 | T82: 0 | U82: 0 | V82: 0 | W82: 46200 | X82: 2163.55 | Y82: 0 | Z82: 1916.64 | AA82: 638.88 | AB82: 101.5942 | AC82: =(AD82*W82)/1000 -> 129.36 | AD82: =LEFT(details!E82,5) -> 2.800 | AE82: =AA82 -> 638.88 | AF82: =VLOOKUP(C82,MC.5!B:P,15,FALSE)/3 -> 638.88 | AG82: =AE82 -> 638.88 | AH82: =VLOOKUP(F82,REF!B:C,2,FALSE) -> PE | AI82: =VLOOKUP(G82,REF!E:F,2,FALSE) -> Closure/Lid/ Handle
A83: FG | B83: FG | C83: 322851 | D83: Z-37.5MM PE WAD (1.0MM) | E83: 0.000 G | F83: 65400 | G83: 65400S0001 | H83: # | I83: 65400S0001 | J83: LABEL, IML, STICKER, | K83: 0 | L83: 0 | M83: 0 | N83: 0 | O83: 23700 | P83: 823.34 | Q83: 0 | R83: 0 | S83: 0 | T83: 0 | U83: 0 | V83: 0 | W83: 23700 | X83: 823.34 | Y83: 245.51 | AB83: 0 | AC83: =(AD83*W83)/1000 -> 0 | AD83: =LEFT(details!E83,5) -> 0.000 | AE83: =AA83 -> 0 | AF83: =VLOOKUP(C83,MC.5!B:P,15,FALSE)/3 -> 0 | AG83: =AF83 -> 0 | AH83: =VLOOKUP(F83,REF!B:C,2,FALSE) -> Secondary/ Component | AI83: =VLOOKUP(G83,REF!E:F,2,FALSE) -> LABEL, IML, STICKER, SEALED ETC
A84: FG | B84: FG | C84: 322852 | D84: Z-62MM PE WAD (0.55M) | E84: 0.000 G | F84: 65400 | G84: 65400S0001 | H84: # | I84: 65400S0001 | J84: LABEL, IML, STICKER, | K84: 10000 | L84: 538.9 | M84: 0 | N84: 0 | O84: 0 | P84: 0 | Q84: 10800 | R84: 582.01 | S84: 0 | T84: 0 | U84: 0 | V84: 0 | W84: 20800 | X84: 1120.91 | Y84: 291.03 | AB84: 0 | AC84: =(AD84*W84)/1000 -> 0 | AD84: =LEFT(details!E84,5) -> 0.000 | AE84: =AA84 -> 0 | AF84: =VLOOKUP(C84,MC.5!B:P,15,FALSE)/3 -> 0 | AG84: =AF84 -> 0 | AH84: =VLOOKUP(F84,REF!B:C,2,FALSE) -> Secondary/ Component | AI84: =VLOOKUP(G84,REF!E:F,2,FALSE) -> LABEL, IML, STICKER, SEALED ETC
A85: FG | B85: FG | C85: 322853 | D85: Z-61.5MM PE WAD (1.0MM) | E85: 0.000 G | F85: 65400 | G85: 65400S0001 | H85: # | I85: 65400S0001 | J85: LABEL, IML, STICKER, | K85: 33600 | L85: 2419.2 | M85: 0 | N85: 0 | O85: 0 | P85: 0 | Q85: 0 | R85: 0 | S85: 0 | T85: 0 | U85: 0 | V85: 0 | W85: 33600 | X85: 2419.2 | Y85: 0 | Z85: 10367.98 | AA85: 3455.9933 | AB85: 21.000041 | AC85: =(AD85*W85)/1000 -> 0 | AD85: =LEFT(details!E85,5) -> 0.000 | AE85: =AA85 -> 3455.9933 | AF85: =VLOOKUP(C85,MC.5!B:P,15,FALSE)/3 -> 3455.9933 | AG85: =AE85 -> 3455.9933 | AH85: =VLOOKUP(F85,REF!B:C,2,FALSE) -> Secondary/ Component | AI85: =VLOOKUP(G85,REF!E:F,2,FALSE) -> LABEL, IML, STICKER, SEALED ETC
A86: FG | B86: FG | C86: 322855 | D86: Z-37.5MM PE WAD (0.5MM) | E86: 0.000 G | F86: 65400 | G86: 65400S0001 | H86: # | I86: 65400S0001 | J86: LABEL, IML, STICKER, | K86: 0 | L86: 0 | M86: 10000 | N86: 281.9 | O86: 17900 | P86: 504.6 | Q86: 0 | R86: 0 | S86: 0 | T86: 0 | U86: 0 | V86: 0 | W86: 27900 | X86: 786.5 | Y86: 168.21 | AB86: 0 | AC86: =(AD86*W86)/1000 -> 0 | AD86: =LEFT(details!E86,5) -> 0.000 | AE86: =AA86 -> 0 | AF86: =VLOOKUP(C86,MC.5!B:P,15,FALSE)/3 -> 0 | AG86: =AF86 -> 0 | AH86: =VLOOKUP(F86,REF!B:C,2,FALSE) -> Secondary/ Component | AI86: =VLOOKUP(G86,REF!E:F,2,FALSE) -> LABEL, IML, STICKER, SEALED ETC
A87: FG | B87: FG | C87: 322858 | D87: Z-38.2MM PE WAD (0.5MM) | E87: 0.000 G | F87: 65400 | G87: 65400S0001 | H87: # | I87: 65400S0001 | J87: LABEL, IML, STICKER, | K87: 0 | L87: 0 | M87: 0 | N87: 0 | O87: 0 | P87: 0 | Q87: 20000 | R87: 360 | S87: 1500 | T87: 27 | U87: 0 | V87: 0 | W87: 21500 | X87: 387 | Y87: 347.01 | AB87: 0 | AC87: =(AD87*W87)/1000 -> 0 | AD87: =LEFT(details!E87,5) -> 0.000 | AE87: =AA87 -> 0 | AF87: =VLOOKUP(C87,MC.5!B:P,15,FALSE)/3 -> 0 | AG87: =AF87 -> 0 | AH87: =VLOOKUP(F87,REF!B:C,2,FALSE) -> Secondary/ Component | AI87: =VLOOKUP(G87,REF!E:F,2,FALSE) -> LABEL, IML, STICKER, SEALED ETC
A88: FG | B88: FG | C88: 322862 | D88: Z-62MM ACTIVATED SEAL WAD | E88: 0.000 G | F88: 65400 | G88: 65400S0001 | H88: # | I88: 65400S0001 | J88: LABEL, IML, STICKER, | K88: 300000 | L88: 48000 | M88: 17400 | N88: 2784 | O88: 0 | P88: 0 | Q88: 0 | R88: 0 | S88: 0 | T88: 0 | U88: 0 | V88: 0 | W88: 317400 | X88: 50784 | Y88: 0 | AB88: 0 | AC88: =(AD88*W88)/1000 -> 0 | AD88: =LEFT(details!E88,5) -> 0.000 | AE88: =AA88 -> 0 | AF88: =VLOOKUP(C88,MC.5!B:P,15,FALSE)/3 -> 2736 | AG88: =AF88 -> 2736 | AH88: =VLOOKUP(F88,REF!B:C,2,FALSE) -> Secondary/ Component | AI88: =VLOOKUP(G88,REF!E:F,2,FALSE) -> LABEL, IML, STICKER, SEALED ETC
A89: FG | B89: FG | C89: 322863 | D89: Z-62.2MM UNIGARD PEELABLE I/INNERSEAL | E89: 0.000 G | F89: 65400 | G89: 65400S0001 | H89: # | I89: 65400S0001 | J89: LABEL, IML, STICKER, | K89: 0 | L89: 0 | M89: 0 | N89: 0 | O89: 0 | P89: 0 | Q89: 10000 | R89: 1500 | S89: 5800 | T89: 870 | U89: 0 | V89: 0 | W89: 15800 | X89: 2370 | Y89: 2370 | AB89: 0 | AC89: =(AD89*W89)/1000 -> 0 | AD89: =LEFT(details!E89,5) -> 0.000 | AE89: =AA89 -> 0 | AF89: =VLOOKUP(C89,MC.5!B:P,15,FALSE)/3 -> 0 | AG89: =AF89 -> 0 | AH89: =VLOOKUP(F89,REF!B:C,2,FALSE) -> Secondary/ Component | AI89: =VLOOKUP(G89,REF!E:F,2,FALSE) -> LABEL, IML, STICKER, SEALED ETC
A90: FG | B90: FG | C90: 322864 | D90: Z-61.3MM INDUCTION SEAL W/EAR | E90: 0.000 G | F90: 65400 | G90: 65400S0001 | H90: # | I90: 65400S0001 | J90: LABEL, IML, STICKER, | K90: 32100 | L90: 2182.8 | M90: 0 | N90: 0 | O90: 0 | P90: 0 | Q90: 0 | R90: 0 | S90: 0 | T90: 0 | U90: 0 | V90: 0 | W90: 32100 | X90: 2182.8 | Y90: 0 | Z90: 5642.57 | AA90: 1880.8567 | AB90: 34.81605 | AC90: =(AD90*W90)/1000 -> 0 | AD90: =LEFT(details!E90,5) -> 0.000 | AE90: =AA90 -> 1880.8567 | AF90: =VLOOKUP(C90,MC.5!B:P,15,FALSE)/3 -> 2209.4733 | AG90: =AE90 -> 1880.8567 | AH90: =VLOOKUP(F90,REF!B:C,2,FALSE) -> Secondary/ Component | AI90: =VLOOKUP(G90,REF!E:F,2,FALSE) -> LABEL, IML, STICKER, SEALED ETC
A91: FG | B91: FG | C91: 323017 | D91: Z-37.5MM PAPER WAD | E91: 0.000 G | F91: 65400 | G91: 65400S0001 | H91: # | I91: 65400S0001 | J91: LABEL, IML, STICKER, | K91: 0 | L91: 0 | M91: 0 | N91: 0 | O91: 0 | P91: 0 | Q91: 29750 | R91: 416.5 | S91: 0 | T91: 0 | U91: 0 | V91: 0 | W91: 29750 | X91: 416.5 | Y91: 185.13 | AB91: 0 | AC91: =(AD91*W91)/1000 -> 0 | AD91: =LEFT(details!E91,5) -> 0.000 | AE91: =AA91 -> 0 | AF91: =VLOOKUP(C91,MC.5!B:P,15,FALSE)/3 -> 0 | AG91: =AF91 -> 0 | AH91: =VLOOKUP(F91,REF!B:C,2,FALSE) -> Secondary/ Component | AI91: =VLOOKUP(G91,REF!E:F,2,FALSE) -> LABEL, IML, STICKER, SEALED ETC
A92: FG | B92: FG | C92: 323019 | D92: Z-62MM PAPER WAD | E92: 0.000 G | F92: 65400 | G92: 65400S0001 | H92: # | I92: 65400S0001 | J92: LABEL, IML, STICKER, | K92: 10000 | L92: 300 | M92: 0 | N92: 0 | O92: 0 | P92: 0 | Q92: 10000 | R92: 300 | S92: 9000 | T92: 270 | U92: 0 | V92: 0 | W92: 29000 | X92: 870 | Y92: 386.68 | AB92: 0 | AC92: =(AD92*W92)/1000 -> 0 | AD92: =LEFT(details!E92,5) -> 0.000 | AE92: =AA92 -> 0 | AF92: =VLOOKUP(C92,MC.5!B:P,15,FALSE)/3 -> 0 | AG92: =AF92 -> 0 | AH92: =VLOOKUP(F92,REF!B:C,2,FALSE) -> Secondary/ Component | AI92: =VLOOKUP(G92,REF!E:F,2,FALSE) -> LABEL, IML, STICKER, SEALED ETC
A93: FG | B93: FG | C93: 323072 | D93: JJ63-0750-R-R-CL-LW | E93: 34.500 G | F93: 60104 | G93: 601041000J | H93: 601041000J90000000 | I93: 601041000J90000000 | J93: Others | K93: 14573 | L93: 4080.44 | M93: 0 | N93: 0 | O93: 0 | P93: 0 | Q93: 0 | R93: 0 | S93: 0 | T93: 0 | U93: 0 | V93: 0 | W93: 14573 | X93: 4080.44 | Y93: 0 | Z93: 309.6 | AA93: 103.2 | AB93: 1186.1744 | AC93: =(AD93*W93)/1000 -> 502.7685 | AD93: =LEFT(details!E93,5) -> 34.50 | AE93: =AA93 -> 103.2 | AF93: =VLOOKUP(C93,MC.5!B:P,15,FALSE)/3 -> 1477.5633 | AG93: =AE93 -> 103.2 | AH93: =VLOOKUP(F93,REF!B:C,2,FALSE) -> PET | AI93: =VLOOKUP(G93,REF!E:F,2,FALSE) -> Jar /Container/Tub
A94: FG | B94: FG | C94: 323091 | D94: BX38-1000-RH-R-CL(GREEN) (ASEM) | E94: 60.000 G | F94: 60104 | G94: 601041000B | H94: 601041000B90000000 | I94: 601041000B90000000 | J94: Others | K94: 17850 | L94: 8746.5 | M94: 0 | N94: 0 | O94: 0 | P94: 0 | Q94: 0 | R94: 0 | S94: 0 | T94: 0 | U94: 0 | V94: 0 | W94: 17850 | X94: 8746.5 | Y94: 0 | Z94: 17638.44 | AA94: 5879.48 | AB94: 44.628947 | AC94: =(AD94*W94)/1000 -> 1071 | AD94: =LEFT(details!E94,5) -> 60.00 | AE94: =AA94 -> 5879.48 | AF94: =VLOOKUP(C94,MC.5!B:P,15,FALSE)/3 -> 5879.48 | AG94: =AE94 -> 5879.48 | AH94: =VLOOKUP(F94,REF!B:C,2,FALSE) -> PET | AI94: =VLOOKUP(G94,REF!E:F,2,FALSE) -> Bottle
A95: FG | B95: FG | C95: 323092 | D95: BX38-1000-GH-R-CL(GREEN) (ASEM) | E95: 47.800 G | F95: 60104 | G95: 601041000B | H95: 601041000B90000000 | I95: 601041000B90000000 | J95: Others | K95: 27825 | L95: 12799.5 | M95: 0 | N95: 0 | O95: 0 | P95: 0 | Q95: 0 | R95: 0 | S95: 0 | T95: 0 | U95: 0 | V95: 0 | W95: 27825 | X95: 12799.5 | Y95: 0 | Z95: 34753.7 | AA95: 11584.567 | AB95: 33.146255 | AC95: =(AD95*W95)/1000 -> 1330.035 | AD95: =LEFT(details!E95,5) -> 47.80 | AE95: =AA95 -> 11584.567 | AF95: =VLOOKUP(C95,MC.5!B:P,15,FALSE)/3 -> 11584.567 | AG95: =AE95 -> 11584.567 | AH95: =VLOOKUP(F95,REF!B:C,2,FALSE) -> PET | AI95: =VLOOKUP(G95,REF!E:F,2,FALSE) -> Bottle
A96: FG | B96: FG | C96: 323102 | D96: BX38-1500-H-R-CL-LW(GREEN) (ASEM) | E96: 55.000 G | F96: 60104 | G96: 601041000B | H96: 601041000B90000000 | I96: 601041000B90000000 | J96: Others | Z96: 29315.32 | AA96: 9771.7733 | AC96: =(AD96*W96)/1000 -> 0 | AD96: =LEFT(details!E96,5) -> 55.00 | AE96: =AA96 -> 9771.7733 | AF96: =VLOOKUP(C96,MC.5!B:P,15,FALSE)/3 -> 9771.7733 | AG96: =AE96 -> 9771.7733 | AH96: =VLOOKUP(F96,REF!B:C,2,FALSE) -> PET | AI96: =VLOOKUP(G96,REF!E:F,2,FALSE) -> Bottle
A97: FG | B97: FG | C97: 323107 | D97: BB38-2000-HR-R-CL(RED) (ASEM) | E97: 55.000 G | F97: 60104 | G97: 601041000B | H97: 601041000B90000000 | I97: 601041000B90000000 | J97: Others | Z97: 9945.6 | AA97: 3315.2 | AC97: =(AD97*W97)/1000 -> 0 | AD97: =LEFT(details!E97,5) -> 55.00 | AE97: =AA97 -> 3315.2 | AF97: =VLOOKUP(C97,MC.5!B:P,15,FALSE)/3 -> 3315.2 | AG97: =AE97 -> 3315.2 | AH97: =VLOOKUP(F97,REF!B:C,2,FALSE) -> PET | AI97: =VLOOKUP(G97,REF!E:F,2,FALSE) -> Bottle
A98: FG | B98: FG | C98: 323111 | D98: BB38-2000-H-R-CL(WHITE) (ASEM) | E98: 72.000 G | F98: 60104 | G98: 601041000B | H98: 601041000B90000000 | I98: 601041000B90000000 | J98: Others | Z98: 4084.8 | AA98: 1361.6 | AC98: =(AD98*W98)/1000 -> 0 | AD98: =LEFT(details!E98,5) -> 72.00 | AE98: =AA98 -> 1361.6 | AF98: =VLOOKUP(C98,MC.5!B:P,15,FALSE)/3 -> 1361.6 | AG98: =AE98 -> 1361.6 | AH98: =VLOOKUP(F98,REF!B:C,2,FALSE) -> PET | AI98: =VLOOKUP(G98,REF!E:F,2,FALSE) -> Bottle
A99: FG | B99: FG | C99: 323133 | D99: BX38-2000-RH-R-CL(GREEN) (ASEM) | E99: 78.000 G | F99: 60104 | G99: 601041000B | H99: 601041000B90000000 | I99: 601041000B90000000 | J99: Others | K99: 13248 | L99: 8611.2 | M99: 0 | N99: 0 | O99: 0 | P99: 0 | Q99: 0 | R99: 0 | S99: 0 | T99: 0 | U99: 0 | V99: 0 | W99: 13248 | X99: 8611.2 | Y99: 0 | Z99: 43707.08 | AA99: 14569.027 | AB99: 17.731864 | AC99: =(AD99*W99)/1000 -> 1033.344 | AD99: =LEFT(details!E99,5) -> 78.00 | AE99: =AA99 -> 14569.027 | AF99: =VLOOKUP(C99,MC.5!B:P,15,FALSE)/3 -> 14569.027 | AG99: =AE99 -> 14569.027 | AH99: =VLOOKUP(F99,REF!B:C,2,FALSE) -> PET | AI99: =VLOOKUP(G99,REF!E:F,2,FALSE) -> Bottle
A100: FG | B100: FG | C100: 323509 | D100: C28-C/S-FLIP TOP GREEN | E100: 4.850 G | F100: 60106 | G100: 601061000C | H100: 601061000C90000000 | I100: 601061000C90000000 | J100: Others | Z100: 2553.8 | AA100: 851.26667 | AC100: =(AD100*W100)/1000 -> 0 | AD100: =LEFT(details!E100,5) -> 4.850 | AE100: =AA100 -> 851.26667 | AF100: =VLOOKUP(C100,MC.5!B:P,15,FALSE)/3 -> 851.26667 | AG100: =AE100 -> 851.26667 | AH100: =VLOOKUP(F100,REF!B:C,2,FALSE) -> PP | AI100: =VLOOKUP(G100,REF!E:F,2,FALSE) -> Closure/Lid/ Handle
A101: FG | B101: FG | C101: 324156 | D101: C63-T/E-R/S-BROWN | E101: 7.300 G | F101: 60105 | G101: 601051000C | H101: 601051000C90000000 | I101: 601051000C90000000 | J101: Others | K101: 26000 | L101: 2813.46 | M101: 0 | N101: 0 | O101: 0 | P101: 0 | Q101: 0 | R101: 0 | S101: 0 | T101: 0 | U101: 0 | V101: 0 | W101: 26000 | X101: 2813.46 | Y101: 0 | Z101: 3246.25 | AA101: 1082.0833 | AB101: 78.001201 | AC101: =(AD101*W101)/1000 -> 189.8 | AD101: =LEFT(details!E101,5) -> 7.300 | AE101: =AA101 -> 1082.0833 | AF101: =VLOOKUP(C101,MC.5!B:P,15,FALSE)/3 -> 1082.0833 | AG101: =AE101 -> 1082.0833 | AH101: =VLOOKUP(F101,REF!B:C,2,FALSE) -> PE | AI101: =VLOOKUP(G101,REF!E:F,2,FALSE) -> Closure/Lid/ Handle
...

Sheet 712 MC.5 2024.08
A1: Plant | B1: Material | C1: Material Type | D1: Material Group | E1: ValStckVal | F1: ValStckVal | G1: Val. stock | H1: Val. stock | I1: LstReceipt | J1: Last GI | K1: Val.stk(I) | L1: Val.stk(I) | M1: Val.stk(R) | N1: Val.stk(R) | O1: CovValStkV | P1: ValStkTurn | Q1: Tot.us.val | R1: Tot.us.val
A2: 712 JJPM-SG BULOH | B2: 322380 BC28-0060-M-R-WH-LW | C2: ZUNI Universal Material Type | D2: FG Finish/Trading Mat | E2: 0 | F2: MYR | G2: 0 | H2: PCE | I2: 44536 | J2: 44558 | K2: 0 | L2: PCE | M2: 0 | N2: PCE | O2: 0 | P2: 0 | Q2: 0 | R2: MYR
A3: 712 JJPM-SG BULOH | B3: 322382 BC28-0060-M-R-CL-LW | C3: ZUNI Universal Material Type | D3: FG Finish/Trading Mat | E3: 0 | F3: MYR | G3: 0 | H3: PCE | I3: 45141 | J3: 45146 | K3: 0 | L3: PCE | M3: 0 | N3: PCE | O3: 0 | P3: 0 | Q3: 0 | R3: MYR
A4: 712 JJPM-SG BULOH | B4: 322383 BB38-0060-R-R-CL | C4: ZUNI Universal Material Type | D4: FG Finish/Trading Mat | E4: 5775 | F4: MYR | G4: 38500 | H4: PCE | I4: 45517 | K4: 68200 | L4: PCE | M4: 52800 | N4: PCE | O4: 53 | P4: 2.12 | Q4: 9955 | R4: MYR
A5: 712 JJPM-SG BULOH | B5: 322385 BX38-0075-R-R-CL | C5: ZUNI Universal Material Type | D5: FG Finish/Trading Mat | E5: 0 | F5: MYR | G5: 0 | H5: PCE | I5: 45141 | J5: 45141 | K5: 0 | L5: PCE | M5: 0 | N5: PCE | O5: 0 | P5: 0 | Q5: 0 | R5: MYR
A6: 712 JJPM-SG BULOH | B6: 322389 BB38-0090-R-R-CL | C6: ZUNI Universal Material Type | D6: FG Finish/Trading Mat | E6: 5241.6 | F6: MYR | G6: 32760 | H6: PCE | I6: 45512 | K6: 93600 | L6: PCE | M6: 56160 | N6: PCE | O6: 33 | P6: 3.02 | Q6: 14469 | R6: MYR
A7: 712 JJPM-SG BULOH | B7: 322391 BX38-0100-BM-R-AM | C7: ZUNI Universal Material Type | D7: FG Finish/Trading Mat | E7: 0 | F7: MYR | G7: 0 | H7: PCE | I7: 45048 | J7: 45050 | K7: 0 | L7: PCE | M7: 0 | N7: PCE | O7: 0 | P7: 0 | Q7: 0 | R7: MYR
A8: 712 JJPM-SG BULOH | B8: 322394 BX38-0100-C-R-AM | C8: ZUNI Universal Material Type | D8: FG Finish/Trading Mat | E8: 0 | F8: MYR | G8: 0 | H8: PCE | I8: 45498 | J8: 45498 | K8: 20160 | L8: PCE | M8: 20160 | N8: PCE | O8: 0 | P8: 99999 | Q8: 4233.6 | R8: MYR
A9: 712 JJPM-SG BULOH | B9: 322400 BC28-0100-M-R-CL-HW | C9: ZUNI Universal Material Type | D9: FG Finish/Trading Mat | E9: 0 | F9: MYR | G9: 0 | H9: PCE | I9: 45272 | J9: 45281 | K9: 0 | L9: PCE | M9: 0 | N9: PCE | O9: 0 | P9: 0 | Q9: 0 | R9: MYR
A10: 712 JJPM-SG BULOH | B10: 322405 BX38-0150-C-R-CL | C10: ZUNI Universal Material Type | D10: FG Finish/Trading Mat | E10: 1294.8 | F10: MYR | G10: 6474 | H10: PCE | I10: 45491 | J10: 45534 | K10: 5760 | L10: PCE | M10: 11520 | N10: PCE | O10: 103 | P10: 1.41 | Q10: 1152 | R10: MYR
A11: 712 JJPM-SG BULOH | B11: 322406 BC28-0150-M-R-CL | C11: ZUNI Universal Material Type | D11: FG Finish/Trading Mat | E11: 0 | F11: MYR | G11: 0 | H11: PCE | I11: 44566 | J11: 44581 | K11: 0 | L11: PCE | M11: 0 | N11: PCE | O11: 0 | P11: 0 | Q11: 0 | R11: MYR
A12: 712 JJPM-SG BULOH | B12: 322408 BB38-0165-RH-R-CL | C12: ZUNI Universal Material Type | D12: FG Finish/Trading Mat | E12: 0 | F12: MYR | G12: 0 | H12: PCE | I12: 44589 | J12: 44603 | K12: 0 | L12: PCE | M12: 0 | N12: PCE | O12: 0 | P12: 0 | Q12: 0 | R12: MYR
A13: 712 JJPM-SG BULOH | B13: 322409 JJ63-0190-E-Q-CL-LW | C13: ZUNI Universal Material Type | D13: FG Finish/Trading Mat | E13: 6800.64 | F13: MYR | G13: 32384 | H13: PCE | I13: 45488 | J13: 45503 | K13: 123153 | L13: PCE | M13: 140382 | N13: PCE | O13: 49 | P13: 2.1 | Q13: 12862.71 | R13: MYR
A14: 712 JJPM-SG BULOH | B14: 322411 JJ63-0200-S-Q-CL | C14: ZUNI Universal Material Type | D14: FG Finish/Trading Mat | E14: 2268 | F14: MYR | G14: 10800 | H14: PCE | I14: 45397 | J14: 45527 | K14: 16200 | L14: PCE | M14: 0 | N14: PCE | O14: 61 | P14: 0.78 | Q14: 3402 | R14: MYR
A15: 712 JJPM-SG BULOH | B15: 322412 JJ63-0200-R-R-CL | C15: ZUNI Universal Material Type | D15: FG Finish/Trading Mat | E15: 5968.2 | F15: MYR | G15: 28420 | H15: PCE | I15: 45505 | J15: 45356 | K15: 72065 | L15: PCE | M15: 60900 | N15: PCE | O15: 36 | P15: 2.22 | Q15: 15133.65 | R15: MYR
A16: 712 JJPM-SG BULOH | B16: 322419 JJ63-0240-R-R-CL | C16: ZUNI Universal Material Type | D16: FG Finish/Trading Mat | E16: 1461.39 | F16: MYR | G16: 6959 | H16: PCE | I16: 45531 | J16: 45532 | K16: 22741 | L16: PCE | M16: 18900 | N16: PCE | O16: 50 | P16: 1.41 | Q16: 2669.61 | R16: MYR
A17: 712 JJPM-SG BULOH | B17: 322420 JJ63-0240-RS-R-CL | C17: ZUNI Universal Material Type | D17: FG Finish/Trading Mat | E17: 1738.8 | F17: MYR | G17: 7560 | H17: PCE | I17: 45464 | J17: 45524 | K17: 14364 | L17: PCE | M17: 18144 | N17: PCE | O17: 49 | P17: 1.38 | Q17: 3250.8 | R17: MYR
A18: 712 JJPM-SG BULOH | B18: 322421 BC28-0250-M-R-CL LW | C18: ZUNI Universal Material Type | D18: FG Finish/Trading Mat | E18: 0 | F18: MYR | G18: 0 | H18: PCE | I18: 45420 | J18: 45422 | K18: 0 | L18: PCE | M18: 0 | N18: PCE | O18: 0 | P18: 0 | Q18: 0 | R18: MYR
... A21: 712 JJPM-SG BULOH | B21: 322427 BX38-0300-C-R-CL | C21: ZUNI Universal Material Type | D21: FG Finish/Trading Mat | E21: 0 | F21: MYR | G21: 0 | H21: PCE | I21: 44841 | J21: 44859 | K21: 0 | L21: PCE | M21: 0 | N21: PCE | O21: 0 | P21: 0 | Q21: 0 | R21: MYR
A22: 712 JJPM-SG BULOH | B22: 322428 BC28-0300-PC-R-CL | C22: ZUNI Universal Material Type | D22: FG Finish/Trading Mat | E22: 7308 | F22: MYR | G22: 36540 | H22: PCE | I22: 45520 | K22: 22680 | L22: PCE | M22: 30240 | N22: PCE | O22: 151 | P22: 0.91 | Q22: 4460.4 | R22: MYR
A23: 712 JJPM-SG BULOH | B23: 322429 JJ63-0300-R-R-CL | C23: ZUNI Universal Material Type | D23: FG Finish/Trading Mat | E23: 4872 | F23: MYR | G23: 24360 | H23: PCE | I23: 45506 | J23: 45531 | K23: 31465 | L23: PCE | M23: 48720 | N23: PCE | O23: 72 | P23: 1.91 | Q23: 6211.8 | R23: MYR
A24: 712 JJPM-SG BULOH | B24: 322431 JJ63-0310-R-R-CL | C24: ZUNI Universal Material Type | D24: FG Finish/Trading Mat | E24: 1372.8 | F24: MYR | G24: 6240 | H24: PCE | I24: 45509 | J24: 45517 | K24: 7800 | L24: PCE | M24: 10920 | N24: PCE | O24: 94 | P24: 2.67 | Q24: 1341.6 | R24: MYR
A25: 712 JJPM-SG BULOH | B25: 322434 BC28-0350-GE-R-BL | C25: ZUNI Universal Material Type | D25: FG Finish/Trading Mat | E25: 0 | F25: MYR | G25: 0 | H25: PCE | I25: 45345 | J25: 45350 | K25: 0 | L25: PCE | M25: 0 | N25: PCE | O25: 0 | P25: 0 | Q25: 0 | R25: MYR
A26: 712 JJPM-SG BULOH | B26: 322435 JJ63-0350-NH-R-CL | C26: ZUNI Universal Material Type | D26: FG Finish/Trading Mat | E26: 0 | F26: MYR | G26: 0 | H26: PCE | I26: 45426 | J26: 45453 | K26: 16380 | L26: PCE | M26: 0 | N26: PCE | O26: 0 | P26: 4 | Q26: 4422.6 | R26: MYR
A27: 712 JJPM-SG BULOH | B27: 322436 JJ63-0350-R-R-CL | C27: ZUNI Universal Material Type | D27: FG Finish/Trading Mat | E27: 4750.2 | F27: MYR | G27: 18270 | H27: PCE | I27: 45422 | K27: 20300 | L27: PCE | M27: 0 | N27: PCE | O27: 84 | P27: 0.76 | Q27: 5196.8 | R27: MYR
A28: 712 JJPM-SG BULOH | B28: 322438 BC28-0355-A-Q-CL | C28: ZUNI Universal Material Type | D28: FG Finish/Trading Mat | E28: 12833.48 | F28: MYR | G28: 58334 | H28: PCE | I28: 45518 | J28: 45520 | K28: 30738 | L28: PCE | M28: 54104 | N28: PCE | O28: 175 | P28: 0.94 | Q28: 6762.36 | R28: MYR
A29: 712 JJPM-SG BULOH | B29: 322442 JJ63-0400-EH-R-CL | C29: ZUNI Universal Material Type | D29: FG Finish/Trading Mat | E29: 5272.8 | F29: MYR | G29: 20280 | H29: PCE | I29: 45380 | J29: 45517 | K29: 5460 | L29: PCE | M29: 0 | N29: PCE | O29: 342 | P29: 0.23 | Q29: 1419.6 | R29: MYR
A30: 712 JJPM-SG BULOH | B30: 322444 JJ63-0400-RH-R-CL | C30: ZUNI Universal Material Type | D30: FG Finish/Trading Mat | E30: 2381.4 | F30: MYR | G30: 8820 | H30: PCE | I30: 45411 | J30: 45415 | K30: 0 | L30: PCE | M30: 0 | N30: PCE | O30: 99999 | P30: 0 | Q30: 0 | R30: MYR
A31: 712 JJPM-SG BULOH | B31: 322445 JJ63-0400-SH-S-CL | C31: ZUNI Universal Material Type | D31: FG Finish/Trading Mat | E31: 49851.72 | F31: MYR | G31: 184636 | H31: PCE | I31: 45488 | K31: 312580.07 | L31: PCE | M31: 402136.07 | N31: PCE | O31: 54 | P31: 3.35 | Q31: 84396.6 | R31: MYR
A32: 712 JJPM-SG BULOH | B32: 322446 BC28-0430-A-Q-CL | C32: ZUNI Universal Material Type | D32: FG Finish/Trading Mat | E32: 0 | F32: MYR | G32: 0 | H32: PCE | I32: 44980 | J32: 44980 | K32: 0 | L32: PCE | M32: 0 | N32: PCE | O32: 0 | P32: 0 | Q32: 0 | R32: MYR
A33: 712 JJPM-SG BULOH | B33: 322448 BCY28-0500-W-R-CL | C33: ZUNI Universal Material Type | D33: FG Finish/Trading Mat | E33: 30383.1 | F33: MYR | G33: 98010 | H33: PCE | I33: 45527 | J33: 44364 | K33: 233280 | L33: PCE | M33: 291600 | N33: PCE | O33: 39 | P33: 4.3 | Q33: 72316.8 | R33: MYR
A34: 712 JJPM-SG BULOH | B34: 322451 BC28-0500-WNHP-R-BR | C34: ZUNI Universal Material Type | D34: FG Finish/Trading Mat | E34: 6562.08 | F34: MYR | G34: 15624 | H34: PCE | I34: 45518 | J34: 45519 | K34: 18072 | L34: PCE | M34: 9504 | N34: PCE | O34: 81 | P34: 1.11 | Q34: 7489.44 | R34: MYR
A35: 712 JJPM-SG BULOH | B35: 322452 JJ63-0500-RH-R-CL | C35: ZUNI Universal Material Type | D35: FG Finish/Trading Mat | E35: 9871.16 | F35: MYR | G35: 37966 | H35: PCE | I35: 45526 | J35: 45405 | K35: 26208 | L35: PCE | M35: 37440 | N35: PCE | O35: 136 | P35: 1.24 | Q35: 6689.28 | R35: MYR
A36: 712 JJPM-SG BULOH | B36: 322453 JJ63-0500-M-R-CL | C36: ZUNI Universal Material Type | D36: FG Finish/Trading Mat | E36: 0 | F36: MYR | G36: 0 | H36: PCE | I36: 44847 | J36: 44859 | K36: 0 | L36: PCE | M36: 0 | N36: PCE | O36: 0 | P36: 0 | Q36: 0 | R36: MYR
A37: 712 JJPM-SG BULOH | B37: 322454 JJ63-0500-S-Q-CL | C37: ZUNI Universal Material Type | D37: FG Finish/Trading Mat | E37: 0 | F37: MYR | G37: 0 | H37: PCE | I37: 45426 | J37: 45426 | K37: 0 | L37: PCE | M37: 0 | N37: PCE | O37: 0 | P37: 0 | Q37: 0 | R37: MYR
A38: 712 JJPM-SG BULOH | B38: 322459 BCY28-0500-TR-R-CL | C38: ZUNI Universal Material Type | D38: FG Finish/Trading Mat | E38: 0 | F38: MYR | G38: 0 | H38: PCE | I38: 45449 | J38: 45453 | K38: 10000 | L38: PCE | M38: 10000 | N38: PCE | O38: 0 | P38: 99999 | Q38: 3000 | R38: MYR
A39: 712 JJPM-SG BULOH | B39: 322464 JJ63-0600-HX-H-CL | C39: ZUNI Universal Material Type | D39: FG Finish/Trading Mat | E39: 0 | F39: MYR | G39: 0 | H39: PCE | I39: 44538 | J39: 44544 | K39: 0 | L39: PCE | M39: 0 | N39: PCE | O39: 0 | P39: 0 | Q39: 0 | R39: MYR
A40: 712 JJPM-SG BULOH | B40: 322471 JJ63-0750-HX-H-CL-LW | C40: ZUNI Universal Material Type | D40: FG Finish/Trading Mat | E40: 7761.6 | F40: MYR | G40: 27720 | H40: PCE | I40: 45530 | J40: 45533 | K40: 29568 | L40: PCE | M40: 33264 | N40: PCE | O40: 87 | P40: 1.52 | Q40: 8181.04 | R40: MYR
A41: 712 JJPM-SG BULOH | B41: 322474 JJ63-0850-RH-R-CL | C41: ZUNI Universal Material Type | D41: FG Finish/Trading Mat | E41: 3088.8 | F41: MYR | G41: 8580 | H41: PCE | I41: 45520 | J41: 45425 | K41: 12540 | L41: PCE | M41: 11880 | N41: PCE | O41: 63 | P41: 1.55 | Q41: 4514.4 | R41: MYR
A42: 712 JJPM-SG BULOH | B42: 322477 JJ63-1000-E-R-CL | C42: ZUNI Universal Material Type | D42: FG Finish/Trading Mat | E42: 24294.9 | F42: MYR | G42: 69414 | H42: PCE | I42: 45526 | J42: 45436 | K42: 19968 | L42: PCE | M42: 59400 | N42: PCE | O42: 324 | P42: 0.6 | Q42: 6901.44 | R42: MYR
A43: 712 JJPM-SG BULOH | B43: 322485 BX38-0250-FM-R-CL | C43: ZUNI Universal Material Type | D43: FG Finish/Trading Mat | E43: 0 | F43: MYR | G43: 0 | H43: PCE | I43: 44644 | J43: 44650 | K43: 0 | L43: PCE | M43: 0 | N43: PCE | O43: 0 | P43: 0 | Q43: 0 | R43: MYR
... A47: 712 JJPM-SG BULOH | B47: 322506 BB38-0500-R-R-CL | C47: ZUNI Universal Material Type | D47: FG Finish/Trading Mat | E47: 776.16 | F47: MYR | G47: 2772 | H47: PCE | I47: 45433 | J47: 45533 | K47: 18480 | L47: PCE | M47: 0 | N47: PCE | O47: 14 | P47: 1.23 | Q47: 5155.92 | R47: MYR
A48: 712 JJPM-SG BULOH | B48: 322509 BB38-0500-S-S-CL | C48: ZUNI Universal Material Type | D48: FG Finish/Trading Mat | E48: 10832.64 | F48: MYR | G48: 38688 | H48: PCE | I48: 45524 | K48: 134784 | L48: PCE | M48: 136032 | N48: PCE | O48: 27 | P48: 2.96 | Q48: 37362.6 | R48: MYR
A49: 712 JJPM-SG BULOH | B49: 322517 BB38-1000-HC-S-CL | C49: ZUNI Universal Material Type | D49: FG Finish/Trading Mat | E49: 6409 | F49: MYR | G49: 18850 | H49: PCE | I49: 45520 | K49: 35750 | L49: PCE | M49: 26000 | N49: PCE | O49: 49 | P49: 1.9 | Q49: 12155 | R49: MYR
A50: 712 JJPM-SG BULOH | B50: 322521 BB38-1000-C-R-CL | C50: ZUNI Universal Material Type | D50: FG Finish/Trading Mat | E50: 0 | F50: MYR | G50: 0 | H50: PCE | I50: 44621 | J50: 44649 | K50: 0 | L50: PCE | M50: 0 | N50: PCE | O50: 0 | P50: 0 | Q50: 0 | R50: MYR
A51: 712 JJPM-SG BULOH | B51: 322525 BB38-1000-CN-R-CL | C51: ZUNI Universal Material Type | D51: FG Finish/Trading Mat | E51: 0 | F51: MYR | G51: 0 | H51: PCE | I51: 45217 | J51: 45217 | K51: 0 | L51: PCE | M51: 0 | N51: PCE | O51: 0 | P51: 0 | Q51: 0 | R51: MYR
A52: 712 JJPM-SG BULOH | B52: 322527 BB38-1000-S-S-CL | C52: ZUNI Universal Material Type | D52: FG Finish/Trading Mat | E52: 6674.8 | F52: MYR | G52: 18040 | H52: PCE | I52: 45518 | J52: 44691 | K52: 12320 | L52: PCE | M52: 18480 | N52: PCE | O52: 136 | P52: 1.24 | Q52: 4505.91 | R52: MYR
A53: 712 JJPM-SG BULOH | B53: 322535 Z-HANDLE - YELLOW | C53: ZUNI Universal Material Type | D53: FG Finish/Trading Mat | E53: 0 | F53: MYR | G53: 0 | H53: PCE | I53: 44519 | J53: 44522 | K53: 0 | L53: PCE | M53: 0 | N53: PCE | O53: 0 | P53: 0 | Q53: 0 | R53: MYR
A54: 712 JJPM-SG BULOH | B54: 322537 Z-HANDLE - RED | C54: ZUNI Universal Material Type | D54: FG Finish/Trading Mat | E54: 2105.78 | F54: MYR | G54: 17525 | H54: PCE | I54: 45519 | J54: 45520 | K54: 27352 | L54: PCE | M54: 13676 | N54: PCE | O54: 118 | P54: 0.56 | Q54: 1643.31 | R54: MYR
A55: 712 JJPM-SG BULOH | B55: 322540 Z-HANDLE - GREEN | C55: ZUNI Universal Material Type | D55: FG Finish/Trading Mat | E55: 4417.17 | F55: MYR | G55: 37203 | H55: PCE | I55: 45504 | K55: 924962 | L55: PCE | M55: 902381 | N55: PCE | O55: 8 | P55: 3.65 | Q55: 52959.43 | R55: MYR
A56: 712 JJPM-SG BULOH | B56: 322542 Z-HANDLE - WHITE | C56: ZUNI Universal Material Type | D56: FG Finish/Trading Mat | E56: 4117.24 | F56: MYR | G56: 33770 | H56: PCE | I56: 45488 | K56: 96354 | L56: PCE | M56: 84177 | N56: PCE | O56: 65 | P56: 1.29 | Q56: 5788.07 | R56: MYR
A57: 712 JJPM-SG BULOH | B57: 322550 BB38-2000-K2-S-CL | C57: ZUNI Universal Material Type | D57: FG Finish/Trading Mat | E57: 1370.88 | F57: MYR | G57: 2016 | H57: PCE | I57: 45386 | J57: 45517 | K57: 2592 | L57: PCE | M57: 0 | N57: PCE | O57: 72 | P57: 0.78 | Q57: 1745.28 | R57: MYR
A58: 712 JJPM-SG BULOH | B58: 322551 C38-T/E-C/S-WHITE | C58: ZUNI Universal Material Type | D58: FG Finish/Trading Mat | E58: 2962.73 | F58: MYR | G58: 45000 | H58: PCE | I58: 45516 | K58: 75000 | L58: PCE | M58: 108000 | N58: PCE | O58: 55 | P58: 2.15 | Q58: 4949.38 | R58: MYR
A59: 712 JJPM-SG BULOH | B59: 322552 C63-T/E-R/S-WHITE | C59: ZUNI Universal Material Type | D59: FG Finish/Trading Mat | E59: 1099.29 | F59: MYR | G59: 10500 | H59: PCE | I59: 45479 | J59: 45530 | K59: 51500 | L59: PCE | M59: 49500 | N59: PCE | O59: 19 | P59: 2.53 | Q59: 5230.83 | R59: MYR
A60: 712 JJPM-SG BULOH | B60: 322553 C38-T/E-I/L-R/S-WHITE | C60: ZUNI Universal Material Type | D60: FG Finish/Trading Mat | E60: 0 | F60: MYR | G60: 0 | H60: PCE | I60: 45257 | J60: 45279 | K60: 0 | L60: PCE | M60: 0 | N60: PCE | O60: 0 | P60: 0 | Q60: 0 | R60: MYR
A61: 712 JJPM-SG BULOH | B61: 322557 C63-T/E-R/S-WHITE WITH P.E WAD (ASEM) -V | C61: ZUNI Universal Material Type | D61: FG Finish/Trading Mat | E61: 0 | F61: MYR | G61: 0 | H61: PCE | J61: 45313 | K61: 0 | L61: PCE | M61: 0 | N61: PCE | O61: 0 | P61: 0 | Q61: 0 | R61: MYR
A62: 712 JJPM-SG BULOH | B62: 322558 C38-T/E-I/L-C/S-WHITE | C62: ZUNI Universal Material Type | D62: FG Finish/Trading Mat | E62: 17840.6 | F62: MYR | G62: 270600 | H62: PCE | I62: 45533 | K62: 310200 | L62: PCE | M62: 528000 | N62: PCE | O62: 80 | P62: 2.16 | Q62: 20595.22 | R62: MYR
A63: 712 JJPM-SG BULOH | B63: 322561 C38-T/E-R/S-WHITE | C63: ZUNI Universal Material Type | D63: FG Finish/Trading Mat | E63: 0 | F63: MYR | G63: 0 | H63: PCE | I63: 45063 | J63: 45064 | K63: 0 | L63: PCE | M63: 0 | N63: PCE | O63: 0 | P63: 0 | Q63: 0 | R63: MYR
A64: 712 JJPM-SG BULOH | B64: 322564 C38-T/E-I/L-R/S-WHITE WITH P.E WAD (ASEM | C64: ZUNI Universal Material Type | D64: FG Finish/Trading Mat | E64: 0 | F64: MYR | G64: 0 | H64: PCE | I64: 44197 | J64: 44496 | K64: 0 | L64: PCE | M64: 0 | N64: PCE | O64: 0 | P64: 0 | Q64: 0 | R64: MYR
A65: 712 JJPM-SG BULOH | B65: 322567 C38-T/E-C/S-YELLOW - V | C65: ZUNI Universal Material Type | D65: FG Finish/Trading Mat | E65: 2400.61 | F65: MYR | G65: 37500 | H65: PCE | I65: 45520 | J65: 45533 | K65: 48000 | L65: PCE | M65: 72000 | N65: PCE | O65: 72 | P65: 3.05 | Q65: 3068 | R65: MYR
A66: 712 JJPM-SG BULOH | B66: 322568 C63-T/E-R/S-YELLOW | C66: ZUNI Universal Material Type | D66: FG Finish/Trading Mat | E66: 4661.75 | F66: MYR | G66: 47000 | H66: PCE | K66: 104500 | L66: PCE | M66: 44500 | N66: PCE | O66: 33 | P66: 1.86 | Q66: 12885.04 | R66: MYR
A67: 712 JJPM-SG BULOH | B67: 322570 C63-T/E-R/S-YELLOW WITH P.E WAD (ASEM) | C67: ZUNI Universal Material Type | D67: FG Finish/Trading Mat | E67: 0 | F67: MYR | G67: 0 | H67: PCE | I67: 44351 | J67: 44364 | K67: 0 | L67: PCE | M67: 0 | N67: PCE | O67: 0 | P67: 0 | Q67: 0 | R67: MYR
A68: 712 JJPM-SG BULOH | B68: 322571 C38-T/E-I/L-R/S-YELLOW – V | C68: ZUNI Universal Material Type | D68: FG Finish/Trading Mat | E68: 0 | F68: MYR | G68: 0 | H68: PCE | I68: 45315 | J68: 45317 | K68: 0 | L68: PCE | M68: 0 | N68: PCE | O68: 0 | P68: 0 | Q68: 0 | R68: MYR
A69: 712 JJPM-SG BULOH | B69: 322573 C38-T/E-I/L-C/S-YELLOW | C69: ZUNI Universal Material Type | D69: FG Finish/Trading Mat | E69: 2597.04 | F69: MYR | G69: 40700 | H69: PCE | I69: 45520 | J69: 45534 | K69: 20900 | L69: PCE | M69: 45100 | N69: PCE | O69: 236 | P69: 0.79 | Q69: 1012.75 | R69: MYR
A70: 712 JJPM-SG BULOH | B70: 322574 C38-T/E-I/L-C/S-YELLOW(24433374)NESTLE V | C70: ZUNI Universal Material Type | D70: FG Finish/Trading Mat | E70: 21117.21 | F70: MYR | G70: 370700 | H70: PCE | I70: 45528 | K70: 831600 | L70: PCE | M70: 1161600 | N70: PCE | O70: 40 | P70: 4.04 | Q70: 48013.54 | R70: MYR
A71: 712 JJPM-SG BULOH | B71: 322576 C38-T/E-R/S-YELLOW | C71: ZUNI Universal Material Type | D71: FG Finish/Trading Mat | E71: 0 | F71: MYR | G71: 0 | H71: PCE | I71: 45435 | J71: 45448 | K71: 22500 | L71: PCE | M71: 0 | N71: PCE | O71: 0 | P71: 4 | Q71: 1396.43 | R71: MYR
A72: 712 JJPM-SG BULOH | B72: 322580 C38-T/E-C/S-ORANGE | C72: ZUNI Universal Material Type | D72: FG Finish/Trading Mat | E72: 3184.61 | F72: MYR | G72: 48000 | H72: PCE | I72: 45520 | J72: 45533 | K72: 6000 | L72: PCE | M72: 36000 | N72: PCE | O72: 757 | P72: 0.24 | Q72: 386.9 | R72: MYR
A73: 712 JJPM-SG BULOH | B73: 322581 C63-T/E-R/S-ORANGE | C73: ZUNI Universal Material Type | D73: FG Finish/Trading Mat | E73: 1308.94 | F73: MYR | G73: 12000 | H73: PCE | I73: 45467 | K73: 41500 | L73: PCE | M73: 0 | N73: PCE | O73: 27 | P73: 1.28 | Q73: 4526.79 | R73: MYR
A74: 712 JJPM-SG BULOH | B74: 322583 C38-T/E-I/L-C/S-ORANGE | C74: ZUNI Universal Material Type | D74: FG Finish/Trading Mat | E74: 3149.44 | F74: MYR | G74: 46200 | H74: PCE | I74: 45524 | K74: 25300 | L74: PCE | M74: 45100 | N74: PCE | O74: 216 | P74: 0.79 | Q74: 1340.49 | R74: MYR
A75: 712 JJPM-SG BULOH | B75: 322584 C38-T/E-R/S-ORANGE | C75: ZUNI Universal Material Type | D75: FG Finish/Trading Mat | E75: 0 | F75: MYR | G75: 0 | H75: PCE | I75: 45493 | J75: 45509 | K75: 22500 | L75: PCE | M75: 22500 | N75: PCE | O75: 0 | P75: 4 | Q75: 1465.41 | R75: MYR
A76: 712 JJPM-SG BULOH | B76: 322593 C28-ALFA PLAIN WHITE PLASTIC CAPS | C76: ZUNI Universal Material Type | D76: FG Finish/Trading Mat | E76: 424 | F76: MYR | G76: 42400 | H76: PCE | I76: 45264 | J76: 45510 | K76: 5300 | L76: PCE | M76: 0 | N76: PCE | O76: 736 | P76: 0.11 | Q76: 53 | R76: MYR
A77: 712 JJPM-SG BULOH | B77: 322595 C28-C/S-FLIP TOP RED | C77: ZUNI Universal Material Type | D77: FG Finish/Trading Mat | E77: 3955.21 | F77: MYR | G77: 49000 | H77: PCE | I77: 45531 | J77: 45489 | K77: 103600 | L77: PCE | M77: 123200 | N77: PCE | O77: 43 | P77: 3.61 | Q77: 8371.91 | R77: MYR
A78: 712 JJPM-SG BULOH | B78: 322597 C28-C/S-FLIP TOP YELLOW (V) | C78: ZUNI Universal Material Type | D78: FG Finish/Trading Mat | E78: 935.19 | F78: MYR | G78: 11200 | H78: PCE | I78: 44966 | J78: 45489 | K78: 1400 | L78: PCE | M78: 0 | N78: PCE | O78: 736 | P78: 0.12 | Q78: 116.9 | R78: MYR
A79: 712 JJPM-SG BULOH | B79: 322601 C28-C/S-FLIP TOP WHITE | C79: ZUNI Universal Material Type | D79: FG Finish/Trading Mat | E79: 0 | F79: MYR | G79: 0 | H79: PCE | I79: 44197 | J79: 44755 | K79: 0 | L79: PCE | M79: 0 | N79: PCE | O79: 0 | P79: 0 | Q79: 0 | R79: MYR
A80: 712 JJPM-SG BULOH | B80: 322602 C28-C/S-FLIP TOP D.GREEN | C80: ZUNI Universal Material Type | D80: FG Finish/Trading Mat | E80: 0 | F80: MYR | G80: 0 | H80: PCE | I80: 44778 | J80: 44791 | K80: 0 | L80: PCE | M80: 0 | N80: PCE | O80: 0 | P80: 0 | Q80: 0 | R80: MYR
A81: 712 JJPM-SG BULOH | B81: 322605 C28-C/S-FLIP TOP BLACK | C81: ZUNI Universal Material Type | D81: FG Finish/Trading Mat | E81: 2532.39 | F81: MYR | G81: 32200 | H81: PCE | I81: 45532 | K81: 50400 | L81: PCE | M81: 42000 | N81: PCE | O81: 59 | P81: 1.41 | Q81: 3930.69 | R81: MYR
A82: 712 JJPM-SG BULOH | B82: 322611 C28-C/S-FLIP TOP ORANGE | C82: ZUNI Universal Material Type | D82: FG Finish/Trading Mat | E82: 0 | F82: MYR | G82: 0 | H82: PCE | I82: 44915 | J82: 44922 | K82: 0 | L82: PCE | M82: 0 | N82: PCE | O82: 0 | P82: 0 | Q82: 0 | R82: MYR
A83: 712 JJPM-SG BULOH | B83: 322612 C28-R/S-FLIP TOP D.GREEN | C83: ZUNI Universal Material Type | D83: FG Finish/Trading Mat | E83: 0 | F83: MYR | G83: 0 | H83: PCE | I83: 44866 | J83: 44881 | K83: 0 | L83: PCE | M83: 0 | N83: PCE | O83: 0 | P83: 0 | Q83: 0 | R83: MYR
A84: 712 JJPM-SG BULOH | B84: 322614 C38-T/E-C/S-RED | C84: ZUNI Universal Material Type | D84: FG Finish/Trading Mat | E84: 2914.42 | F84: MYR | G84: 45000 | H84: PCE | I84: 45493 | J84: 45531 | K84: 66000 | L84: PCE | M84: 54000 | N84: PCE | O84: 62 | P84: 1.49 | Q84: 4290.83 | R84: MYR
A85: 712 JJPM-SG BULOH | B85: 322616 C38-T/E-R/S-RED | C85: ZUNI Universal Material Type | D85: FG Finish/Trading Mat | E85: 0 | F85: MYR | G85: 0 | H85: PCE | I85: 45353 | J85: 45362 | K85: 0 | L85: PCE | M85: 0 | N85: PCE | O85: 0 | P85: 0 | Q85: 0 | R85: MYR
A86: 712 JJPM-SG BULOH | B86: 322617 C63-T/E-R/S-RED | C86: ZUNI Universal Material Type | D86: FG Finish/Trading Mat | E86: 3469.67 | F86: MYR | G86: 33000 | H86: PCE | I86: 45533 | K86: 103000 | L86: PCE | M86: 67000 | N86: PCE | O86: 29 | P86: 2.55 | Q86: 10976.39 | R86: MYR
A87: 712 JJPM-SG BULOH | B87: 322620 C38-T/E-I/L-C/S-RED | C87: ZUNI Universal Material Type | D87: FG Finish/Trading Mat | E87: 1494.25 | F87: MYR | G87: 22000 | H87: PCE | I87: 45404 | K87: 14300 | L87: PCE | M87: 0 | N87: PCE | O87: 142 | P87: 0.49 | Q87: 971.25 | R87: MYR
A88: 712 JJPM-SG BULOH | B88: 322623 C110-HANDLE CAP PINK | C88: ZUNI Universal Material Type | D88: FG Finish/Trading Mat | E88: 0 | F88: MYR | G88: 0 | H88: PCE | I88: 45477 | J88: 45482 | K88: 1280 | L88: PCE | M88: 1280 | N88: PCE | O88: 0 | P88: 99999 | Q88: 622.11 | R88: MYR
A89: 712 JJPM-SG BULOH | B89: 322632 C63-T/E-R/S-GOLD | C89: ZUNI Universal Material Type | D89: FG Finish/Trading Mat | E89: 5019.86 | F89: MYR | G89: 46000 | H89: PCE | I89: 45502 | K89: 186000 | L89: PCE | M89: 192000 | N89: PCE | O89: 23 | P89: 2.79 | Q89: 20303.71 | R89: MYR
A90: 712 JJPM-SG BULOH | B90: 322635 C63-T/E-R/S-BLUE | C90: ZUNI Universal Material Type | D90: FG Finish/Trading Mat | E90: 766.42 | F90: MYR | G90: 7500 | H90: PCE | I90: 45411 | J90: 45518 | K90: 6000 | L90: PCE | M90: 0 | N90: PCE | O90: 115 | P90: 0.53 | Q90: 613.12 | R90: MYR
A91: 712 JJPM-SG BULOH | B91: 322639 C38-T/E-C/S-GREEN | C91: ZUNI Universal Material Type | D91: FG Finish/Trading Mat | E91: 2247.75 | F91: MYR | G91: 34500 | H91: PCE | I91: 45404 | K91: 36000 | L91: PCE | M91: 0 | N91: PCE | O91: 88 | P91: 0.72 | Q91: 2345.47 | R91: MYR
A92: 712 JJPM-SG BULOH | B92: 322640 C63-T/E-R/S-GREEN | C92: ZUNI Universal Material Type | D92: FG Finish/Trading Mat | E92: 1227.71 | F92: MYR | G92: 12000 | H92: PCE | I92: 45504 | K92: 39000 | L92: PCE | M92: 24000 | N92: PCE | O92: 28 | P92: 1.64 | Q92: 3983.77 | R92: MYR
A93: 712 JJPM-SG BULOH | B93: 322643 C38-T/E-I/L-C/S-GREEN | C93: ZUNI Universal Material Type | D93: FG Finish/Trading Mat | E93: 18673.63 | F93: MYR | G93: 286000 | H93: PCE | I93: 45532 | J93: 45533 | K93: 435600 | L93: PCE | M93: 583000 | N93: PCE | O93: 61 | P93: 2.61 | Q93: 28087.4 | R93: MYR
A94: 712 JJPM-SG BULOH | B94: 322644 C38-T/E-R/S-GREEN - V | C94: ZUNI Universal Material Type | D94: FG Finish/Trading Mat | E94: 0 | F94: MYR | G94: 0 | H94: PCE | I94: 45359 | J94: 45365 | K94: 0 | L94: PCE | M94: 0 | N94: PCE | O94: 0 | P94: 0 | Q94: 0 | R94: MYR
A95: 712 JJPM-SG BULOH | B95: 322646 C63-D/C 7H RED | C95: ZUNI Universal Material Type | D95: FG Finish/Trading Mat | E95: 3461.39 | F95: MYR | G95: 15000 | H95: PCE | I95: 45516 | J95: 45509 | K95: 9300 | L95: PCE | M95: 14400 | N95: PCE | O95: 152 | P95: 0.83 | Q95: 2099.72 | R95: MYR
A96: 712 JJPM-SG BULOH | B96: 322647 C63-D/C 7H BLACK | C96: ZUNI Universal Material Type | D96: FG Finish/Trading Mat | E96: 13462.79 | F96: MYR | G96: 60000 | H96: PCE | I96: 45532 | K96: 14400 | L96: PCE | M96: 57600 | N96: PCE | O96: 390 | P96: 0.57 | Q96: 3179.6 | R96: MYR
A97: 712 JJPM-SG BULOH | B97: 322649 C63-D/C 7H YELLOW | C97: ZUNI Universal Material Type | D97: FG Finish/Trading Mat | E97: 0 | F97: MYR | G97: 0 | H97: PCE | I97: 44253 | J97: 44263 | K97: 0 | L97: PCE | M97: 0 | N97: PCE | O97: 0 | P97: 0 | Q97: 0 | R97: MYR
A98: 712 JJPM-SG BULOH | B98: 322654 C63-D/C 7H RED MAGGI WITH UNI-GARD (ASEM | C98: ZUNI Universal Material Type | D98: FG Finish/Trading Mat | E98: 0 | F98: MYR | G98: 0 | H98: PCE | I98: 45418 | J98: 45418 | K98: 0 | L98: PCE | M98: 0 | N98: PCE | O98: 0 | P98: 0 | Q98: 0 | R98: MYR
A99: 712 JJPM-SG BULOH | B99: 322656 C63-D/C 3H RED | C99: ZUNI Universal Material Type | D99: FG Finish/Trading Mat | E99: 0 | F99: MYR | G99: 0 | H99: PCE | I99: 45407 | J99: 45415 | K99: 0 | L99: PCE | M99: 0 | N99: PCE | O99: 0 | P99: 0 | Q99: 0 | R99: MYR
A100: 712 JJPM-SG BULOH | B100: 322670 C38-T/E-R/S-BLACK | C100: ZUNI Universal Material Type | D100: FG Finish/Trading Mat | E100: 0 | F100: MYR | G100: 0 | H100: PCE | I100: 44894 | J100: 45373 | K100: 0 | L100: PCE | M100: 0 | N100: PCE | O100: 0 | P100: 0 | Q100: 0 | R100: MYR
A101: 712 JJPM-SG BULOH | B101: 322671 C38-T/E-C/S-BLACK - V | C101: ZUNI Universal Material Type | D101: FG Finish/Trading Mat | E101: 7113.3 | F101: MYR | G101: 114000 | H101: PCE | I101: 45512 | K101: 174000 | L101: PCE | M101: 144000 | N101: PCE | O101: 60 | P101: 1.76 | Q101: 10938.06 | R101: MYR
A102: 712 JJPM-SG BULOH | B102: 322672 C63-T/E-R/S-BLACK | C102: ZUNI Universal Material Type | D102: FG Finish/Trading Mat | E102: 4589.36 | F102: MYR | G102: 46500 | H102: PCE | I102: 45479 | K102: 95500 | L102: PCE | M102: 72000 | N102: PCE | O102: 45 | P102: 1.82 | Q102: 9426.67 | R102: MYR
A103: 712 JJPM-SG BULOH | B103: 322674 C63-T/E-R/S BLACK WITH P.E WAD (ASEM) | C103: ZUNI Universal Material Type | D103: FG Finish/Trading Mat | E103: 0 | F103: MYR | G103: 0 | H103: PCE | I103: 44287 | J103: 44288 | K103: 0 | L103: PCE | M103: 0 | N103: PCE | O103: 0 | P103: 0 | Q103: 0 | R103: MYR
A104: 712 JJPM-SG BULOH | B104: 322675 C38-T/E-I/L-R/S-BLACK | C104: ZUNI Universal Material Type | D104: FG Finish/Trading Mat | E104: 0 | F104: MYR | G104: 0 | H104: PCE | I104: 45147 | J104: 45153 | K104: 0 | L104: PCE | M104: 0 | N104: PCE | O104: 0 | P104: 0 | Q104: 0 | R104: MYR
A105: 712 JJPM-SG BULOH | B105: 322677 C38-T/E-I/L-C/S-BLACK | C105: ZUNI Universal Material Type | D105: FG Finish/Trading Mat | E105: 6303.27 | F105: MYR | G105: 100100 | H105: PCE | I105: 45516 | K105: 80300 | L105: PCE | M105: 158400 | N105: PCE | O105: 114 | P105: 1.86 | Q105: 5094.16 | R105: MYR
...

Sheet MC.5
B1: MC.5 Plant 712 SB MAR 2026 - MAY 2026
B3: Material | C3: Material Description | D3: ValStckVal | E3: ValStckVal | F3: Val. stock | G3: Val. stock | H3: LstReceipt | I3: Last GI | J3: Val.stk(I) | K3: Val.stk(I) | L3: Val.stk(R) | M3: Val.stk(R) | N3: CovValStkV | O3: ValStkTurn | P3: Tot.us.val | Q3: Tot.us.val
B4: 322380 | C4: BC28-0060-M-R-WH-LW | D4: 0 | E4: MYR | F4: 0 | G4: PCE | H4: 06.12.2021 | I4: 28.12.2021 | J4: 0 | K4: PCE | L4: 0 | M4: PCE | N4: 0 | O4: 0 | P4: 0 | Q4: MYR
B5: 322382 | C5: BC28-0060-M-R-CL-LW | D5: 0 | E5: MYR | F5: 0 | G5: PCE | H5: 27.03.2026 | I5: 30.03.2026 | J5: 10350 | K5: PCE | L5: 10350 | M5: PCE | N5: 0 | O5: 99999 | P5: 1242 | Q5: MYR
B6: 322383 | C6: BB38-0060-R-R-CL | D6: 5940 | E6: MYR | F6: 39600 | G6: PCE | H6: 25.05.2026 | J6: 69300 | K6: PCE | L6: 79200 | M6: PCE | N6: 57 | O6: 3.23 | P6: 9570 | Q6: MYR
B7: 322384 | C7: BB38-0060-R-R-AM | D7: 0 | E7: MYR | F7: 0 | G7: PCE | H7: 07.03.2025 | I7: 24.03.2025 | J7: 0 | K7: PCE | L7: 0 | M7: PCE | N7: 0 | O7: 0 | P7: 0 | Q7: MYR
B8: 322385 | C8: BX38-0075-R-R-CL | D8: 0 | E8: MYR | F8: 0 | G8: PCE | H8: 03.08.2023 | I8: 03.08.2023 | J8: 0 | K8: PCE | L8: 0 | M8: PCE | N8: 0 | O8: 0 | P8: 0 | Q8: MYR
B9: 322389 | C9: BB38-0090-R-R-CL | D9: 9009 | E9: MYR | F9: 60060 | G9: PCE | H9: 29.05.2026 | J9: 54600 | K9: PCE | L9: 56160 | M9: PCE | N9: 108 | O9: 1.32 | P9: 7675.2 | Q9: MYR
B10: 322391 | C10: BX38-0100-BM-R-AM | D10: 0 | E10: MYR | F10: 0 | G10: PCE | H10: 15.03.2026 | I10: 26.03.2026 | J10: 6500 | K10: PCE | L10: 6500 | M10: PCE | N10: 0 | O10: 99999 | P10: 1300 | Q10: MYR
B11: 322392 | C11: BX38-0100-BM-R-CL | D11: 0 | E11: MYR | F11: 0 | G11: PCE | H11: 06.09.2025 | I11: 08.09.2025 | J11: 0 | K11: PCE | L11: 0 | M11: PCE | N11: 0 | O11: 0 | P11: 0 | Q11: MYR
B12: 322394 | C12: BX38-0100-C-R-AM | D12: 302.4 | E12: MYR | F12: 1440 | G12: PCE | H12: 03.02.2026 | I12: 27.02.2026 | J12: 0 | K12: PCE | L12: 0 | M12: PCE | N12: 99999 | O12: 0 | P12: 0 | Q12: MYR
B13: 322400 | C13: BC28-0100-M-R-CL-HW | D13: 0 | E13: MYR | F13: 0 | G13: PCE | H13: 12.12.2023 | I13: 21.12.2023 | J13: 0 | K13: PCE | L13: 0 | M13: PCE | N13: 0 | O13: 0 | P13: 0 | Q13: MYR
B14: 322405 | C14: BX38-0150-C-R-CL | D14: 0 | E14: MYR | F14: 0 | G14: PCE | H14: 28.10.2025 | I14: 26.05.2026 | J14: 4800 | K14: PCE | L14: 0 | M14: PCE | N14: 0 | O14: 2 | P14: 883.2 | Q14: MYR
B15: 322406 | C15: BC28-0150-M-R-CL | D15: 0 | E15: MYR | F15: 0 | G15: PCE | H15: 05.01.2022 | I15: 20.01.2022 | J15: 0 | K15: PCE | L15: 0 | M15: PCE | N15: 0 | O15: 0 | P15: 0 | Q15: MYR
B16: 322408 | C16: BB38-0165-RH-R-CL | D16: 0 | E16: MYR | F16: 0 | G16: PCE | H16: 28.01.2022 | I16: 11.02.2022 | J16: 0 | K16: PCE | L16: 0 | M16: PCE | N16: 0 | O16: 0 | P16: 0 | Q16: MYR
B17: 322409 | C17: JJ63-0190-E-Q-CL-LW | D17: 10040.94 | E17: MYR | F17: 47814 | G17: PCE | H17: 20.04.2026 | I17: 20.04.2026 | J17: 89166 | K17: PCE | L17: 103162 | M17: PCE | N17: 94 | O17: 1.3 | P17: 9827.94 | Q17: MYR
B18: 322411 | C18: JJ63-0200-S-Q-CL | D18: 2041.2 | E18: MYR | F18: 9720 | G18: PCE | H18: 31.07.2025 | J18: 5400 | K18: PCE | L18: 0 | M18: PCE | N18: 172 | O18: 0.41 | P18: 1090.8 | Q18: MYR
B19: 322412 | C19: JJ63-0200-R-R-CL | D19: 725.97 | E19: MYR | F19: 3457 | G19: PCE | H19: 25.02.2026 | I19: 25.05.2026 | J19: 65975 | K19: PCE | L19: 28420 | M19: PCE | N19: 5 | O19: 4.51 | P19: 12799.15 | Q19: MYR
B20: 322419 | C20: JJ63-0240-R-R-CL | D20: 2268 | E20: MYR | F20: 10800 | G20: PCE | H20: 22.05.2026 | I20: 22.05.2026 | J20: 28800 | K20: PCE | L20: 36000 | M20: PCE | N20: 95 | O20: 3.2 | P20: 2196 | Q20: MYR
B21: 322420 | C21: JJ63-0240-RS-R-CL | D21: 0 | E21: MYR | F21: 0 | G21: PCE | H21: 27.02.2026 | I21: 07.05.2026 | J21: 19278 | K21: PCE | L21: 0 | M21: PCE | N21: 0 | O21: 2.06 | P21: 3931.2 | Q21: MYR
B22: 322421 | C22: BC28-0250-M-R-CL LW | D22: 0 | E22: MYR | F22: 0 | G22: PCE | H22: 05.12.2025 | I22: 10.12.2025 | J22: 0 | K22: PCE | L22: 0 | M22: PCE | N22: 0 | O22: 0 | P22: 0 | Q22: MYR
B23: 322422 | C23: JJ63-0250-S-Q-CL-HW | D23: 2430 | E23: MYR | F23: 9000 | G23: PCE | H23: 19.05.2026 | I23: 04.05.2026 | J23: 9000 | K23: PCE | L23: 18000 | M23: PCE | N23: 92 | O23: 2 | P23: 2430 | Q23: MYR
B24: 322424 | C24: JJ63-0270-E-Q-CL | D24: 0 | E24: MYR | F24: 0 | G24: PCE | H24: 29.04.2026 | I24: 04.05.2026 | J24: 10080 | K24: PCE | L24: 10080 | M24: PCE | N24: 0 | O24: 4 | P24: 2520 | Q24: MYR
B25: 322427 | C25: BX38-0300-C-R-CL | D25: 0 | E25: MYR | F25: 0 | G25: PCE | H25: 13.08.2025 | I25: 26.08.2025 | J25: 0 | K25: PCE | L25: 0 | M25: PCE | N25: 0 | O25: 0 | P25: 0 | Q25: MYR
B26: 322428 | C26: BC28-0300-PC-R-CL | D26: 1512 | E26: MYR | F26: 7560 | G26: PCE | I26: 08.05.2026 | J26: 30240 | K26: PCE | L26: 27720 | M26: PCE | N26: 24 | O26: 4.36 | P26: 5846.4 | Q26: MYR
B27: 322429 | C27: JJ63-0300-R-R-CL | D27: 2030 | E27: MYR | F27: 10150 | G27: PCE | H27: 21.04.2026 | I27: 21.04.2026 | J27: 31465 | K27: PCE | L27: 40600 | M27: PCE | N27: 33 | O27: 5.9 | P27: 5653.55 | Q27: MYR
B28: 322431 | C28: JJ63-0310-R-R-CL | D28: 0 | E28: MYR | F28: 0 | G28: PCE | H28: 15.04.2025 | I28: 03.06.2025 | J28: 0 | K28: PCE | L28: 0 | M28: PCE | N28: 0 | O28: 0 | P28: 0 | Q28: MYR
B29: 322434 | C29: BC28-0350-GE-R-BL | D29: 0 | E29: MYR | F29: 0 | G29: PCE | H29: 24.12.2025 | I29: 26.12.2025 | J29: 0 | K29: PCE | L29: 0 | M29: PCE | N29: 0 | O29: 0 | P29: 0 | Q29: MYR
B30: 322435 | C30: JJ63-0350-NH-R-CL | D30: 793.8 | E30: MYR | F30: 2940 | G30: PCE | H30: 03.04.2026 | I30: 07.05.2026 | J30: 25200 | K30: PCE | L30: 16380 | M30: PCE | N30: 12 | O30: 2.64 | P30: 6312.6 | Q30: MYR
B31: 322436 | C31: JJ63-0350-R-R-CL | D31: 4821.25 | E31: MYR | F31: 19285 | G31: PCE | H31: 06.09.2025 | I31: 13.03.2026 | J31: 1015 | K31: PCE | L31: 0 | M31: PCE | N31: 1986 | O31: 0.05 | P31: 223.3 | Q31: MYR
B32: 322438 | C32: BC28-0355-A-Q-CL | D32: 7817.04 | E32: MYR | F32: 35532 | G32: PCE | H32: 11.05.2026 | I32: 12.05.2026 | J32: 52452 | K32: PCE | L32: 54144 | M32: PCE | N32: 66 | O32: 2.86 | P32: 10862.64 | Q32: MYR
B33: 322442 | C33: JJ63-0400-EH-R-CL | D33: 1710 | E33: MYR | F33: 6840 | G33: PCE | H33: 05.05.2026 | I33: 14.05.2026 | J33: 10320 | K33: PCE | L33: 1680 | M33: PCE | N33: 76 | O33: 0.91 | P33: 2066.4 | Q33: MYR
B34: 322444 | C34: JJ63-0400-RH-R-CL | D34: 1943.76 | E34: MYR | F34: 7476 | G34: PCE | H34: 13.05.2026 | I34: 14.05.2026 | J34: 33376 | K34: PCE | L34: 28084 | M34: PCE | N34: 23 | O34: 3.15 | P34: 7636.44 | Q34: MYR
B35: 322445 | C35: JJ63-0400-SH-S-CL | D35: 22599 | E35: MYR | F35: 83700 | G35: PCE | H35: 24.05.2026 | I35: 21.05.2026 | J35: 107100 | K35: PCE | L35: 149400 | M35: PCE | N35: 83 | O35: 1.64 | P35: 25137 | Q35: MYR
B36: 322446 | C36: BC28-0430-A-Q-CL | D36: 0 | E36: MYR | F36: 0 | G36: PCE | H36: 23.02.2023 | I36: 23.02.2023 | J36: 0 | K36: PCE | L36: 0 | M36: PCE | N36: 0 | O36: 0 | P36: 0 | Q36: MYR
B37: 322448 | C37: BCY28-0500-W-R-CL | D37: 8537.4 | E37: MYR | F37: 25110 | G37: PCE | H37: 24.05.2021 | I37: 17.06.2021 | J37: 291600 | K37: PCE | L37: 297270 | M37: PCE | N37: 9 | O37: 7.24 | P37: 88063.2 | Q37: MYR
B38: 322451 | C38: BC28-0500-WNHP-R-BR | D38: 1653.12 | E38: MYR | F38: 4032 | G38: PCE | H38: 23.12.2025 | I38: 07.05.2026 | J38: 25200 | K38: PCE | L38: 0 | M38: PCE | N38: 16 | O38: 1.44 | P38: 9681.84 | Q38: MYR
... B59: 322537 | C59: Z-HANDLE - RED | D59: 4478.63 | E59: MYR | F59: 38909 | G59: PCE | H59: 13.02.2026 | I59: 20.02.2026 | J59: 0 | K59: PCE | L59: 0 | M59: PCE | N59: 99999 | O59: 0 | P59: 0 | Q59: MYR
B60: 322540 | C60: Z-HANDLE - GREEN | D60: 10857.84 | E60: MYR | F60: 103507 | G60: PCE | H60: 26.05.2026 | J60: 603011 | K60: PCE | L60: 579494 | M60: PCE | N60: 31 | O60: 2.81 | P60: 32231.74 | Q60: MYR
B61: 322542 | C61: Z-HANDLE - WHITE | D61: 4257.06 | E61: MYR | F61: 37936 | G61: PCE | H61: 17.03.2026 | I61: 12.03.2026 | J61: 16768 | K61: PCE | L61: 26384 | M61: PCE | N61: 416 | O61: 0.24 | P61: 940.82 | Q61: MYR
B62: 322550 | C62: BB38-2000-K2-S-CL | D62: 578.88 | E62: MYR | F62: 864 | G62: PCE | H62: 25.07.2025 | I62: 05.05.2026 | J62: 2592 | K62: PCE | L62: 0 | M62: PCE | N62: 33 | O62: 1.2 | P62: 1615.68 | Q62: MYR
B63: 322551 | C63: C38-T/E-C/S-WHITE | D63: 946.27 | E63: MYR | F63: 13500 | G63: PCE | H63: 03.04.2026 | I63: 08.05.2026 | J63: 60000 | K63: PCE | L63: 36000 | M63: PCE | N63: 22 | O63: 3.08 | P63: 3925.11 | Q63: MYR
B64: 322552 | C64: C63-T/E-R/S-WHITE | D64: 631.52 | E64: MYR | F64: 6500 | G64: PCE | H64: 04.03.2026 | I64: 20.05.2026 | J64: 45500 | K64: PCE | L64: 24000 | M64: PCE | N64: 13 | O64: 2.09 | P64: 4424.34 | Q64: MYR
B65: 322553 | C65: C38-T/E-I/L-R/S-WHITE | D65: 0 | E65: MYR | F65: 0 | G65: PCE | H65: 13.06.2025 | I65: 16.06.2025 | J65: 0 | K65: PCE | L65: 0 | M65: PCE | N65: 0 | O65: 0 | P65: 0 | Q65: MYR
B66: 322557 | C66: C63-T/E-R/S-WHITE WITH P.E WAD (ASEM) -V | D66: 0 | E66: MYR | F66: 0 | G66: PCE | H66: 27.02.2026 | I66: 16.03.2026 | J66: 6000 | K66: PCE | L66: 0 | M66: PCE | N66: 0 | O66: 4 | P66: 1100.18 | Q66: MYR
B67: 322558 | C67: C38-T/E-I/L-C/S-WHITE | D67: 0 | E67: MYR | F67: 0 | G67: PCE | H67: 22.05.2026 | I67: 25.05.2026 | J67: 265100 | K67: PCE | L67: 105600 | M67: PCE | N67: 0 | O67: 4.59 | P67: 17458.37 | Q67: MYR
B68: 322561 | C68: C38-T/E-R/S-WHITE | D68: 0 | E68: MYR | F68: 0 | G68: PCE | H68: 17.05.2023 | I68: 18.05.2023 | J68: 0 | K68: PCE | L68: 0 | M68: PCE | N68: 0 | O68: 0 | P68: 0 | Q68: MYR
B69: 322564 | C69: C38-T/E-I/L-R/S-WHITE WITH P.E WAD (ASEM | D69: 0 | E69: MYR | F69: 0 | G69: PCE | H69: 01.01.2021 | I69: 27.10.2021 | J69: 0 | K69: PCE | L69: 0 | M69: PCE | N69: 0 | O69: 0 | P69: 0 | Q69: MYR
B70: 322567 | C70: C38-T/E-C/S-YELLOW - V | D70: 1657.32 | E70: MYR | F70: 27000 | G70: PCE | H70: 30.12.2025 | I70: 20.05.2026 | J70: 24000 | K70: PCE | L70: 0 | M70: PCE | N70: 103 | O70: 0.6 | P70: 1473.18 | Q70: MYR
B71: 322568 | C71: C63-T/E-R/S-YELLOW | D71: 14210.96 | E71: MYR | F71: 123000 | G71: PCE | H71: 20.05.2026 | I71: 21.05.2026 | J71: 179500 | K71: PCE | L71: 216000 | M71: PCE | N71: 72 | O71: 2.5 | P71: 18261.88 | Q71: MYR
B72: 322570 | C72: C63-T/E-R/S-YELLOW WITH P.E WAD (ASEM) | D72: 0 | E72: MYR | F72: 0 | G72: PCE | H72: 24.06.2025 | I72: 26.06.2025 | J72: 0 | K72: PCE | L72: 0 | M72: PCE | N72: 0 | O72: 0 | P72: 0 | Q72: MYR
... B96: 322635 | C96: C63-T/E-R/S-BLUE | D96: 0 | E96: MYR | F96: 0 | G96: PCE | H96: 13.02.2026 | I96: 15.05.2026 | J96: 23000 | K96: PCE | L96: 0 | M96: PCE | N96: 0 | O96: 1.42 | P96: 2218.47 | Q96: MYR
B97: 322639 | C97: C38-T/E-C/S-GREEN | D97: 1935.88 | E97: MYR | F97: 31500 | G97: PCE | H97: 25.02.2026 | J97: 55500 | K97: PCE | L97: 0 | M97: PCE | N97: 52 | O97: 1.05 | P97: 3410.86 | Q97: MYR
B98: 322640 | C98: C63-T/E-R/S-GREEN | D98: 4459.62 | E98: MYR | F98: 36500 | G98: PCE | H98: 29.05.2026 | I98: 15.05.2026 | J98: 42000 | K98: PCE | L98: 72000 | M98: PCE | N98: 97 | O98: 2.69 | P98: 4227.9 | Q98: MYR
B99: 322643 | C99: C38-T/E-I/L-C/S-GREEN | D99: 6998.58 | E99: MYR | F99: 114400 | G99: PCE | H99: 22.05.2026 | J99: 304700 | K99: PCE | L99: 146300 | M99: PCE | N99: 35 | O99: 1.25 | P99: 18630.79 | Q99: MYR
B100: 322644 | C100: C38-T/E-R/S-GREEN - V | D100: 1601.4 | E100: MYR | F100: 22500 | G100: PCE | H100: 13.05.2026 | I100: 16.05.2025 | J100: 0 | K100: PCE | L100: 22500 | M100: PCE | N100: 99999 | O100: 0 | P100: 0 | Q100: MYR
B101: 322646 | C101: C63-D/C 7H RED | D101: 3456.26 | E101: MYR | F101: 16200 | G101: PCE | H101: 29.05.2026 | I101: 26.01.2026 | J101: 0 | K101: PCE | L101: 14400 | M101: PCE | N101: 99999 | O101: 0 | P101: 0 | Q101: MYR
B102: 322647 | C102: C63-D/C 7H BLACK | D102: 186.54 | E102: MYR | F102: 900 | G102: PCE | H102: 04.03.2026 | I102: 12.05.2026 | J102: 33000 | K102: PCE | L102: 28800 | M102: PCE | N102: 3 | O102: 3.7 | P102: 6839.97 | Q102: MYR
B103: 322649 | C103: C63-D/C 7H YELLOW | D103: 0 | E103: MYR | F103: 0 | G103: PCE | H103: 26.02.2021 | I103: 08.03.2021 | J103: 0 | K103: PCE | L103: 0 | M103: PCE | N103: 0 | O103: 0 | P103: 0 | Q103: MYR
B104: 322654 | C104: C63-D/C 7H RED MAGGI WITH UNI-GARD (ASEM | D104: 0 | E104: MYR | F104: 0 | G104: PCE | H104: 06.05.2024 | I104: 06.05.2024 | J104: 0 | K104: PCE | L104: 0 | M104: PCE | N104: 0 | O104: 0 | P104: 0 | Q104: MYR
B105: 322656 | C105: C63-D/C 3H RED | D105: 383.96 | E105: MYR | F105: 1800 | G105: PCE | H105: 28.07.2025 | I105: 29.07.2025 | J105: 0 | K105: PCE | L105: 0 | M105: PCE | N105: 99999 | O105: 0 | P105: 0 | Q105: MYR
B106: 322670 | C106: C38-T/E-R/S-BLACK | D106: 0 | E106: MYR | F106: 0 | G106: PCE | H106: 29.11.2022 | I106: 22.03.2024 | J106: 0 | K106: PCE | L106: 0 | M106: PCE | N106: 0 | O106: 0 | P106: 0 | Q106: MYR
B107: 322671 | C107: C38-T/E-C/S-BLACK - V | D107: 1827.64 | E107: MYR | F107: 30000 | G107: PCE | H107: 28.05.2025 | I107: 08.05.2026 | J107: 22500 | K107: PCE | L107: 0 | M107: PCE | N107: 123 | O107: 0.53 | P107: 1370.72 | Q107: MYR
B108: 322672 | C108: C63-T/E-R/S-BLACK | D108: 1864.55 | E108: MYR | F108: 20500 | G108: PCE | H108: 27.03.2026 | J108: 84000 | K108: PCE | L108: 96000 | M108: PCE | N108: 22 | O108: 1.75 | P108: 7642.44 | Q108: MYR
B109: 322674 | C109: C63-T/E-R/S BLACK WITH P.E WAD (ASEM) | D109: 0 | E109: MYR | F109: 0 | G109: PCE | H109: 01.04.2021 | I109: 02.04.2021 | J109: 0 | K109: PCE | L109: 0 | M109: PCE | N109: 0 | O109: 0 | P109: 0 | Q109: MYR
B110: 322675 | C110: C38-T/E-I/L-R/S-BLACK | D110: 0 | E110: MYR | F110: 0 | G110: PCE | H110: 22.07.2025 | I110: 23.07.2025 | J110: 0 | K110: PCE | L110: 0 | M110: PCE | N110: 0 | O110: 0 | P110: 0 | Q110: MYR
B111: 322677 | C111: C38-T/E-I/L-C/S-BLACK | D111: 3286.74 | E111: MYR | F111: 53901 | G111: PCE | H111: 12.01.2026 | I111: 20.05.2026 | J111: 31900 | K111: PCE | L111: 0 | M111: PCE | N111: 155 | O111: 0.49 | P111: 1945.19 | Q111: MYR
B112: 322679 | C112: C63-T/E-R/S-BRONZE | D112: 97.87 | E112: MYR | F112: 1000 | G112: PCE | H112: 13.01.2026 | I112: 25.05.2026 | J112: 23500 | K112: PCE | L112: 0 | M112: PCE | N112: 4 | O112: 1.61 | P112: 2300.06 | Q112: MYR
B113: 322685 | C113: C28-EZY CAP YELLOW | D113: 32503.46 | E113: MYR | F113: 196000 | G113: PCE | H113: 21.05.2026 | J113: 680000 | K113: PCE | L113: 743000 | M113: PCE | N113: 27 | O113: 5.16 | P113: 109694.2 | Q113: MYR
B114: 322692 | C114: C38-FILTER CLEAR SMALL HOLE - V | D114: 0 | E114: MYR | F114: 0 | G114: PCE | H114: 01.01.2021 | I114: 07.09.2021 | J114: 0 | K114: PCE | L114: 0 | M114: PCE | N114: 0 | O114: 0 | P114: 0 | Q114: MYR
B115: 322694 | C115: C63-BUNG CLEAR | D115: 11636.72 | E115: MYR | F115: 273000 | G115: PCE | H115: 10.05.2026 | I115: 18.05.2026 | J115: 217000 | K115: PCE | L115: 470400 | M115: PCE | N115: 121 | O115: 1.35 | P115: 8861.21 | Q115: MYR
B116: 322695 | C116: C63-BUNG WHITE | D116: 960.78 | E116: MYR | F116: 22400 | G116: PCE | H116: 06.03.2026 | I116: 15.05.2026 | J116: 18200 | K116: PCE | L116: 33600 | M116: PCE | N116: 113 | O116: 0.76 | P116: 780.65 | Q116: MYR
B117: 322698 | C117: C63-BUNG GOLD | D117: 2163.38 | E117: MYR | F117: 46200 | G117: PCE | H117: 09.04.2026 | I117: 15.05.2026 | J117: 40600 | K117: PCE | L117: 67200 | M117: PCE | N117: 104 | O117: 1.05 | P117: 1916.64 | Q117: MYR
B118: 322699 | C118: Z-28-EZY CAP COVER | D118: 0 | E118: MYR | F118: 0 | G118: PCE | H118: 27.09.2023 | I118: 04.12.2023 | J118: 0 | K118: PCE | L118: 0 | M118: PCE | N118: 0 | O118: 0 | P118: 0 | Q118: MYR
B119: 322720 | C119: M-INJ ORANGE MP30373-05 | D119: 6087.19 | E119: MYR | F119: 95.922 | G119: KG | H119: 23.04.2026 | I119: 10.05.2026 | J119: 51.942 | K119: KG | L119: 88.528 | M119: KG | N119: 1630 | O119: 0.07 | P119: 343.57 | Q119: MYR
B120: 322725 | C120: M-PET RENOL TR VIOLET NE41449007-ZN | D120: 0 | E120: MYR | F120: 0 | G120: KG | H120: 19.11.2021 | I120: 22.11.2021 | J120: 0 | K120: KG | L120: 0 | M120: KG | N120: 0 | O120: 0 | P120: 0 | Q120: MYR
B121: 322732 | C121: M-PET RENOL BLUE 20897-35(MYA) | D121: 0.01 | E121: MYR | F121: 1.038 | G121: KG | H121: 19.12.2025 | I121: 24.12.2025 | J121: 0 | K121: KG | L121: 0 | M121: KG | N121: 99999 | O121: 0 | P121: 0 | Q121: MYR
B122: 322734 | C122: M-INJ REMAFIN YELLOW M1013 (FP) | D122: 5395.7 | E122: MYR | F122: 83.947 | G122: KG | H122: 29.05.2026 | I122: 29.05.2026 | J122: 162.631 | K122: KG | L122: 170.096 | M122: KG | N122: 94 | O122: 1.04 | P122: 5287.27 | Q122: MYR
B123: 322762 | C123: M-INJ REMAFIN GREEN-ML66243-05 | D123: 1231.06 | E123: MYR | F123: 22.383 | G123: KG | H123: 29.11.2022 | I123: 15.07.2025 | J123: 0 | K123: KG | L123: 0 | M123: KG | N123: 99999 | O123: 0 | P123: 0 | Q123: MYR
B124: 322764 | C124: M-INJ MASTER BATCH-YELLOW (EVO)-2204 | D124: 3606.49 | E124: MYR | F124: 137.128 | G124: KG | H124: 18.05.2026 | I124: 29.05.2026 | J124: 384.682 | K124: KG | L124: 334.183 | M124: KG | N124: 64 | O124: 1.18 | P124: 5220.54 | Q124: MYR
B125: 322765 | C125: M-INJ MASTER BATCH-RED (EVO)-31381 | D125: 2460.07 | E125: MYR | F125: 83.694 | G125: KG | H125: 18.05.2026 | I125: 29.05.2026 | J125: 80.634 | K125: KG | L125: 90.937 | M125: KG | N125: 196 | O125: 0.49 | P125: 1152.53 | Q125: MYR
... B149: 323091 | C149: BX38-1000-RH-R-CL(GREEN) (ASEM) | D149: 8746.5 | E149: MYR | F149: 17850 | G149: PCE | H149: 22.05.2026 | I149: 25.05.2026 | J149: 38850 | K149: PCE | L149: 44100 | M149: PCE | N149: 46 | O149: 2.89 | P149: 17638.44 | Q149: MYR
B150: 323092 | C150: BX38-1000-GH-R-CL(GREEN) (ASEM) | D150: 12799.5 | E150: MYR | F150: 27825 | G150: PCE | I150: 25.05.2026 | J150: 79800 | K150: PCE | L150: 82425 | M150: PCE | N150: 34 | O150: 3.82 | P150: 34753.7 | Q150: MYR
B151: 323102 | C151: BX38-1500-H-R-CL-LW(GREEN) (ASEM) | D151: 0 | E151: MYR | F151: 0 | G151: PCE | H151: 22.05.2026 | I151: 25.05.2026 | J151: 61440 | K151: PCE | L151: 33600 | M151: PCE | N151: 0 | O151: 2.45 | P151: 29315.32 | Q151: MYR
B152: 323107 | C152: BB38-2000-HR-R-CL(RED) (ASEM) | D152: 0 | E152: MYR | F152: 0 | G152: PCE | H152: 20.02.2026 | I152: 16.03.2026 | J152: 13440 | K152: PCE | L152: 0 | M152: PCE | N152: 0 | O152: 4 | P152: 9945.6 | Q152: MYR
B153: 323110 | C153: BB38-2000-H-R-CL(GREEN) (ASEM) | D153: 0 | E153: MYR | F153: 0 | G153: PCE | H153: 08.01.2024 | I153: 10.01.2024 | J153: 0 | K153: PCE | L153: 0 | M153: PCE | N153: 0 | O153: 0 | P153: 0 | Q153: MYR
B154: 323111 | C154: BB38-2000-H-R-CL(WHITE) (ASEM) | D154: 0 | E154: MYR | F154: 0 | G154: PCE | H154: 19.03.2026 | I154: 26.03.2026 | J154: 5520 | K154: PCE | L154: 5520 | M154: PCE | N154: 0 | O154: 99999 | P154: 4084.8 | Q154: MYR
B155: 323133 | C155: BX38-2000-RH-R-CL(GREEN) (ASEM) | D155: 8611.2 | E155: MYR | F155: 13248 | G155: PCE | H155: 22.05.2026 | I155: 25.05.2026 | J155: 72864 | K155: PCE | L155: 66240 | M155: PCE | N155: 18 | O155: 4.88 | P155: 43707.08 | Q155: MYR
B156: 323135 | C156: BX38-2000-RH-R-CL(YELLOW) (ASEM) | D156: 0 | E156: MYR | F156: 0 | G156: PCE | H156: 21.09.2025 | I156: 23.09.2025 | J156: 0 | K156: PCE | L156: 0 | M156: PCE | N156: 0 | O156: 0 | P156: 0 | Q156: MYR
B157: 323509 | C157: C28-C/S-FLIP TOP GREEN | D157: 0 | E157: MYR | F157: 0 | G157: PCE | H157: 04.05.2026 | I157: 07.05.2026 | J157: 30800 | K157: PCE | L157: 30800 | M157: PCE | N157: 0 | O157: 99999 | P157: 2553.8 | Q157: MYR
B158: 324122 | C158: Z-CJ 28/410 WHITE DISPENSER PUMP | D158: 0 | E158: MYR | F158: 0 | G158: PCE | H158: 25.02.2021 | I158: 25.02.2021 | J158: 0 | K158: PCE | L158: 0 | M158: PCE | N158: 0 | O158: 0 | P158: 0 | Q158: MYR
B159: 324123 | C159: Z-CJ 33/410 WHITE DISPENSER PUMP | D159: 0 | E159: MYR | F159: 0 | G159: PCE | H159: 29.11.2021 | I159: 11.04.2023 | J159: 0 | K159: PCE | L159: 0 | M159: PCE | N159: 0 | O159: 0 | P159: 0 | Q159: MYR
B160: 324126 | C160: BS38-0250-RJ-R-CL | D160: 0 | E160: MYR | F160: 0 | G160: PCE | H160: 29.09.2022 | I160: 25.10.2022 | J160: 0 | K160: PCE | L160: 0 | M160: PCE | N160: 0 | O160: 0 | P160: 0 | Q160: MYR
B161: 324150 | C161: BX38-1000-RN-R-CL | D161: 0 | E161: MYR | F161: 0 | G161: PCE | H161: 14.12.2023 | I161: 18.12.2023 | J161: 0 | K161: PCE | L161: 0 | M161: PCE | N161: 0 | O161: 0 | P161: 0 | Q161: MYR
B162: 324156 | C162: C63-T/E-R/S-BROWN | D162: 2813.42 | E162: MYR | F162: 26000 | G162: PCE | H162: 31.03.2026 | I162: 09.04.2026 | J162: 30000 | K162: PCE | L162: 30000 | M162: PCE | N162: 80 | O162: 0.9 | P162: 3246.25 | Q162: MYR
B163: 324160 | C163: C28-EZY CAP GREEN | D163: 0 | E163: MYR | F163: 0 | G163: PCE | H163: 08.01.2025 | I163: 15.01.2025 | J163: 0 | K163: PCE | L163: 0 | M163: PCE | N163: 0 | O163: 0 | P163: 0 | Q163: MYR
B164: 324163 | C164: BC28-0265-A-Q-CL | D164: 1927.86 | E164: MYR | F164: 8763 | G164: PCE | J164: 118872 | K164: PCE | L164: 73152 | M164: PCE | N164: 7 | O164: 3.49 | P164: 24086.82 | Q164: MYR
B165: 324165 | C165: JJ63-0400-SH-S-WH | D165: 1065.6 | E165: MYR | F165: 3552 | G165: PCE | H165: 29.05.2026 | I165: 25.05.2026 | J165: 347904 | K165: PCE | L165: 266208 | M165: PCE | N165: 1 | O165: 15.67 | P165: 100892.16 | Q165: MYR
B166: 324168 | C166: JJ63-0500-M-R-AM | D166: 0 | E166: MYR | F166: 0 | G166: PCE | H166: 14.10.2021 | I166: 27.02.2026 | J166: 0 | K166: PCE | L166: 0 | M166: PCE | N166: 0 | O166: 0 | P166: 0 | Q166: MYR
B167: 324170 | C167: JJ63-0750-SHX-S-CL | D167: 0 | E167: MYR | F167: 0 | G167: PCE | H167: 12.08.2024 | I167: 29.08.2024 | J167: 0 | K167: PCE | L167: 0 | M167: PCE | N167: 0 | O167: 0 | P167: 0 | Q167: MYR
...

Sheet REF
A1: Prod Hier | B1: Material Group | C1: REF1 | K1: Material Group | L1: Prod Hier | O1: Material Group | P1: Prod Hier
A2: BOTTLE-GENERAL | B2: FG | C2: Bottle, Container, Tub (PP,HDPE,PE) | K2: FG | L2: SALES ORDER STOCK | O2: FG | P2: BOTTLE-GENERAL
A3: BOTTLE-HDPE | B3: FG | C3: Bottle, Container, Tub (PP,HDPE,PE) | K3: FG | L3: RAW MATERIAL | O3: FG | P3: BOTTLE-HDPE
A4: BOTTLE-PE | B4: FG | C4: Bottle, Container, Tub (PP,HDPE,PE) | K4: FG | L4: MOULDED FOAM | O4: FG | P4: BOTTLE-PE
A5: BOTTLE-PP | B5: FG | C5: Bottle, Container, Tub (PP,HDPE,PE) | K5: FG | L5: IPD | O5: FG | P5: BOTTLE-PP
A6: CAP(N/A) | B6: FG | C6: Bottle, Jar (PET),General | K6: FG | L6: #N/A | O6: FG | P6: CAP(N/A)
A7: CAP-HDPE GENERAL | B7: FG | C7: Bottle, Jar (PET),General | K7: FG | L7: BOTTLE | O7: FG | P7: CAP-HDPE GENERAL
A8: CAP-LDPE | B8: FG | C8: Cap, Cup, Cover, Lid | K8: FG | L8: LABEL | O8: FG | P8: CAP-LDPE
A9: CAP-PP | B9: FG | C9: Cap, Cup, Cover, Lid | K9: NS | L9: IPD | O9: FG | P9: CAP-PP
A10: CONTAINER, TUB-PP | B10: FG | C10: Cap, Cup, Cover, Lid | K10: NS | L10: #N/A | O10: FG | P10: CONTAINER, TUB-PP
A11: HANDLE,PUMP,SCOOP,IN | B11: FG | C11: Cap, Cup, Cover, Lid | K11: PK | L11: IPD | O11: FG | P11: HANDLE,PUMP,SCOOP,IN
A12: JAR-GENERAL | B12: FG | C12: Handle, Pump, Scoop, Holder, Stick | K12: PK | L12: #N/A | O12: FG | P12: JAR-GENERAL
A13: LABEL | B13: FG | C13: Freight, Transport, Insurance | K13: RM | L13: RAW MATERIAL | O13: FG | P13: LABEL
A14: OTHER | B14: FG | C14: Mould, Scrap charges, Label | K14: RM | L14: MOULDED FOAM | O14: FG | P14: OTHER
A15: OTHERS | B15: FG | C15: Freight, Transport, Insurance | K15: RM | L15: #N/A | O15: FG | P15: OTHERS
A16: OTHERS(N/A) | B16: RM | C16: Raw Material | K16: RM | L16: IPD | O16: RM | P16: OTHERS(N/A)
A17: PALLET | B17: PK | C17: OTHERS | K17: SF | L17: RAW MATERIAL | O17: PK | P17: PALLET
A18: RAW MAT - HDPE | B18: RM | C18: Raw Material | K18: SF | L18: MOULDED FOAM | O18: RM | P18: RAW MAT - HDPE
A19: RAW MAT - LDPE | B19: RM | C19: Raw Material | K19: SF | L19: #N/A | O19: RM | P19: RAW MAT - LDPE
A20: RAW MAT - MB | B20: RM | C20: Raw Material | K20: Overall Result | L20: #N/A | O20: RM | P20: RAW MAT - MB
A21: RAW MAT - Others | B21: RM | C21: Raw Material | O21: RM | P21: RAW MAT - Others
A22: RAW MAT - PET | B22: RM | C22: Raw Material | O22: RM | P22: RAW MAT - PET
A23: RAW MAT - PP | B23: RM | C23: Insert | O23: RM | P23: RAW MAT - PP
A24: RAW MATERIAL | B24: RM | C24: Raw Material | O24: RM | P24: RAW MATERIAL
A25: WAD,SEAL,INSERT | B25: FG | C25: OTHERS(N/A) | O25: FG | P25: WAD,SEAL,INSERT
A26: CONTAINER, TUB | B26: FG | C26: Cap, Cup, Cover, Lid
A27: CONTAINER, TUB-HPDE | B27: FG | C27: Cap, Cup, Cover, Lid
B30: PH Level1 | C30: PH Level 1 Description | E30: PH Level2 | F30: PH Level 2 Description
B31: 60104 | C31: PET | E31: 601041000B | F31: Bottle
B32: 60105 | C32: PE | E32: 601041000J | F32: Jar /Container/Tub
B33: 60106 | C33: PP | E33: 601041000P | F33: Preform
B34: 60200 | C34: Additives | E34: 60104R0001 | F34: Recycled
B35: 65000 | C35: Supplies | E35: 60104V0000 | F35: Virgin grade
B36: 65400 | C36: Secondary/ Component | E36: 60104R0000 | F36: Internal Regrind
B37: 6T800 | C37: Mould | E37: 601051000B | F37: Bottle
B38: 60107 | C38: Nylon | E38: 601051000C | F38: Closure/Lid/ Handle
E39: 601051000J | F39: Jar /Container/Tub
E40: 60105100JC | F40: Jerrycan
E41: 60105V0000 | F41: Virgin grade
E42: 60105R0000 | F42: Internal Regrind
E43: 60105R0001 | F43: Recycled
E44: 601061000B | F44: Bottle
E45: 601061000C | F45: Closure/Lid/ Handle
E46: 601061000J | F46: Jar /Container/Tub
E47: 60106V0000 | F47: Virgin grade
E48: 60106R0000 | F48: Internal Regrind
E49: 60106R0001 | F49: Recycled
E50: 65000L0000 | F50: Logistic & Other Supplies
... E52: 60107V0000 | F52: Virgin grade
E53: 6010720000 | F53: Component
