Workbook
Name DATA10: #REF!
Name DATA11: #REF!
Name DATA12: #REF!
Name DATA2: #REF!
Name DATA3: #REF!
Name DATA4: #REF!
Name DATA5: #REF!
Name DATA6: #REF!
Name DATA7: #REF!
Name DATA8: #REF!
Name DATA9: #REF!
Name TEST1: #REF!
Name TESTHKEY: #REF!
Name TESTKEYS: #REF!
Name TESTVKEY: #REF!

Sheet Daily Report
N1: 0
C2: Supvs Morning | D2: Taufik | AP2: Night | AX2: 262.5 | BR2: 11.736875 | BV2: 7.2943087 | DN2: =#REF! -> #REF!
C3: Supvs Night | D3: Nagin | DN3: Summary Production Machine Efficiency
A4: Date | B4: M/C No | C4: PACKER NAME | D4: Material Type | E4: Sap No. | F4: Product Code | G4: JO No. (Prod. Order No.) | I4: Cav | J4: Gross Weight (gm) | K4: Net Weight (gm) | L4: SHORT | M4: Qty Order (pcs) | N4: WIP Opening (pcs) | O4: WIP Closing (pcs) | P4: Shift Output | Q4: Finish Good (Inward-pcs) To Warehouse | R4: Inward to W/H (kg) | S4: Accumulate Qty Build(pcs) | T4: Balance Qty (pcs) | U4: Material Used (kg) | V4: Runner-Kg | W4: Start up(kg) | X4: Start up (%) | Y4: Prod Reject | Z4: Prod. Reject (%) | AA4: Actual CT (s) | AB4: Run Hours | AC4: SAP Target CT (s) | AD4: Mold Set Up Time (hrs) | AG4: M/C DT (hrs) | AI4: Idle DT | AJ4: Remark | AU4: PROD REJECT | AV4: 0010 (PCS) | AX4: FG | AY4: 0020(PCS) | BC4: For YPP34 0010 | CH4: For YPP34 0020 | DN4: Machine | DO4: Product | DP4: Plan Output | DQ4: Shift Output | DR4: Eff% | DS4: Process Wastages-kg | DT4: Process Wastages % | DU4: Total D'time Hours | DV4: Total Mold Set-Up- Hours | DW4: REJECTION % | DY4: Remark
AD5: FS | AE5: HS | AF5: BM | AG5: MTC | AH5: TECH | AI5: Prod / QC /Other | AK5: Part Scrap | AL5: Labelling Reject | AM5: Purging | AN5: Preform | AO5: Material Descrepancy Inward vs Material Used | AP5: Shift | AQ5: Shift Date Start | AR5: Shift Time Start | AS5: Shift Date End | AT5: Shift Time End | AU5: (PCS) | AV5: Before Yields | AW5: 1 hours Tgt | AX5: Run Hours | AY5: D'TIME Hrs | AZ5: FG Inwards | BA5: Reject (PCS) | BB5: Reject (%) | BC5: Plant | BD5: Posting Date | BE5: Prod Order | BF5: Operation | BG5: Material | BH5: Mat Description | BI5: Start Date | BJ5: Start time | BK5: Finish Date | BL5: Finish time | BM5: Yield Qty | BN5: Scrap Qty | BO5: Un | BP5: Setup | BQ5: Unit | BR5: Machine | BS5: Unit | BT5: Labor | BU5: UOM | BV5: Water/Elect | BW5: UOM | BX5: Fuel(H)/Packing(UN) | BY5: Unit | BZ5: Downtime | CA5: Unit | CB5: Reason for Variance | CC5: Personnel No. | CD5: Confirmation text | CE5: Final Confirmation checkbox | CF5: Clear open reservation checkbox | CG5: Expiry Date (only for ITA plant) | CH5: Plant | CI5: Posting Date | CJ5: Prod Order | CK5: Operation | CL5: Material | CM5: Mat Description | CN5: Start Date | CO5: Start time | CP5: Finish Date | CQ5: Finish time | CR5: Yield Qty | CS5: Scrap Qty | CT5: Un | CU5: Setup | CV5: Unit | CW5: Machine | CX5: Unit | CY5: Labor | CZ5: UOM | DA5: Water/Elect | DB5: UOM | DC5: Fuel(H)/Packing(UN) | DD5: Unit | DE5: Downtime | DF5: Unit | DG5: Reason for Variance | DH5: Personnel No. | DI5: Confirmation text | DJ5: Final Confirmation checkbox | DK5: Clear open reservation checkbox | DL5: Expiry Date (only for ITA plant)
A6: 5M | B6: A5 | C6: RASHIDI | D6: =VLOOKUP(E6,'Reference Card '!A:E,5,FALSE) -> PET | E6: 322471 | F6: =VLOOKUP(E6,'[1]Reference Card '!A:B,2,FALSE) -> JJ63-0750-HX-H-CL-LW | G6: 10703385 | H6: - | I6: =VLOOKUP(E6,'[1]Reference Card '!A:C,3,FALSE) -> 4 | J6: =VLOOKUP(E6,'[1]Reference Card '!A:H,8,FALSE) -> 34.5 | K6: =VLOOKUP(E6,'[1]Reference Card '!A:F,6,FALSE) -> 34.5 | L6: 1625 | M6: 22176 | N6: 0 | O6: 0 | P6: =L6*I6 -> 6500 | Q6: 6468 | R6: =(Q6*K6)/1000 -> 223.146 | S6: 22176 | T6: =IF(M6="Sample","-",IF(M6="RTFN","-",M6-S6)) -> 0 | U6: =(P6*K6)/1000 -> 224.25 | V6: 0 | W6: 0 | X6: =W6/U6 -> 0 | Y6: 1 | Z6: =Y6/U6 -> 0.0044593088 | AA6: 22.8 | AB6: =AA6/3600*L6 -> 10.291667 | AC6: =VLOOKUP(E6,'[2]Reference Card '!A:I,9,FALSE) -> 16.2 | AJ6: Run well.Stop 4.15pm.c/order. | AM6: 2 | AN6: 5 | AO6: =(U6-R6-W6-Y6-AM6-AN6)-(O6*K6/1000) -> -6.896 | AP6: Morning | AQ6: 05.08.2026 | AR6: 06:00:00 | AS6: 05.08.2026 | AT6: 18:00:00 | AU6: =(Y6+W6+AM6+AN6)*1000/K6 -> 231.88406 | AV6: =Q6+AU6 -> 6699.8841 | AW6: =3600/AA6*I6 -> 631.57895 | AX6: =(AV6/AW6)+AY6 -> 10.60815 | AY6: =AG6+AH6+AI6 -> 0 | AZ6: =Q6 -> 6468 | BA6: =AU6 -> 231.88406 | BB6: =BA6/AZ6 -> 0.035850968 | BC6: 712 | BE6: =G6 -> 10703385 | BF6: 0010 | BG6: =E6 -> 322471 | BH6: =F6 -> JJ63-0750-HX-H-CL-LW | BI6: =AQ6 -> 05.08.2026 | BJ6: =AR6 -> 06:00:00 | BK6: =AS6 -> 05.08.2026 | BL6: =AT6 -> 18:00:00 | BM6: =ROUNDDOWN(Q6+AU6,0) -> 6699 | BN6: 0 | BO6: PCE | BQ6: H | BR6: =(AV6/AW6)+AY6 -> 10.60815 | BS6: H | BT6: =(AV6/AW6)+AY6 -> 10.60815 | BU6: H | BV6: =(AV6/AW6)+AY6 -> 10.60815 | BW6: H | BY6: H | CA6: H | CH6: 712 | CJ6: =G6 -> 10703385 | CK6: 0020 | CL6: =E6 -> 322471 | CM6: =F6 -> JJ63-0750-HX-H-CL-LW | CN6: =AQ6 -> 05.08.2026 | CO6: =AR6 -> 06:00:00 | CP6: =AS6 -> 05.08.2026 | CQ6: =AT6 -> 18:00:00 | CR6: =ROUNDDOWN(AZ6,0) -> 6468 | CS6: =ROUNDDOWN(BA6,0) -> 231 | CT6: PCE | CV6: H | CX6: H | CZ6: H | DB6: H | DD6: H | DF6: H | DN6: =B6 -> A5 | DO6: =F6 -> JJ63-0750-HX-H-CL-LW | DP6: =(3600/AC6)*I6*12*0.98 -> 10453.333 | DQ6: =P6 -> 6500 | DR6: =DQ6/DP6*100 -> 62.181122 | DS6: =Y6 -> 1 | DT6: =Z6 -> 0.0044593088 | DU6: =SUM(AG6:AI6) -> 0 | DV6: =SUM(AD6:AF6) -> 0 | DW6: =Y6+W6+AM6+AN6/U6*100 -> 5.2296544 | DY6: =AJ6 -> Run well.Stop 4.15pm.c/order.
A7: 5M | B7: A5 | C7: NA | D7: =VLOOKUP(E7,'Reference Card '!A:E,5,FALSE) -> PET | E7: 324173 | F7: =VLOOKUP(E7,'[1]Reference Card '!A:B,2,FALSE) -> JJ63-0600-RH-R-CL | G7: 10704263 | H7: - | I7: =VLOOKUP(E7,'[1]Reference Card '!A:C,3,FALSE) -> 4 | J7: =VLOOKUP(E7,'[1]Reference Card '!A:H,8,FALSE) -> 34 | K7: =VLOOKUP(E7,'[1]Reference Card '!A:F,6,FALSE) -> 34.5 | L7: 0 | M7: 31500 | N7: 0 | O7: 0 | P7: =L7*I7 -> 0 | Q7: 0 | R7: =(Q7*K7)/1000 -> 0 | S7: 0 | T7: =IF(M7="Sample","-",IF(M7="RTFN","-",M7-S7)) -> 31500 | U7: =(P7*K7)/1000 -> 0 | V7: 0 | W7: 5.5 | X7: =W7/U7 -> #DIV/0! | Y7: 0 | Z7: =Y7/U7 -> #DIV/0! | AA7: 22.8 | AB7: =AA7/3600*L7 -> 0 | AC7: =VLOOKUP(E7,'[2]Reference Card '!A:I,9,FALSE) -> 20.4 | AF7: 1.5 | AH7: 0.25 | AJ7: Start 7.30pm. | AM7: 5 | AN7: 4 | AO7: =(U7-R7-W7-Y7-AM7-AN7)-(O7*K7/1000) -> -14.5 | AP7: Morning | AQ7: 05.08.2026 | AR7: 06:00:00 | AS7: 05.08.2026 | AT7: 18:00:00 | AU7: =(Y7+W7+AM7+AN7)*1000/K7 -> 420.28986 | AV7: =Q7+AU7 -> 420.28986 | AW7: =3600/AA7*I7 -> 631.57895 | AX7: =(AV7/AW7)+AY7 -> 0.91545894 | AY7: =AG7+AH7+AI7 -> 0.25 | AZ7: =Q7 -> 0 | BA7: =AU7 -> 420.28986 | BB7: =BA7/AZ7 -> #DIV/0! | BC7: 712 | BE7: =G7 -> 10704263 | BF7: 0010 | BG7: =E7 -> 324173 | BH7: =F7 -> JJ63-0600-RH-R-CL | BI7: =AQ7 -> 05.08.2026 | BJ7: =AR7 -> 06:00:00 | BK7: =AS7 -> 05.08.2026 | BL7: =AT7 -> 18:00:00 | BM7: =ROUNDDOWN(Q7+AU7,0) -> 420 | BN7: 0 | BO7: PCE | BQ7: H | BR7: =(AV7/AW7)+AY7 -> 0.91545894 | BS7: H | BT7: =(AV7/AW7)+AY7 -> 0.91545894 | BU7: H | BV7: =(AV7/AW7)+AY7 -> 0.91545894 | BW7: H | BY7: H | CA7: H | CH7: 712 | CJ7: =G7 -> 10704263 | CK7: 0020 | CL7: =E7 -> 324173 | CM7: =F7 -> JJ63-0600-RH-R-CL | CN7: =AQ7 -> 05.08.2026 | CO7: =AR7 -> 06:00:00 | CP7: =AS7 -> 05.08.2026 | CQ7: =AT7 -> 18:00:00 | CR7: =ROUNDDOWN(AZ7,0) -> 0 | CS7: =ROUNDDOWN(BA7,0) -> 420 | CT7: PCE | CV7: H | CX7: H | CZ7: H | DB7: H | DD7: H | DF7: H | DN7: =B7 -> A5 | DO7: =F7 -> JJ63-0600-RH-R-CL | DP7: =(3600/AC7)*I7*12*0.98 -> 8301.1765 | DQ7: =P7 -> 0 | DR7: =DQ7/DP7*100 -> 0 | DS7: =Y7 -> 0 | DT7: =Z7 -> #DIV/0! | DU7: =SUM(AG7:AI7) -> 0.25 | DV7: =SUM(AD7:AF7) -> 1.5 | DW7: =Y7+W7+AM7+AN7/U7*100 -> #DIV/0! | DY7: =AJ7 -> Start 7.30pm.
A8: 5M | B8: A6 | C8: KALAMUDIN/PUNES | D8: =VLOOKUP(E8,'Reference Card '!A:E,5,FALSE) -> PET | E8: 322493 | F8: =VLOOKUP(E8,'[1]Reference Card '!A:B,2,FALSE) -> BC28-0280-HD-R-CL-LW | G8: 10704264 | H8: - | I8: =VLOOKUP(E8,'[1]Reference Card '!A:C,3,FALSE) -> 4 | J8: =VLOOKUP(E8,'[1]Reference Card '!A:H,8,FALSE) -> 23 | K8: =VLOOKUP(E8,'[1]Reference Card '!A:F,6,FALSE) -> 23 | L8: 1590 | M8: 30600 | N8: 1275 | O8: 1105 | P8: =L8*I8 -> 6360 | Q8: 6375 | R8: =(Q8*K8)/1000 -> 146.625 | S8: 25330 | T8: =IF(M8="Sample","-",IF(M8="RTFN","-",M8-S8)) -> 5270 | U8: =(P8*K8)/1000 -> 146.28 | V8: =(J8-K8)*P8/1000 -> 0 | W8: 0 | X8: =W8/U8 -> 0 | Y8: 3.5 | Z8: =Y8/U8 -> 0.023926716 | AA8: 26.9 | AB8: =AA8/3600*L8 -> 11.880833 | AC8: =VLOOKUP(E8,'[2]Reference Card '!A:I,9,FALSE) -> 22.5 | AJ8: Base deform.L.test. | AM8: 3 | AN8: 4 | AO8: =(U8-R8-W8-Y8-AM8-AN8)-(O8*K8/1000) -> -36.26 | AP8: Morning | AQ8: 05.08.2026 | AR8: 06:00:00 | AS8: 05.08.2026 | AT8: 18:00:00 | AU8: =(Y8+W8+AM8+AN8)*1000/K8 -> 456.52174 | AV8: =Q8+AU8 -> 6831.5217 | AW8: =3600/AA8*I8 -> 535.31599 | AX8: =(AV8/AW8)+AY8 -> 12.761662 | AY8: =AG8+AH8+AI8 -> 0 | AZ8: =Q8 -> 6375 | BA8: =AU8 -> 456.52174 | BB8: =BA8/AZ8 -> 0.071611253 | BC8: 712 | BE8: =G8 -> 10704264 | BF8: 0010 | BG8: =E8 -> 322493 | BH8: =F8 -> BC28-0280-HD-R-CL-LW | BI8: =AQ8 -> 05.08.2026 | BJ8: =AR8 -> 06:00:00 | BK8: =AS8 -> 05.08.2026 | BL8: =AT8 -> 18:00:00 | BM8: =ROUNDDOWN(Q8+AU8,0) -> 6831 | BN8: 0 | BO8: PCE | BQ8: H | BR8: =(AV8/AW8)+AY8 -> 12.761662 | BS8: H | BT8: =(AV8/AW8)+AY8 -> 12.761662 | BU8: H | BV8: =(AV8/AW8)+AY8 -> 12.761662 | BW8: H | BY8: H | CA8: H | CH8: 712 | CJ8: =G8 -> 10704264 | CK8: 0020 | CL8: =E8 -> 322493 | CM8: =F8 -> BC28-0280-HD-R-CL-LW | CN8: =AQ8 -> 05.08.2026 | CO8: =AR8 -> 06:00:00 | CP8: =AS8 -> 05.08.2026 | CQ8: =AT8 -> 18:00:00 | CR8: =ROUNDDOWN(AZ8,0) -> 6375 | CS8: =ROUNDDOWN(BA8,0) -> 456 | CT8: PCE | CV8: H | CX8: H | CZ8: H | DB8: H | DD8: H | DF8: H | DN8: =B8 -> A6 | DO8: =F8 -> BC28-0280-HD-R-CL-LW | DP8: =(3600/AC8)*I8*12*0.98 -> 7526.4 | DQ8: =P8 -> 6360 | DR8: =DQ8/DP8*100 -> 84.502551 | DS8: =Y8 -> 3.5 | DT8: =Z8 -> 0.023926716 | DU8: =SUM(AG8:AI8) -> 0 | DV8: =SUM(AD8:AF8) -> 0 | DW8: =Y8+W8+AM8+AN8/U8*100 -> 9.2344818 | DY8: =AJ8 -> Base deform.L.test.
A9: 5M | B9: A7 | C9: NA | D9: =VLOOKUP(E9,'Reference Card '!A:E,5,FALSE) -> PET | E9: 324212 | F9: =VLOOKUP(E9,'[1]Reference Card '!A:B,2,FALSE) -> BB38-0250-S-S-CL | G9: 10704834 | H9: - | I9: =VLOOKUP(E9,'[1]Reference Card '!A:C,3,FALSE) -> 4 | J9: =VLOOKUP(E9,'[1]Reference Card '!A:H,8,FALSE) -> 16 | K9: =VLOOKUP(E9,'[1]Reference Card '!A:F,6,FALSE) -> 16 | L9: 0 | M9: 25600 | N9: 0 | O9: 0 | P9: =L9*I9 -> 0 | Q9: 0 | R9: =(Q9*K9)/1000 -> 0 | S9: 0 | T9: =IF(M9="Sample","-",IF(M9="RTFN","-",M9-S9)) -> 25600 | U9: =(P9*K9)/1000 -> 0 | V9: =(J9-K9)*P9/1000 -> 0 | W9: 0 | X9: =W9/U9 -> #DIV/0! | Y9: 0 | Z9: =Y9/U9 -> #DIV/0! | AA9: 26.9 | AB9: =AA9/3600*L9 -> 0 | AC9: =VLOOKUP(E9,'[2]Reference Card '!A:I,9,FALSE) -> 18.32 | AD9: 5.5 | AG9: 4 | AH9: 2.5 | AJ9: mntc service mc oil.Under tech start up. | AO9: =(U9-R9-W9-Y9-AM9-AN9)-(O9*K9/1000) -> 0 | AP9: Morning | AQ9: 05.08.2026 | AR9: 06:00:00 | AS9: 05.08.2026 | AT9: 18:00:00 | AU9: =(Y9+W9+AM9+AN9)*1000/K9 -> 0 | AV9: =Q9+AU9 -> 0 | AW9: =3600/AA9*I9 -> 535.31599 | AX9: =(AV9/AW9)+AY9 -> 6.5 | AY9: =AG9+AH9+AI9 -> 6.5 | AZ9: =Q9 -> 0 | BA9: =AU9 -> 0 | BB9: =BA9/AZ9 -> #DIV/0! | BC9: 712 | BE9: =G9 -> 10704834 | BF9: 0010 | BG9: =E9 -> 324212 | BH9: =F9 -> BB38-0250-S-S-CL | BI9: =AQ9 -> 05.08.2026 | BJ9: =AR9 -> 06:00:00 | BK9: =AS9 -> 05.08.2026 | BL9: =AT9 -> 18:00:00 | BM9: =ROUNDDOWN(Q9+AU9,0) -> 0 | BN9: 0 | BO9: PCE | BQ9: H | BR9: =(AV9/AW9)+AY9 -> 6.5 | BS9: H | BT9: =(AV9/AW9)+AY9 -> 6.5 | BU9: H | BV9: =(AV9/AW9)+AY9 -> 6.5 | BW9: H | BY9: H | CA9: H | CH9: 712 | CJ9: =G9 -> 10704834 | CK9: 0020 | CL9: =E9 -> 324212 | CM9: =F9 -> BB38-0250-S-S-CL | CN9: =AQ9 -> 05.08.2026 | CO9: =AR9 -> 06:00:00 | CP9: =AS9 -> 05.08.2026 | CQ9: =AT9 -> 18:00:00 | CR9: =ROUNDDOWN(AZ9,0) -> 0 | CS9: =ROUNDDOWN(BA9,0) -> 0 | CT9: PCE | CV9: H | CX9: H | CZ9: H | DB9: H | DD9: H | DF9: H | DN9: =B9 -> A7 | DO9: =F9 -> BB38-0250-S-S-CL | DP9: =(3600/AC9)*I9*12*0.98 -> 9243.6681 | DQ9: =P9 -> 0 | DR9: =DQ9/DP9*100 -> 0 | DS9: =Y9 -> 0 | DT9: =Z9 -> #DIV/0! | DU9: =SUM(AG9:AI9) -> 6.5 | DV9: =SUM(AD9:AF9) -> 5.5 | DW9: =Y9+W9+AM9+AN9/U9*100 -> #DIV/0! | DY9: =AJ9 -> mntc service mc oil.Under tech start up.
A10: 5M | B10: A9 | C10: PUNES | D10: =VLOOKUP(E10,'Reference Card '!A:E,5,FALSE) -> PET | E10: 347623 | F10: =VLOOKUP(E10,'[1]Reference Card '!A:B,2,FALSE) -> BC28-0375-K-R-CL | G10: 10704679 | H10: - | I10: =VLOOKUP(E10,'[1]Reference Card '!A:C,3,FALSE) -> 4 | J10: =VLOOKUP(E10,'[1]Reference Card '!A:H,8,FALSE) -> 35.6 | K10: =VLOOKUP(E10,'[1]Reference Card '!A:F,6,FALSE) -> 35.6 | L10: 1674 | M10: 38640 | N10: 5152 | O10: 736 | P10: =L10*I10 -> 6696 | Q10: 11040 | R10: =(Q10*K10)/1000 -> 393.024 | S10: 11776 | T10: =IF(M10="Sample","-",IF(M10="RTFN","-",M10-S10)) -> 26864 | U10: =(P10*K10)/1000 -> 238.3776 | V10: =(J10-K10)*P10/1000 -> 0 | W10: 0 | X10: =W10/U10 -> 0 | Y10: 2.6 | Z10: =Y10/U10 -> 0.010907065 | AA10: 25.4 | AB10: =AA10/3600*L10 -> 11.811 | AC10: =VLOOKUP(E10,'[2]Reference Card '!A:I,9,FALSE) -> 27 | AJ10: Run well.l.test. | AO10: =(U10-R10-W10-Y10-AM10-AN10)-(O10*K10/1000) -> -183.448 | AP10: Morning | AQ10: 05.08.2026 | AR10: 06:00:00 | AS10: 05.08.2026 | AT10: 18:00:00 | AU10: =(Y10+W10+AM10+AN10)*1000/K10 -> 73.033708 | AV10: =Q10+AU10 -> 11113.034 | AW10: =3600/AA10*I10 -> 566.92913 | AX10: =(AV10/AW10)+AY10 -> 19.602157 | AY10: =AG10+AH10+AI10 -> 0 | AZ10: =Q10 -> 11040 | BA10: =AU10 -> 73.033708 | BB10: =BA10/AZ10 -> 0.0066153721 | BC10: 712 | BE10: =G10 -> 10704679 | BF10: 0010 | BG10: =E10 -> 347623 | BH10: =F10 -> BC28-0375-K-R-CL | BI10: =AQ10 -> 05.08.2026 | BJ10: =AR10 -> 06:00:00 | BK10: =AS10 -> 05.08.2026 | BL10: =AT10 -> 18:00:00 | BM10: =ROUNDDOWN(Q10+AU10,0) -> 11113 | BN10: 0 | BO10: PCE | BQ10: H | BR10: =(AV10/AW10)+AY10 -> 19.602157 | BS10: H | BT10: =(AV10/AW10)+AY10 -> 19.602157 | BU10: H | BV10: =(AV10/AW10)+AY10 -> 19.602157 | BW10: H | BY10: H | CA10: H | CH10: 712 | CJ10: =G10 -> 10704679 | CK10: 0020 | CL10: =E10 -> 347623 | CM10: =F10 -> BC28-0375-K-R-CL | CN10: =AQ10 -> 05.08.2026 | CO10: =AR10 -> 06:00:00 | CP10: =AS10 -> 05.08.2026 | CQ10: =AT10 -> 18:00:00 | CR10: =ROUNDDOWN(AZ10,0) -> 11040 | CS10: =ROUNDDOWN(BA10,0) -> 73 | CT10: PCE | CV10: H | CX10: H | CZ10: H | DB10: H | DD10: H | DF10: H | DN10: =B10 -> A9 | DO10: =F10 -> BC28-0375-K-R-CL | DP10: =(3600/AC10)*I10*12*0.98 -> 6272 | DQ10: =P10 -> 6696 | DR10: =DQ10/DP10*100 -> 106.7602 | DS10: =Y10 -> 2.6 | DT10: =Z10 -> 0.010907065 | DU10: =SUM(AG10:AI10) -> 0 | DV10: =SUM(AD10:AF10) -> 0 | DW10: =Y10+W10+AM10+AN10/U10*100 -> 2.6 | DY10: =AJ10 -> Run well.l.test.
A11: 5M | B11: A10 | C11: ZAM/SHAHID | D11: =VLOOKUP(E11,'Reference Card '!A:E,5,FALSE) -> PET | E11: 532981 | F11: =VLOOKUP(E11,'[1]Reference Card '!A:B,2,FALSE) -> JG63-0175-R-R-AM | G11: 10703864 | H11: - | I11: =VLOOKUP(E11,'[1]Reference Card '!A:C,3,FALSE) -> 4 | J11: =VLOOKUP(E11,'[1]Reference Card '!A:H,8,FALSE) -> 24.45 | K11: =VLOOKUP(E11,'[1]Reference Card '!A:F,6,FALSE) -> 24 | L11: 710 | M11: 87552 | N11: 4560 | O11: 1824 | P11: =L11*I11 -> 2840 | Q11: 5472 | R11: =(Q11*K11)/1000 -> 131.328 | S11: 62016 | T11: =IF(M11="Sample","-",IF(M11="RTFN","-",M11-S11)) -> 25536 | U11: =(P11*K11)/1000 -> 68.16 | V11: 0 | W11: 0 | X11: =W11/U11 -> 0 | Y11: 2.5 | Z11: =Y11/U11 -> 0.036678404 | AA11: 22 | AB11: =AA11/3600*L11 -> 4.3388889 | AC11: =VLOOKUP(E11,'[2]Reference Card '!A:I,9,FALSE) -> 20 | AG11: 7 | AJ11: Charging problem.Stop 9am-4pm.Under mntc. | AM11: 12 | AN11: 12 | AO11: =(U11-R11-W11-Y11-AM11-AN11)-(O11*K11/1000) -> -133.444 | AP11: Morning | AQ11: 05.08.2026 | AR11: 06:00:00 | AS11: 05.08.2026 | AT11: 18:00:00 | AU11: =(Y11+W11+AM11+AN11)*1000/K11 -> 1104.1667 | AV11: =Q11+AU11 -> 6576.1667 | AW11: =3600/AA11*I11 -> 654.54545 | AX11: =(AV11/AW11)+AY11 -> 17.046921 | AY11: =AG11+AH11+AI11 -> 7 | AZ11: =Q11 -> 5472 | BA11: =AU11 -> 1104.1667 | BB11: =BA11/AZ11 -> 0.20178484 | BC11: 712 | BE11: =G11 -> 10703864 | BF11: 0010 | BG11: =E11 -> 532981 | BH11: =F11 -> JG63-0175-R-R-AM | BI11: =AQ11 -> 05.08.2026 | BJ11: =AR11 -> 06:00:00 | BK11: =AS11 -> 05.08.2026 | BL11: =AT11 -> 18:00:00 | BM11: =ROUNDDOWN(Q11+AU11,0) -> 6576 | BN11: 0 | BO11: PCE | BQ11: H | BR11: =(AV11/AW11)+AY11 -> 17.046921 | BS11: H | BT11: =(AV11/AW11)+AY11 -> 17.046921 | BU11: H | BV11: =(AV11/AW11)+AY11 -> 17.046921 | BW11: H | BY11: H | CA11: H | CH11: 712 | CJ11: =G11 -> 10703864 | CK11: 0020 | CL11: =E11 -> 532981 | CM11: =F11 -> JG63-0175-R-R-AM | CN11: =AQ11 -> 05.08.2026 | CO11: =AR11 -> 06:00:00 | CP11: =AS11 -> 05.08.2026 | CQ11: =AT11 -> 18:00:00 | CR11: =ROUNDDOWN(AZ11,0) -> 5472 | CS11: =ROUNDDOWN(BA11,0) -> 1104 | CT11: PCE | CV11: H | CX11: H | CZ11: H | DB11: H | DD11: H | DF11: H | DN11: =B11 -> A10 | DO11: =F11 -> JG63-0175-R-R-AM | DP11: =(3600/AC11)*I11*12*0.98 -> 8467.2 | DQ11: =P11 -> 2840 | DR11: =DQ11/DP11*100 -> 33.541194 | DS11: =Y11 -> 2.5 | DT11: =Z11 -> 0.036678404 | DU11: =SUM(AG11:AI11) -> 7 | DV11: =SUM(AD11:AF11) -> 0 | DW11: =Y11+W11+AM11+AN11/U11*100 -> 32.105634 | DY11: =AJ11 -> Charging problem.Stop 9am-4pm.Under mntc.
A12: 5M | B12: A12 | C12: KALAMUDIN | D12: =VLOOKUP(E12,'Reference Card '!A:E,5,FALSE) -> PET | E12: 543590 | F12: =VLOOKUP(E12,'[1]Reference Card '!A:B,2,FALSE) -> BC28-0130-R-R-AM | G12: 10702380 | H12: - | I12: =VLOOKUP(E12,'[1]Reference Card '!A:C,3,FALSE) -> 4 | J12: =VLOOKUP(E12,'[1]Reference Card '!A:H,8,FALSE) -> 19 | K12: =VLOOKUP(E12,'[1]Reference Card '!A:F,6,FALSE) -> 19 | L12: 2086 | M12: 120120 | N12: 2464 | O12: 3388 | P12: =L12*I12 -> 8344 | Q12: 7392 | R12: =(Q12*K12)/1000 -> 140.448 | S12: 99484 | T12: =IF(M12="Sample","-",IF(M12="RTFN","-",M12-S12)) -> 20636 | U12: =(P12*K12)/1000 -> 158.536 | V12: =(J12-K12)*P12/1000 -> 0 | W12: 0 | X12: =W12/U12 -> 0 | Y12: 0.5 | Z12: =Y12/U12 -> 0.0031538578 | AA12: 20.2 | AB12: =AA12/3600*L12 -> 11.704778 | AC12: =VLOOKUP(E12,'[2]Reference Card '!A:I,9,FALSE) -> 18.72 | AJ12: Run well.L.test. | AM12: 5 | AN12: 5 | AO12: =(U12-R12-W12-Y12-AM12-AN12)-(O12*K12/1000) -> -56.784 | AP12: Morning | AQ12: 05.08.2026 | AR12: 06:00:00 | AS12: 05.08.2026 | AT12: 18:00:00 | AU12: =(Y12+W12+AM12+AN12)*1000/K12 -> 552.63158 | AV12: =Q12+AU12 -> 7944.6316 | AW12: =3600/AA12*I12 -> 712.87129 | AX12: =(AV12/AW12)+AY12 -> 11.144553 | AY12: =AG12+AH12+AI12 -> 0 | AZ12: =Q12 -> 7392 | BA12: =AU12 -> 552.63158 | BB12: =BA12/AZ12 -> 0.074760766 | BC12: 712 | BE12: =G12 -> 10702380 | BF12: 0010 | BG12: =E12 -> 543590 | BH12: =F12 -> BC28-0130-R-R-AM | BI12: =AQ12 -> 05.08.2026 | BJ12: =AR12 -> 06:00:00 | BK12: =AS12 -> 05.08.2026 | BL12: =AT12 -> 18:00:00 | BM12: =ROUNDDOWN(Q12+AU12,0) -> 7944 | BN12: 0 | BO12: PCE | BQ12: H | BR12: =(AV12/AW12)+AY12 -> 11.144553 | BS12: H | BT12: =(AV12/AW12)+AY12 -> 11.144553 | BU12: H | BV12: =(AV12/AW12)+AY12 -> 11.144553 | BW12: H | BY12: H | CA12: H | CH12: 712 | CJ12: =G12 -> 10702380 | CK12: 0020 | CL12: =E12 -> 543590 | CM12: =F12 -> BC28-0130-R-R-AM | CN12: =AQ12 -> 05.08.2026 | CO12: =AR12 -> 06:00:00 | CP12: =AS12 -> 05.08.2026 | CQ12: =AT12 -> 18:00:00 | CR12: =ROUNDDOWN(AZ12,0) -> 7392 | CS12: =ROUNDDOWN(BA12,0) -> 552 | CT12: PCE | CV12: H | CX12: H | CZ12: H | DB12: H | DD12: H | DF12: H | DN12: =B12 -> A12 | DO12: =F12 -> BC28-0130-R-R-AM | DP12: =(3600/AC12)*I12*12*0.98 -> 9046.1538 | DQ12: =P12 -> 8344 | DR12: =DQ12/DP12*100 -> 92.238095 | DS12: =Y12 -> 0.5 | DT12: =Z12 -> 0.0031538578 | DU12: =SUM(AG12:AI12) -> 0 | DV12: =SUM(AD12:AF12) -> 0 | DW12: =Y12+W12+AM12+AN12/U12*100 -> 8.6538578 | DY12: =AJ12 -> Run well.L.test.
A13: 5M | B13: A13 | C13: SHAHID | D13: =VLOOKUP(E13,'Reference Card '!A:E,5,FALSE) -> rPET | E13: 593537 | F13: =VLOOKUP(E13,'[1]Reference Card '!A:B,2,FALSE) -> BX38-1000-RN-R-CL-rPET 0.2 | G13: 10704764 | H13: - | I13: =VLOOKUP(E13,'[1]Reference Card '!A:C,3,FALSE) -> 4 | J13: =VLOOKUP(E13,'[1]Reference Card '!A:H,8,FALSE) -> 56.5 | K13: =VLOOKUP(E13,'[1]Reference Card '!A:F,6,FALSE) -> 56.8 | L13: 1501 | M13: 69000 | N13: 3450 | O13: 115 | P13: =L13*I13 -> 6004 | Q13: 9200 | R13: =(Q13*K13)/1000 -> 522.56 | S13: 9315 | T13: =IF(M13="Sample","-",IF(M13="RTFN","-",M13-S13)) -> 59685 | U13: =(P13*K13)/1000 -> 341.0272 | V13: 0 | W13: 0 | X13: =W13/U13 -> 0 | Y13: 7.8 | Z13: =Y13/U13 -> 0.022872076 | AA13: 29 | AB13: =AA13/3600*L13 -> 12.091389 | AC13: =VLOOKUP(E13,'[2]Reference Card '!A:I,9,FALSE) -> 28.5 | AJ13: Lip white mark.L.test. | AO13: =(U13-R13-W13-Y13-AM13-AN13)-(O13*K13/1000) -> -195.8648 | AP13: Morning | AQ13: 05.08.2026 | AR13: 06:00:00 | AS13: 05.08.2026 | AT13: 18:00:00 | AU13: =(Y13+W13+AM13+AN13)*1000/K13 -> 137.32394 | AV13: =Q13+AU13 -> 9337.3239 | AW13: =3600/AA13*I13 -> 496.55172 | AX13: =(AV13/AW13)+AY13 -> 18.804333 | AY13: =AG13+AH13+AI13 -> 0 | AZ13: =Q13 -> 9200 | BA13: =AU13 -> 137.32394 | BB13: =BA13/AZ13 -> 0.014926516 | BC13: 712 | BE13: =G13 -> 10704764 | BF13: 0010 | BG13: =E13 -> 593537 | BH13: =F13 -> BX38-1000-RN-R-CL-rPET 0.2 | BI13: =AQ13 -> 05.08.2026 | BJ13: =AR13 -> 06:00:00 | BK13: =AS13 -> 05.08.2026 | BL13: =AT13 -> 18:00:00 | BM13: =ROUNDDOWN(Q13+AU13,0) -> 9337 | BN13: 0 | BO13: PCE | BQ13: H | BR13: =(AV13/AW13)+AY13 -> 18.804333 | BS13: H | BT13: =(AV13/AW13)+AY13 -> 18.804333 | BU13: H | BV13: =(AV13/AW13)+AY13 -> 18.804333 | BW13: H | BY13: H | CA13: H | CH13: 712 | CJ13: =G13 -> 10704764 | CK13: 0020 | CL13: =E13 -> 593537 | CM13: =F13 -> BX38-1000-RN-R-CL-rPET 0.2 | CN13: =AQ13 -> 05.08.2026 | CO13: =AR13 -> 06:00:00 | CP13: =AS13 -> 05.08.2026 | CQ13: =AT13 -> 18:00:00 | CR13: =ROUNDDOWN(AZ13,0) -> 9200 | CS13: =ROUNDDOWN(BA13,0) -> 137 | CT13: PCE | CV13: H | CX13: H | CZ13: H | DB13: H | DD13: H | DF13: H | DN13: =B13 -> A13 | DO13: =F13 -> BX38-1000-RN-R-CL-rPET 0.2 | DP13: =(3600/AC13)*I13*12*0.98 -> 5941.8947 | DQ13: =P13 -> 6004 | DR13: =DQ13/DP13*100 -> 101.04521 | DS13: =Y13 -> 7.8 | DT13: =Z13 -> 0.022872076 | DU13: =SUM(AG13:AI13) -> 0 | DV13: =SUM(AD13:AF13) -> 0 | DW13: =Y13+W13+AM13+AN13/U13*100 -> 7.8 | DY13: =AJ13 -> Lip white mark.L.test.
A14: 5M | B14: A14 | C14: WIYAH | D14: =VLOOKUP(E14,'Reference Card '!A:E,5,FALSE) -> KingFa NC050 | E14: 666344 | F14: BC28-0056-D-APH-5040-0756-PP | G14: 10703060 | H14: - | I14: =VLOOKUP(E14,'[1]Reference Card '!A:C,3,FALSE) -> 6 | J14: 12.3 | K14: 12.3 | L14: 1564 | M14: 162000 | N14: 4455 | O14: 5670 | P14: =L14*I14 -> 9384 | Q14: 8100 | R14: =(Q14*K14)/1000 -> 99.63 | S14: 119070 | T14: =IF(M14="Sample","-",IF(M14="RTFN","-",M14-S14)) -> 42930 | U14: =(P14*K14)/1000 -> 115.4232 | V14: =(J14-K14)*P14/1000 -> 0 | W14: 0 | X14: =W14/U14 -> 0 | Y14: 0.8 | Z14: =Y14/U14 -> 0.0069310156 | AA14: 27.8 | AB14: =AA14/3600*L14 -> 12.077556 | AC14: =VLOOKUP(E14,'[2]Reference Card '!A:I,9,FALSE) -> 26 | AJ14: Run well.L.test. | AO14: =(U14-R14-W14-Y14-AM14-AN14)-(O14*K14/1000) -> -54.7478 | AP14: Morning | AQ14: 05.08.2026 | AR14: 06:00:00 | AS14: 05.08.2026 | AT14: 18:00:00 | AU14: =(Y14+W14+AM14+AN14)*1000/K14 -> 65.04065 | AV14: =Q14+AU14 -> 8165.0407 | AW14: =3600/AA14*I14 -> 776.97842 | AX14: =(AV14/AW14)+AY14 -> 10.50871 | AY14: =AG14+AH14+AI14 -> 0 | AZ14: =Q14 -> 8100 | BA14: =AU14 -> 65.04065 | BB14: =BA14/AZ14 -> 0.0080297099 | BC14: 712 | BE14: =G14 -> 10703060 | BF14: 0010 | BG14: =E14 -> 666344 | BH14: =F14 -> BC28-0056-D-APH-5040-0756-PP | BI14: =AQ14 -> 05.08.2026 | BJ14: =AR14 -> 06:00:00 | BK14: =AS14 -> 05.08.2026 | BL14: =AT14 -> 18:00:00 | BM14: =ROUNDDOWN(Q14+AU14,0) -> 8165 | BN14: 0 | BO14: PCE | BQ14: H | BR14: =(AV14/AW14)+AY14 -> 10.50871 | BS14: H | BT14: =(AV14/AW14)+AY14 -> 10.50871 | BU14: H | BV14: =(AV14/AW14)+AY14 -> 10.50871 | BW14: H | BY14: H | CA14: H | CH14: 712 | CJ14: =G14 -> 10703060 | CK14: 0020 | CL14: =E14 -> 666344 | CM14: =F14 -> BC28-0056-D-APH-5040-0756-PP | CN14: =AQ14 -> 05.08.2026 | CO14: =AR14 -> 06:00:00 | CP14: =AS14 -> 05.08.2026 | CQ14: =AT14 -> 18:00:00 | CR14: =ROUNDDOWN(AZ14,0) -> 8100 | CS14: =ROUNDDOWN(BA14,0) -> 65 | CT14: PCE | CV14: H | CX14: H | CZ14: H | DB14: H | DD14: H | DF14: H | DN14: =B14 -> A14 | DO14: =F14 -> BC28-0056-D-APH-5040-0756-PP | DP14: =(3600/AC14)*I14*12*0.98 -> 9769.8462 | DQ14: =P14 -> 9384 | DR14: =DQ14/DP14*100 -> 96.050642 | DS14: =Y14 -> 0.8 | DT14: =Z14 -> 0.0069310156 | DU14: =SUM(AG14:AI14) -> 0 | DV14: =SUM(AD14:AF14) -> 0 | DW14: =Y14+W14+AM14+AN14/U14*100 -> 0.8 | DY14: =AJ14 -> Run well.L.test.
A15: 5M | B15: A15 | C15: RAM | D15: =VLOOKUP(E15,'Reference Card '!A:E,5,FALSE) -> PET | E15: 323092 | F15: =VLOOKUP(E15,'[1]Reference Card '!A:B,2,FALSE) -> BX38-1000-GH-R-CL(GREEN) (ASEM) | G15: 10703678 | H15: - | I15: =VLOOKUP(E15,'[1]Reference Card '!A:C,3,FALSE) -> 4 | J15: =VLOOKUP(E15,'[1]Reference Card '!A:H,8,FALSE) -> 48.9 | K15: =VLOOKUP(E15,'[1]Reference Card '!A:F,6,FALSE) -> 48.9 | L15: 1409 | M15: 40950 | N15: 105 | O15: 420 | P15: =L15*I15 -> 5636 | Q15: 5250 | R15: =(Q15*K15)/1000 -> 256.725 | S15: 36645 | T15: =IF(M15="Sample","-",IF(M15="RTFN","-",M15-S15)) -> 4305 | U15: =(P15*K15)/1000 -> 275.6004 | V15: =(J15-K15)*P15/1000 -> 0 | W15: 0 | X15: =W15/U15 -> 0 | Y15: 3.5 | Z15: =Y15/U15 -> 0.012699546 | AA15: 29.1 | AB15: =AA15/3600*L15 -> 11.389417 | AC15: =VLOOKUP(E15,'[2]Reference Card '!A:I,9,FALSE) -> 27.6 | AJ15: Oily mark at lip area. | AM15: 3 | AN15: 7 | AO15: =(U15-R15-W15-Y15-AM15-AN15)-(O15*K15/1000) -> -15.1626 | AP15: Morning | AQ15: 05.08.2026 | AR15: 06:00:00 | AS15: 05.08.2026 | AT15: 18:00:00 | AU15: =(Y15+W15+AM15+AN15)*1000/K15 -> 276.07362 | AV15: =Q15+AU15 -> 5526.0736 | AW15: =3600/AA15*I15 -> 494.84536 | AX15: =(AV15/AW15)+AY15 -> 11.167274 | AY15: =AG15+AH15+AI15 -> 0 | AZ15: =Q15 -> 5250 | BA15: =AU15 -> 276.07362 | BB15: =BA15/AZ15 -> 0.052585451 | BC15: 712 | BE15: =G15 -> 10703678 | BF15: 0010 | BG15: =E15 -> 323092 | BH15: =F15 -> BX38-1000-GH-R-CL(GREEN) (ASEM) | BI15: =AQ15 -> 05.08.2026 | BJ15: =AR15 -> 06:00:00 | BK15: =AS15 -> 05.08.2026 | BL15: =AT15 -> 18:00:00 | BM15: =ROUNDDOWN(Q15+AU15,0) -> 5526 | BN15: 0 | BO15: PCE | BQ15: H | BR15: =(AV15/AW15)+AY15 -> 11.167274 | BS15: H | BT15: =(AV15/AW15)+AY15 -> 11.167274 | BU15: H | BV15: =(AV15/AW15)+AY15 -> 11.167274 | BW15: H | BY15: H | CA15: H | CH15: 712 | CJ15: =G15 -> 10703678 | CK15: 0020 | CL15: =E15 -> 323092 | CM15: =F15 -> BX38-1000-GH-R-CL(GREEN) (ASEM) | CN15: =AQ15 -> 05.08.2026 | CO15: =AR15 -> 06:00:00 | CP15: =AS15 -> 05.08.2026 | CQ15: =AT15 -> 18:00:00 | CR15: =ROUNDDOWN(AZ15,0) -> 5250 | CS15: =ROUNDDOWN(BA15,0) -> 276 | CT15: PCE | CV15: H | CX15: H | CZ15: H | DB15: H | DD15: H | DF15: H | DN15: =B15 -> A15 | DO15: =F15 -> BX38-1000-GH-R-CL(GREEN) (ASEM) | DP15: =(3600/AC15)*I15*12*0.98 -> 6135.6522 | DQ15: =P15 -> 5636 | DR15: =DQ15/DP15*100 -> 91.856576 | DS15: =Y15 -> 3.5 | DT15: =Z15 -> 0.012699546 | DU15: =SUM(AG15:AI15) -> 0 | DV15: =SUM(AD15:AF15) -> 0 | DW15: =Y15+W15+AM15+AN15/U15*100 -> 9.0399092 | DY15: =AJ15 -> Oily mark at lip area.
A16: 5M | B16: A16 | C16: NA | D16: =VLOOKUP(E16,'Reference Card '!A:E,5,FALSE) -> PPSB520Y | E16: 552181 | F16: =VLOOKUP(E16,'[1]Reference Card '!A:B,2,FALSE) -> BC28-0090-D-APH-5180-3538-PP-6 NOTCHES | G16: 10704299 | H16: - | I16: =VLOOKUP(E16,'[1]Reference Card '!A:C,3,FALSE) -> 6 | J16: =VLOOKUP(E16,'[1]Reference Card '!A:H,8,FALSE) -> 14.7 | K16: =VLOOKUP(E16,'[1]Reference Card '!A:F,6,FALSE) -> 14.7 | L16: 0 | M16: 54000 | N16: 5400 | O16: 0 | P16: =L16*I16 -> 0 | Q16: 5400 | R16: =(Q16*K16)/1000 -> 79.38 | S16: 54000 | T16: =IF(M16="Sample","-",IF(M16="RTFN","-",M16-S16)) -> 0 | U16: =(P16*K16)/1000 -> 0 | V16: =(J16-K16)*P16/1000 -> 0 | W16: 0 | X16: =W16/U16 -> #DIV/0! | Y16: 0 | Z16: =Y16/U16 -> #DIV/0! | AA16: 29.8 | AB16: =AA16/3600*L16 -> 0 | AC16: =VLOOKUP(E16,'[2]Reference Card '!A:I,9,FALSE) -> 27 | AJ16: Inward. | AO16: =(U16-R16-W16-Y16-AM16-AN16)-(O16*K16/1000) -> -79.38 | AP16: Morning | AQ16: 05.08.2026 | AR16: 06:00:00 | AS16: 05.08.2026 | AT16: 18:00:00 | AU16: =(Y16+W16+AM16+AN16)*1000/K16 -> 0 | AV16: =Q16+AU16 -> 5400 | AW16: =3600/AA16*I16 -> 724.83221 | AX16: =(AV16/AW16)+AY16 -> 7.45 | AY16: =AG16+AH16+AI16 -> 0 | AZ16: =Q16 -> 5400 | BA16: =AU16 -> 0 | BB16: =BA16/AZ16 -> 0 | BC16: 712 | BE16: =G16 -> 10704299 | BF16: 0010 | BG16: =E16 -> 552181 | BH16: =F16 -> BC28-0090-D-APH-5180-3538-PP-6 NOTCHES | BI16: =AQ16 -> 05.08.2026 | BJ16: =AR16 -> 06:00:00 | BK16: =AS16 -> 05.08.2026 | BL16: =AT16 -> 18:00:00 | BM16: =ROUNDDOWN(Q16+AU16,0) -> 5400 | BN16: 0 | BO16: PCE | BQ16: H | BR16: =(AV16/AW16)+AY16 -> 7.45 | BS16: H | BT16: =(AV16/AW16)+AY16 -> 7.45 | BU16: H | BV16: =(AV16/AW16)+AY16 -> 7.45 | BW16: H | BY16: H | CA16: H | CH16: 712 | CJ16: =G16 -> 10704299 | CK16: 0020 | CL16: =E16 -> 552181 | CM16: =F16 -> BC28-0090-D-APH-5180-3538-PP-6 NOTCHES | CN16: =AQ16 -> 05.08.2026 | CO16: =AR16 -> 06:00:00 | CP16: =AS16 -> 05.08.2026 | CQ16: =AT16 -> 18:00:00 | CR16: =ROUNDDOWN(AZ16,0) -> 5400 | CS16: =ROUNDDOWN(BA16,0) -> 0 | CT16: PCE | CV16: H | CX16: H | CZ16: H | DB16: H | DD16: H | DF16: H | DN16: =B16 -> A16 | DO16: =F16 -> BC28-0090-D-APH-5180-3538-PP-6 NOTCHES | DP16: =(3600/AC16)*I16*12*0.98 -> 9408 | DQ16: =P16 -> 0 | DR16: =DQ16/DP16*100 -> 0 | DS16: =Y16 -> 0 | DT16: =Z16 -> #DIV/0! | DU16: =SUM(AG16:AI16) -> 0 | DV16: =SUM(AD16:AF16) -> 0 | DW16: =Y16+W16+AM16+AN16/U16*100 -> #DIV/0! | DY16: =AJ16 -> Inward.
A17: 5M | B17: A16 | C17: DIPAK | D17: =VLOOKUP(E17,'Reference Card '!A:E,5,FALSE) -> PPSB520Y | E17: 552181 | F17: =VLOOKUP(E17,'[1]Reference Card '!A:B,2,FALSE) -> BC28-0090-D-APH-5180-3538-PP-6 NOTCHES | G17: 10704833 | H17: - | I17: =VLOOKUP(E17,'[1]Reference Card '!A:C,3,FALSE) -> 6 | J17: =VLOOKUP(E17,'[1]Reference Card '!A:H,8,FALSE) -> 14.7 | K17: =VLOOKUP(E17,'[1]Reference Card '!A:F,6,FALSE) -> 14.7 | L17: 862 | M17: 54000 | N17: 5670 | O17: 0 | P17: =L17*I17 -> 5172 | Q17: 10800 | R17: =(Q17*K17)/1000 -> 158.76 | S17: 10800 | T17: =IF(M17="Sample","-",IF(M17="RTFN","-",M17-S17)) -> 43200 | U17: =(P17*K17)/1000 -> 76.0284 | V17: =(J17-K17)*P17/1000 -> 0 | W17: 0 | X17: =W17/U17 -> 0 | Y17: 0.6 | Z17: =Y17/U17 -> 0.0078917878 | AA17: 29.8 | AB17: =AA17/3600*L17 -> 7.1354444 | AC17: =VLOOKUP(E17,'[2]Reference Card '!A:I,9,FALSE) -> 27 | AJ17: Stop 1pm.Change mtrl PCR. | AO17: =(U17-R17-W17-Y17-AM17-AN17)-(O17*K17/1000) -> -83.3316 | AP17: Morning | AQ17: 05.08.2026 | AR17: 06:00:00 | AS17: 05.08.2026 | AT17: 18:00:00 | AU17: =(Y17+W17+AM17+AN17)*1000/K17 -> 40.816327 | AV17: =Q17+AU17 -> 10840.816 | AW17: =3600/AA17*I17 -> 724.83221 | AX17: =(AV17/AW17)+AY17 -> 14.956311 | AY17: =AG17+AH17+AI17 -> 0 | AZ17: =Q17 -> 10800 | BA17: =AU17 -> 40.816327 | BB17: =BA17/AZ17 -> 0.0037792895 | BC17: 712 | BE17: =G17 -> 10704833 | BF17: 0010 | BG17: =E17 -> 552181 | BH17: =F17 -> BC28-0090-D-APH-5180-3538-PP-6 NOTCHES | BI17: =AQ17 -> 05.08.2026 | BJ17: =AR17 -> 06:00:00 | BK17: =AS17 -> 05.08.2026 | BL17: =AT17 -> 18:00:00 | BM17: =ROUNDDOWN(Q17+AU17,0) -> 10840 | BN17: 0 | BO17: PCE | BQ17: H | BR17: =(AV17/AW17)+AY17 -> 14.956311 | BS17: H | BT17: =(AV17/AW17)+AY17 -> 14.956311 | BU17: H | BV17: =(AV17/AW17)+AY17 -> 14.956311 | BW17: H | BY17: H | CA17: H | CH17: 712 | CJ17: =G17 -> 10704833 | CK17: 0020 | CL17: =E17 -> 552181 | CM17: =F17 -> BC28-0090-D-APH-5180-3538-PP-6 NOTCHES | CN17: =AQ17 -> 05.08.2026 | CO17: =AR17 -> 06:00:00 | CP17: =AS17 -> 05.08.2026 | CQ17: =AT17 -> 18:00:00 | CR17: =ROUNDDOWN(AZ17,0) -> 10800 | CS17: =ROUNDDOWN(BA17,0) -> 40 | CT17: PCE | CV17: H | CX17: H | CZ17: H | DB17: H | DD17: H | DF17: H | DN17: =B17 -> A16 | DO17: =F17 -> BC28-0090-D-APH-5180-3538-PP-6 NOTCHES | DP17: =(3600/AC17)*I17*12*0.98 -> 9408 | DQ17: =P17 -> 5172 | DR17: =DQ17/DP17*100 -> 54.97449 | DS17: =Y17 -> 0.6 | DT17: =Z17 -> 0.0078917878 | DU17: =SUM(AG17:AI17) -> 0 | DV17: =SUM(AD17:AF17) -> 0 | DW17: =Y17+W17+AM17+AN17/U17*100 -> 0.6 | DY17: =AJ17 -> Stop 1pm.Change mtrl PCR.
A18: 5M | B18: A16 | C18: DIPAK | D18: =VLOOKUP(E18,'Reference Card '!A:E,5,FALSE) -> KingFa NC050 | E18: 666342 | F18: =VLOOKUP(E18,'[1]Reference Card '!A:B,2,FALSE) -> BC28-0090-D-APH-5180-3538-PCR | G18: 10704854 | H18: - | I18: =VLOOKUP(E18,'[1]Reference Card '!A:C,3,FALSE) -> 6 | J18: =VLOOKUP(E18,'[1]Reference Card '!A:H,8,FALSE) -> 14.7 | K18: =VLOOKUP(E18,'[1]Reference Card '!A:F,6,FALSE) -> 14.7 | L18: 0 | M18: 108000 | N18: 0 | O18: 0 | P18: =L18*I18 -> 0 | Q18: 0 | R18: =(Q18*K18)/1000 -> 0 | S18: 0 | T18: =IF(M18="Sample","-",IF(M18="RTFN","-",M18-S18)) -> 108000 | U18: =(P18*K18)/1000 -> 0 | V18: =(J18-K18)*P18/1000 -> 0 | W18: 21 | X18: =W18/U18 -> #DIV/0! | Y18: 0 | Z18: =Y18/U18 -> #DIV/0! | AA18: 29 | AB18: =AA18/3600*L18 -> 0 | AC18: =VLOOKUP(E18,'[2]Reference Card '!A:I,9,FALSE) -> 27 | AH18: 5 | AJ18: Under tech.Thickness. | AO18: =(U18-R18-W18-Y18-AM18-AN18)-(O18*K18/1000) -> -21 | AP18: Morning | AQ18: 05.08.2026 | AR18: 06:00:00 | AS18: 05.08.2026 | AT18: 18:00:00 | AU18: =(Y18+W18+AM18+AN18)*1000/K18 -> 1428.5714 | AV18: =Q18+AU18 -> 1428.5714 | AW18: =3600/AA18*I18 -> 744.82759 | AX18: =(AV18/AW18)+AY18 -> 6.9179894 | AY18: =AG18+AH18+AI18 -> 5 | AZ18: =Q18 -> 0 | BA18: =AU18 -> 1428.5714 | BB18: =BA18/AZ18 -> #DIV/0! | BC18: 712 | BE18: =G18 -> 10704854 | BF18: 0010 | BG18: =E18 -> 666342 | BH18: =F18 -> BC28-0090-D-APH-5180-3538-PCR | BI18: =AQ18 -> 05.08.2026 | BJ18: =AR18 -> 06:00:00 | BK18: =AS18 -> 05.08.2026 | BL18: =AT18 -> 18:00:00 | BM18: =ROUNDDOWN(Q18+AU18,0) -> 1428 | BN18: 0 | BO18: PCE | BQ18: H | BR18: =(AV18/AW18)+AY18 -> 6.9179894 | BS18: H | BT18: =(AV18/AW18)+AY18 -> 6.9179894 | BU18: H | BV18: =(AV18/AW18)+AY18 -> 6.9179894 | BW18: H | BY18: H | CA18: H | CH18: 712 | CJ18: =G18 -> 10704854 | CK18: 0020 | CL18: =E18 -> 666342 | CM18: =F18 -> BC28-0090-D-APH-5180-3538-PCR | CN18: =AQ18 -> 05.08.2026 | CO18: =AR18 -> 06:00:00 | CP18: =AS18 -> 05.08.2026 | CQ18: =AT18 -> 18:00:00 | CR18: =ROUNDDOWN(AZ18,0) -> 0 | CS18: =ROUNDDOWN(BA18,0) -> 1428 | CT18: PCE | CV18: H | CX18: H | CZ18: H | DB18: H | DD18: H | DF18: H | DN18: =B18 -> A16 | DO18: =F18 -> BC28-0090-D-APH-5180-3538-PCR | DP18: =(3600/AC18)*I18*12*0.98 -> 9408 | DQ18: =P18 -> 0 | DR18: =DQ18/DP18*100 -> 0 | DS18: =Y18 -> 0 | DT18: =Z18 -> #DIV/0! | DU18: =SUM(AG18:AI18) -> 5 | DV18: =SUM(AD18:AF18) -> 0 | DW18: =Y18+W18+AM18+AN18/U18*100 -> #DIV/0! | DY18: =AJ18 -> Under tech.Thickness.
A19: 5M | B19: A17 | C19: ZAM | D19: =VLOOKUP(E19,'Reference Card '!A:E,5,FALSE) -> PET RECRON | E19: 620599 | F19: =VLOOKUP(E19,'[1]Reference Card '!A:B,2,FALSE) -> BC28-0750-K4-R-CL (55g) | G19: 10703143 | H19: - | I19: =VLOOKUP(E19,'[1]Reference Card '!A:C,3,FALSE) -> 4 | J19: =VLOOKUP(E19,'[1]Reference Card '!A:H,8,FALSE) -> 55 | K19: =VLOOKUP(E19,'[1]Reference Card '!A:F,6,FALSE) -> 55 | L19: 1436 | M19: 72000 | N19: 675 | O19: 900 | P19: =L19*I19 -> 5744 | Q19: 5400 | R19: =(Q19*K19)/1000 -> 297 | S19: 51300 | T19: =IF(M19="Sample","-",IF(M19="RTFN","-",M19-S19)) -> 20700 | U19: =(P19*K19)/1000 -> 315.92 | V19: =(J19-K19)*P19/1000 -> 0 | W19: 0 | X19: =W19/U19 -> 0 | Y19: 6.2 | Z19: =Y19/U19 -> 0.019625222 | AA19: 29.2 | AB19: =AA19/3600*L19 -> 11.647556 | AC19: =VLOOKUP(E19,'[2]Reference Card '!A:I,9,FALSE) -> 28 | AJ19: Black dot.L.test. | AM19: 5 | AN19: 6 | AO19: =(U19-R19-W19-Y19-AM19-AN19)-(O19*K19/1000) -> -47.78 | AP19: Morning | AQ19: 05.08.2026 | AR19: 06:00:00 | AS19: 05.08.2026 | AT19: 18:00:00 | AU19: =(Y19+W19+AM19+AN19)*1000/K19 -> 312.72727 | AV19: =Q19+AU19 -> 5712.7273 | AW19: =3600/AA19*I19 -> 493.15068 | AX19: =(AV19/AW19)+AY19 -> 11.584141 | AY19: =AG19+AH19+AI19 -> 0 | AZ19: =Q19 -> 5400 | BA19: =AU19 -> 312.72727 | BB19: =BA19/AZ19 -> 0.057912458 | BC19: 712 | BE19: =G19 -> 10703143 | BF19: 0010 | BG19: =E19 -> 620599 | BH19: =F19 -> BC28-0750-K4-R-CL (55g) | BI19: =AQ19 -> 05.08.2026 | BJ19: =AR19 -> 06:00:00 | BK19: =AS19 -> 05.08.2026 | BL19: =AT19 -> 18:00:00 | BM19: =ROUNDDOWN(Q19+AU19,0) -> 5712 | BN19: 0 | BO19: PCE | BQ19: H | BR19: =(AV19/AW19)+AY19 -> 11.584141 | BS19: H | BT19: =(AV19/AW19)+AY19 -> 11.584141 | BU19: H | BV19: =(AV19/AW19)+AY19 -> 11.584141 | BW19: H | BY19: H | CA19: H | CH19: 712 | CJ19: =G19 -> 10703143 | CK19: 0020 | CL19: =E19 -> 620599 | CM19: =F19 -> BC28-0750-K4-R-CL (55g) | CN19: =AQ19 -> 05.08.2026 | CO19: =AR19 -> 06:00:00 | CP19: =AS19 -> 05.08.2026 | CQ19: =AT19 -> 18:00:00 | CR19: =ROUNDDOWN(AZ19,0) -> 5400 | CS19: =ROUNDDOWN(BA19,0) -> 312 | CT19: PCE | CV19: H | CX19: H | CZ19: H | DB19: H | DD19: H | DF19: H | DN19: =B19 -> A17 | DO19: =F19 -> BC28-0750-K4-R-CL (55g) | DP19: =(3600/AC19)*I19*12*0.98 -> 6048 | DQ19: =P19 -> 5744 | DR19: =DQ19/DP19*100 -> 94.973545 | DS19: =Y19 -> 6.2 | DT19: =Z19 -> 0.019625222 | DU19: =SUM(AG19:AI19) -> 0 | DV19: =SUM(AD19:AF19) -> 0 | DW19: =Y19+W19+AM19+AN19/U19*100 -> 13.099215 | DY19: =AJ19 -> Black dot.L.test.
A20: 5M | B20: A18 | C20: DIPAK | D20: =VLOOKUP(E20,'Reference Card '!A:E,5,FALSE) -> KingFa NC050 | E20: 666344 | F20: =VLOOKUP(E20,'[1]Reference Card '!A:B,2,FALSE) -> BC28-0056-D-APH-5040-0756-PCR | G20: 10703144 | H20: - | I20: =VLOOKUP(E20,'[1]Reference Card '!A:C,3,FALSE) -> 6 | J20: 12.3 | K20: 12.3 | L20: 1548 | M20: 162000 | N20: 810 | O20: 1620 | P20: =L20*I20 -> 9288 | Q20: 8100 | R20: =(Q20*K20)/1000 -> 99.63 | S20: 98820 | T20: =IF(M20="Sample","-",IF(M20="RTFN","-",M20-S20)) -> 63180 | U20: =(P20*K20)/1000 -> 114.2424 | V20: =(J20-K20)*P20/1000 -> 0 | W20: 0 | X20: =W20/U20 -> 0 | Y20: 4.5 | Z20: =Y20/U20 -> 0.039389929 | AA20: 27.4 | AB20: =AA20/3600*L20 -> 11.782 | AC20: =VLOOKUP(E20,'[2]Reference Card '!A:I,9,FALSE) -> 26 | AJ20: Drooling..L.test. | AM20: 1 | AN20: 2 | AO20: =(U20-R20-W20-Y20-AM20-AN20)-(O20*K20/1000) -> -12.8136 | AP20: Morning | AQ20: 05.08.2026 | AR20: 06:00:00 | AS20: 05.08.2026 | AT20: 18:00:00 | AU20: =(Y20+W20+AM20+AN20)*1000/K20 -> 609.7561 | AV20: =Q20+AU20 -> 8709.7561 | AW20: =3600/AA20*I20 -> 788.32117 | AX20: =(AV20/AW20)+AY20 -> 11.048487 | AY20: =AG20+AH20+AI20 -> 0 | AZ20: =Q20 -> 8100 | BA20: =AU20 -> 609.7561 | BB20: =BA20/AZ20 -> 0.075278531 | BC20: 712 | BE20: =G20 -> 10703144 | BF20: 0010 | BG20: =E20 -> 666344 | BH20: =F20 -> BC28-0056-D-APH-5040-0756-PCR | BI20: =AQ20 -> 05.08.2026 | BJ20: =AR20 -> 06:00:00 | BK20: =AS20 -> 05.08.2026 | BL20: =AT20 -> 18:00:00 | BM20: =ROUNDDOWN(Q20+AU20,0) -> 8709 | BN20: 0 | BO20: PCE | BQ20: H | BR20: =(AV20/AW20)+AY20 -> 11.048487 | BS20: H | BT20: =(AV20/AW20)+AY20 -> 11.048487 | BU20: H | BV20: =(AV20/AW20)+AY20 -> 11.048487 | BW20: H | BY20: H | CA20: H | CH20: 712 | CJ20: =G20 -> 10703144 | CK20: 0020 | CL20: =E20 -> 666344 | CM20: =F20 -> BC28-0056-D-APH-5040-0756-PCR | CN20: =AQ20 -> 05.08.2026 | CO20: =AR20 -> 06:00:00 | CP20: =AS20 -> 05.08.2026 | CQ20: =AT20 -> 18:00:00 | CR20: =ROUNDDOWN(AZ20,0) -> 8100 | CS20: =ROUNDDOWN(BA20,0) -> 609 | CT20: PCE | CV20: H | CX20: H | CZ20: H | DB20: H | DD20: H | DF20: H | DN20: =B20 -> A18 | DO20: =F20 -> BC28-0056-D-APH-5040-0756-PCR | DP20: =(3600/AC20)*I20*12*0.98 -> 9769.8462 | DQ20: =P20 -> 9288 | DR20: =DQ20/DP20*100 -> 95.068027 | DS20: =Y20 -> 4.5 | DT20: =Z20 -> 0.039389929 | DU20: =SUM(AG20:AI20) -> 0 | DV20: =SUM(AD20:AF20) -> 0 | DW20: =Y20+W20+AM20+AN20/U20*100 -> 7.2506635 | DY20: =AJ20 -> Drooling..L.test.
A21: 5M | B21: A19 | C21: WIYAH/SHAHID | D21: =VLOOKUP(E21,'Reference Card '!A:E,5,FALSE) -> PET | E21: 541381 | F21: =VLOOKUP(E21,'[1]Reference Card '!A:B,2,FALSE) -> BC28-1200-K-R-CL | G21: 10700742 | H21: - | I21: =VLOOKUP(E21,'[1]Reference Card '!A:C,3,FALSE) -> 4 | J21: =VLOOKUP(E21,'[1]Reference Card '!A:H,8,FALSE) -> 55 | K21: =VLOOKUP(E21,'[1]Reference Card '!A:F,6,FALSE) -> 55 | L21: 44 | M21: 84000 | N21: 0 | O21: 175 | P21: =L21*I21 -> 176 | Q21: 0 | R21: =(Q21*K21)/1000 -> 0 | S21: 47775 | T21: =IF(M21="Sample","-",IF(M21="RTFN","-",M21-S21)) -> 36225 | U21: =(P21*K21)/1000 -> 9.68 | V21: =(J21-K21)*P21/1000 -> 0 | W21: 35.8 | X21: =W21/U21 -> 3.6983471 | Y21: 0 | Z21: =Y21/U21 -> 0 | AA21: 29.9 | AB21: =AA21/3600*L21 -> 0.36544444 | AC21: =VLOOKUP(E21,'[2]Reference Card '!A:I,9,FALSE) -> 30.08 | AH21: 11.5 | AJ21: Under tech.Thickness.Start 5.30pm. | AM21: 22 | AN21: 13 | AO21: =(U21-R21-W21-Y21-AM21-AN21)-(O21*K21/1000) -> -70.745 | AP21: Morning | AQ21: 05.08.2026 | AR21: 06:00:00 | AS21: 05.08.2026 | AT21: 18:00:00 | AU21: =(Y21+W21+AM21+AN21)*1000/K21 -> 1287.2727 | AV21: =Q21+AU21 -> 1287.2727 | AW21: =3600/AA21*I21 -> 481.60535 | AX21: =(AV21/AW21)+AY21 -> 14.172879 | AY21: =AG21+AH21+AI21 -> 11.5 | AZ21: =Q21 -> 0 | BA21: =AU21 -> 1287.2727 | BB21: =BA21/AZ21 -> #DIV/0! | BC21: 712 | BE21: =G21 -> 10700742 | BF21: 0010 | BG21: =E21 -> 541381 | BH21: =F21 -> BC28-1200-K-R-CL | BI21: =AQ21 -> 05.08.2026 | BJ21: =AR21 -> 06:00:00 | BK21: =AS21 -> 05.08.2026 | BL21: =AT21 -> 18:00:00 | BM21: =ROUNDDOWN(Q21+AU21,0) -> 1287 | BN21: 0 | BO21: PCE | BQ21: H | BR21: =(AV21/AW21)+AY21 -> 14.172879 | BS21: H | BT21: =(AV21/AW21)+AY21 -> 14.172879 | BU21: H | BV21: =(AV21/AW21)+AY21 -> 14.172879 | BW21: H | BY21: H | CA21: H | CH21: 712 | CJ21: =G21 -> 10700742 | CK21: 0020 | CL21: =E21 -> 541381 | CM21: =F21 -> BC28-1200-K-R-CL | CN21: =AQ21 -> 05.08.2026 | CO21: =AR21 -> 06:00:00 | CP21: =AS21 -> 05.08.2026 | CQ21: =AT21 -> 18:00:00 | CR21: =ROUNDDOWN(AZ21,0) -> 0 | CS21: =ROUNDDOWN(BA21,0) -> 1287 | CT21: PCE | CV21: H | CX21: H | CZ21: H | DB21: H | DD21: H | DF21: H | DN21: =B21 -> A19 | DO21: =F21 -> BC28-1200-K-R-CL | DP21: =(3600/AC21)*I21*12*0.98 -> 5629.7872 | DQ21: =P21 -> 176 | DR21: =DQ21/DP21*100 -> 3.1262283 | DS21: =Y21 -> 0 | DT21: =Z21 -> 0 | DU21: =SUM(AG21:AI21) -> 11.5 | DV21: =SUM(AD21:AF21) -> 0 | DW21: =Y21+W21+AM21+AN21/U21*100 -> 192.09752 | DY21: =AJ21 -> Under tech.Thickness.Start 5.30pm.
A22: 5M | B22: A21 | C22: DIPAK | D22: =VLOOKUP(E22,'Reference Card '!A:E,5,FALSE) -> KingFa NC050 | E22: 666342 | F22: =VLOOKUP(E22,'[1]Reference Card '!A:B,2,FALSE) -> BC28-0090-D-APH-5180-3538-PCR | G22: 10704701 | H22: - | I22: =VLOOKUP(E22,'[1]Reference Card '!A:C,3,FALSE) -> 6 | J22: =VLOOKUP(E22,'[1]Reference Card '!A:H,8,FALSE) -> 14.7 | K22: =VLOOKUP(E22,'[1]Reference Card '!A:F,6,FALSE) -> 14.7 | L22: 1266 | M22: 108000 | N22: 1350 | O22: 2970 | P22: =L22*I22 -> 7596 | Q22: 5400 | R22: =(Q22*K22)/1000 -> 79.38 | S22: 19170 | T22: =IF(M22="Sample","-",IF(M22="RTFN","-",M22-S22)) -> 88830 | U22: =(P22*K22)/1000 -> 111.6612 | V22: =(J22-K22)*P22/1000 -> 0 | W22: 0 | X22: =W22/U22 -> 0 | Y22: 8.6 | Z22: =Y22/U22 -> 0.077018696 | AA22: 29 | AB22: =AA22/3600*L22 -> 10.198333 | AC22: =VLOOKUP(E22,'[2]Reference Card '!A:I,9,FALSE) -> 27 | AH22: 1.8 | AJ22: Often mc stop sometimes bottle stuck & dented.L.test. | AM22: 2 | AN22: 2 | AO22: =(U22-R22-W22-Y22-AM22-AN22)-(O22*K22/1000) -> -23.9778 | AP22: Morning | AQ22: 05.08.2026 | AR22: 06:00:00 | AS22: 05.08.2026 | AT22: 18:00:00 | AU22: =(Y22+W22+AM22+AN22)*1000/K22 -> 857.14286 | AV22: =Q22+AU22 -> 6257.1429 | AW22: =3600/AA22*I22 -> 744.82759 | AX22: =(AV22/AW22)+AY22 -> 10.200794 | AY22: =AG22+AH22+AI22 -> 1.8 | AZ22: =Q22 -> 5400 | BA22: =AU22 -> 857.14286 | BB22: =BA22/AZ22 -> 0.15873016 | BC22: 712 | BE22: =G22 -> 10704701 | BF22: 0010 | BG22: =E22 -> 666342 | BH22: =F22 -> BC28-0090-D-APH-5180-3538-PCR | BI22: =AQ22 -> 05.08.2026 | BJ22: =AR22 -> 06:00:00 | BK22: =AS22 -> 05.08.2026 | BL22: =AT22 -> 18:00:00 | BM22: =ROUNDDOWN(Q22+AU22,0) -> 6257 | BN22: 0 | BO22: PCE | BQ22: H | BR22: =(AV22/AW22)+AY22 -> 10.200794 | BS22: H | BT22: =(AV22/AW22)+AY22 -> 10.200794 | BU22: H | BV22: =(AV22/AW22)+AY22 -> 10.200794 | BW22: H | BY22: H | CA22: H | CH22: 712 | CJ22: =G22 -> 10704701 | CK22: 0020 | CL22: =E22 -> 666342 | CM22: =F22 -> BC28-0090-D-APH-5180-3538-PCR | CN22: =AQ22 -> 05.08.2026 | CO22: =AR22 -> 06:00:00 | CP22: =AS22 -> 05.08.2026 | CQ22: =AT22 -> 18:00:00 | CR22: =ROUNDDOWN(AZ22,0) -> 5400 | CS22: =ROUNDDOWN(BA22,0) -> 857 | CT22: PCE | CV22: H | CX22: H | CZ22: H | DB22: H | DD22: H | DF22: H | DN22: =B22 -> A21 | DO22: =F22 -> BC28-0090-D-APH-5180-3538-PCR | DP22: =(3600/AC22)*I22*12*0.98 -> 9408 | DQ22: =P22 -> 7596 | DR22: =DQ22/DP22*100 -> 80.739796 | DS22: =Y22 -> 8.6 | DT22: =Z22 -> 0.077018696 | DU22: =SUM(AG22:AI22) -> 1.8 | DV22: =SUM(AD22:AF22) -> 0 | DW22: =Y22+W22+AM22+AN22/U22*100 -> 12.391132 | DY22: =AJ22 -> Often mc stop sometimes bottle stuck & dented.L.test.
A23: 5M | B23: A23 | C23: MOHID | D23: =VLOOKUP(E23,'Reference Card '!A:E,5,FALSE) -> PPSB520Y | E23: 550077 | F23: =VLOOKUP(E23,'[1]Reference Card '!A:B,2,FALSE) -> BC28-0170-D-APH-5040-0736-PP-6NOTCHES(NO LOGO) | G23: 10704309 | H23: - | I23: =VLOOKUP(E23,'[1]Reference Card '!A:C,3,FALSE) -> 6 | J23: 28 | K23: 28 | L23: 933 | M23: 67200 | N23: 4536 | O23: 0 | P23: =L23*I23 -> 5598 | Q23: 10080 | R23: =(Q23*K23)/1000 -> 282.24 | S23: 10080 | T23: =IF(M23="Sample","-",IF(M23="RTFN","-",M23-S23)) -> 57120 | U23: =(P23*K23)/1000 -> 156.744 | V23: =(J23-K23)*P23/1000 -> 0 | W23: 0 | X23: =W23/U23 -> 0 | Y23: 1.5 | Z23: =Y23/U23 -> 0.0095697443 | AA23: 44.3 | AB23: =AA23/3600*L23 -> 11.481083 | AC23: =VLOOKUP(E23,'[2]Reference Card '!A:I,9,FALSE) -> 42 | AJ23: Base scratches.L.test. | AM23: 10 | AN23: 12 | AO23: =(U23-R23-W23-Y23-AM23-AN23)-(O23*K23/1000) -> -148.996 | AP23: Morning | AQ23: 05.08.2026 | AR23: 06:00:00 | AS23: 05.08.2026 | AT23: 18:00:00 | AU23: =(Y23+W23+AM23+AN23)*1000/K23 -> 839.28571 | AV23: =Q23+AU23 -> 10919.286 | AW23: =3600/AA23*I23 -> 487.58465 | AX23: =(AV23/AW23)+AY23 -> 22.394646 | AY23: =AG23+AH23+AI23 -> 0 | AZ23: =Q23 -> 10080 | BA23: =AU23 -> 839.28571 | BB23: =BA23/AZ23 -> 0.083262472 | BC23: 712 | BE23: =G23 -> 10704309 | BF23: 0010 | BG23: =E23 -> 550077 | BH23: =F23 -> BC28-0170-D-APH-5040-0736-PP-6NOTCHES(NO LOGO) | BI23: =AQ23 -> 05.08.2026 | BJ23: =AR23 -> 06:00:00 | BK23: =AS23 -> 05.08.2026 | BL23: =AT23 -> 18:00:00 | BM23: =ROUNDDOWN(Q23+AU23,0) -> 10919 | BN23: 0 | BO23: PCE | BQ23: H | BR23: =(AV23/AW23)+AY23 -> 22.394646 | BS23: H | BT23: =(AV23/AW23)+AY23 -> 22.394646 | BU23: H | BV23: =(AV23/AW23)+AY23 -> 22.394646 | BW23: H | BY23: H | CA23: H | CH23: 712 | CJ23: =G23 -> 10704309 | CK23: 0020 | CL23: =E23 -> 550077 | CM23: =F23 -> BC28-0170-D-APH-5040-0736-PP-6NOTCHES(NO LOGO) | CN23: =AQ23 -> 05.08.2026 | CO23: =AR23 -> 06:00:00 | CP23: =AS23 -> 05.08.2026 | CQ23: =AT23 -> 18:00:00 | CR23: =ROUNDDOWN(AZ23,0) -> 10080 | CS23: =ROUNDDOWN(BA23,0) -> 839 | CT23: PCE | CV23: H | CX23: H | CZ23: H | DB23: H | DD23: H | DF23: H | DN23: =B23 -> A23 | DO23: =F23 -> BC28-0170-D-APH-5040-0736-PP-6NOTCHES(NO LOGO) | DP23: =(3600/AC23)*I23*12*0.98 -> 6048 | DQ23: =P23 -> 5598 | DR23: =DQ23/DP23*100 -> 92.559524 | DS23: =Y23 -> 1.5 | DT23: =Z23 -> 0.0095697443 | DU23: =SUM(AG23:AI23) -> 0 | DV23: =SUM(AD23:AF23) -> 0 | DW23: =Y23+W23+AM23+AN23/U23*100 -> 19.155795 | DY23: =AJ23 -> Base scratches.L.test.
A24: 5M | B24: KM16 | C24: KAIMULLAH | D24: =VLOOKUP(E24,'Reference Card '!A:E,5,FALSE) -> HDPE5403A+LDPE265YZ | E24: 453933 | F24: =VLOOKUP(E24,'[1]Reference Card '!A:B,2,FALSE) -> EBK38-0500-K-Q-YL-PE(S0576) | G24: 10704265 | H24: - | I24: =VLOOKUP(E24,'[1]Reference Card '!A:C,3,FALSE) -> 2 | J24: =VLOOKUP(E24,'[1]Reference Card '!A:H,8,FALSE) -> 59 | K24: =VLOOKUP(E24,'[1]Reference Card '!A:F,6,FALSE) -> 39.5 | L24: 1804 | M24: 40320 | N24: 0 | O24: 360 | P24: =L24*I24 -> 3608 | Q24: 2880 | R24: =(Q24*K24)/1000 -> 113.76 | S24: 7560 | T24: =IF(M24="Sample","-",IF(M24="RTFN","-",M24-S24)) -> 32760 | U24: =(P24*K24)/1000 -> 142.516 | V24: =(J24-K24)*P24/1000 -> 70.356 | W24: 0 | X24: =W24/U24 -> 0 | Y24: 14.7 | Z24: =Y24/U24 -> 0.10314631 | AA24: 23.1 | AB24: =AA24/3600*L24 -> 11.575667 | AC24: =VLOOKUP(E24,'[2]Reference Card '!A:I,9,FALSE) -> 21.2 | AJ24: Line mark & b.dot.L.test. | AO24: =(U24-R24-W24-Y24-AM24-AN24)-(N69*K24/1000) -> 14.056 | AP24: Morning | AQ24: 05.08.2026 | AR24: 06:00:00 | AS24: 05.08.2026 | AT24: 18:00:00 | AU24: =(Y24+W24+AM24+AN24)*1000/K24 -> 372.1519 | AV24: =Q24+AU24 -> 3252.1519 | AW24: =3600/AA24*I24 -> 311.68831 | AX24: =(AV24/AW24)+AY24 -> 10.433987 | AY24: =AG24+AH24+AI24 -> 0 | AZ24: =Q24 -> 2880 | BA24: =AU24 -> 372.1519 | BB24: =BA24/AZ24 -> 0.12921941 | BC24: 712 | BE24: =G24 -> 10704265 | BF24: 0010 | BG24: =E24 -> 453933 | BH24: =F24 -> EBK38-0500-K-Q-YL-PE(S0576) | BI24: =AQ24 -> 05.08.2026 | BJ24: =AR24 -> 06:00:00 | BK24: =AS24 -> 05.08.2026 | BL24: =AT24 -> 18:00:00 | BM24: =ROUNDDOWN(Q24+AU24,0) -> 3252 | BN24: 0 | BO24: PCE | BQ24: H | BR24: =(AV24/AW24)+AY24 -> 10.433987 | BS24: H | BT24: =(AV24/AW24)+AY24 -> 10.433987 | BU24: H | BV24: =(AV24/AW24)+AY24 -> 10.433987 | BW24: H | BY24: H | CA24: H | CH24: 712 | CJ24: =G24 -> 10704265 | CK24: 0020 | CL24: =E24 -> 453933 | CM24: =F24 -> EBK38-0500-K-Q-YL-PE(S0576) | CN24: =AQ24 -> 05.08.2026 | CO24: =AR24 -> 06:00:00 | CP24: =AS24 -> 05.08.2026 | CQ24: =AT24 -> 18:00:00 | CR24: =ROUNDDOWN(AZ24,0) -> 2880 | CS24: =ROUNDDOWN(BA24,0) -> 372 | CT24: PCE | CV24: H | CX24: H | CZ24: H | DB24: H | DD24: H | DF24: H | DN24: =B24 -> KM16 | DO24: =F24 -> EBK38-0500-K-Q-YL-PE(S0576) | DP24: =(3600/AC24)*I24*12*0.98 -> 3993.9623 | DQ24: =P24 -> 3608 | DR24: =DQ24/DP24*100 -> 90.336357 | DS24: =Y24 -> 14.7 | DT24: =Z24 -> 0.10314631 | DU24: =SUM(AG24:AI24) -> 0 | DV24: =SUM(AD24:AF24) -> 0 | DW24: =Y24+W24+AM24+AN24/U24*100 -> 14.7 | DY24: =AJ24 -> Line mark & b.dot.L.test.
A25: 5M | B25: KM17 | C25: NITESH | D25: =VLOOKUP(E25,'Reference Card '!A:E,5,FALSE) -> MARLEX6007 | E25: 573943 | F25: =VLOOKUP(E25,'[1]Reference Card '!A:B,2,FALSE) -> EBK38-2000-K-S-WH-PE(S2012) | G25: 10702422 | H25: - | I25: =VLOOKUP(E25,'[1]Reference Card '!A:C,3,FALSE) -> 1 | J25: =VLOOKUP(E25,'[1]Reference Card '!A:H,8,FALSE) -> 180 | K25: =VLOOKUP(E25,'[1]Reference Card '!A:F,6,FALSE) -> 122 | L25: 1262 | M25: 20160 | N25: 315 | O25: 65 | P25: =L25*I25 -> 1262 | Q25: 1440 | R25: =(Q25*K25)/1000 -> 175.68 | S25: 15185 | T25: =IF(M25="Sample","-",IF(M25="RTFN","-",M25-S25)) -> 4975 | U25: =(P25*K25)/1000 -> 153.964 | V25: =(J25-K25)*P25/1000 -> 73.196 | W25: 0 | X25: =W25/U25 -> 0 | Y25: 8.7 | Z25: =Y25/U25 -> 0.056506716 | AA25: 33.8 | AB25: =AA25/3600*L25 -> 11.848778 | AC25: 35 | AJ25: Black dot.L.test | AO25: =(U25-R25-W25-Y25-AM25-AN25)-(O25*K25/1000) -> -38.346 | AP25: Morning | AQ25: 05.08.2026 | AR25: 06:00:00 | AS25: 05.08.2026 | AT25: 18:00:00 | AU25: =(Y25+W25+AM25+AN25)*1000/K25 -> 71.311475 | AV25: =Q25+AU25 -> 1511.3115 | AW25: =3600/AA25*I25 -> 106.50888 | AX25: =(AV25/AW25)+AY25 -> 14.189536 | AY25: =AG25+AH25+AI25 -> 0 | AZ25: =Q25 -> 1440 | BA25: =AU25 -> 71.311475 | BB25: =BA25/AZ25 -> 0.049521858 | BC25: 712 | BE25: =G25 -> 10702422 | BF25: 0010 | BG25: =E25 -> 573943 | BH25: =F25 -> EBK38-2000-K-S-WH-PE(S2012) | BI25: =AQ25 -> 05.08.2026 | BJ25: =AR25 -> 06:00:00 | BK25: =AS25 -> 05.08.2026 | BL25: =AT25 -> 18:00:00 | BM25: =ROUNDDOWN(Q25+AU25,0) -> 1511 | BN25: 0 | BO25: PCE | BQ25: H | BR25: =(AV25/AW25)+AY25 -> 14.189536 | BS25: H | BT25: =(AV25/AW25)+AY25 -> 14.189536 | BU25: H | BV25: =(AV25/AW25)+AY25 -> 14.189536 | BW25: H | BY25: H | CA25: H | CH25: 712 | CJ25: =G25 -> 10702422 | CK25: 0020 | CL25: =E25 -> 573943 | CM25: =F25 -> EBK38-2000-K-S-WH-PE(S2012) | CN25: =AQ25 -> 05.08.2026 | CO25: =AR25 -> 06:00:00 | CP25: =AS25 -> 05.08.2026 | CQ25: =AT25 -> 18:00:00 | CR25: =ROUNDDOWN(AZ25,0) -> 1440 | CS25: =ROUNDDOWN(BA25,0) -> 71 | CT25: PCE | CV25: H | CX25: H | CZ25: H | DB25: H | DD25: H | DF25: H | DN25: =B25 -> KM17 | DO25: =F25 -> EBK38-2000-K-S-WH-PE(S2012) | DP25: =(3600/AC25)*I25*12*0.98 -> 1209.6 | DQ25: =P25 -> 1262 | DR25: =DQ25/DP25*100 -> 104.33201 | DS25: =Y25 -> 8.7 | DT25: =Z25 -> 0.056506716 | DU25: =SUM(AG25:AI25) -> 0 | DV25: =SUM(AD25:AF25) -> 0 | DW25: =Y25+W25+AM25+AN25/U25*100 -> 8.7 | DY25: =AJ25 -> Black dot.L.test
A26: 5M | B26: KM25 | C26: NA | D26: =VLOOKUP(E26,'Reference Card '!A:E,5,FALSE) -> MARLEX6007 | E26: 618592 | F26: =VLOOKUP(E26,'[1]Reference Card '!A:B,2,FALSE) -> E22-0150-R-GY-HDPE | G26: 10701479 | H26: - | I26: =VLOOKUP(E26,'[1]Reference Card '!A:C,3,FALSE) -> 4 | J26: =VLOOKUP(E26,'[1]Reference Card '!A:H,8,FALSE) -> 26 | K26: =VLOOKUP(E26,'[1]Reference Card '!A:F,6,FALSE) -> 15 | L26: 0 | M26: 43200 | N26: 0 | O26: 0 | P26: =L26*I26 -> 0 | Q26: 0 | R26: =(Q26*K26)/1000 -> 0 | S26: 0 | T26: =IF(M26="Sample","-",IF(M26="RTFN","-",M26-S26)) -> 43200 | U26: =(P26*K26)/1000 -> 0 | V26: =(J26-K26)*P26/1000 -> 0 | W26: 18.6 | X26: =W26/U26 -> #DIV/0! | Y26: 0 | Z26: =Y26/U26 -> #DIV/0! | AA26: 24.3 | AB26: =AA26/3600*L26 -> 0 | AC26: =VLOOKUP(E26,'[2]Reference Card '!A:I,9,FALSE) -> 25 | AH26: 12 | AJ26: under tech.Top load out spec. | AM26: 5 | AO26: =(U26-R26-W26-Y26-AM26-AN26)-(O26*K26/1000) -> -23.6 | AP26: Morning | AQ26: 05.08.2026 | AR26: 06:00:00 | AS26: 05.08.2026 | AT26: 18:00:00 | AU26: =(Y26+W26+AM26+AN26)*1000/K26 -> 1573.3333 | AV26: =Q26+AU26 -> 1573.3333 | AW26: =3600/AA26*I26 -> 592.59259 | AX26: =(AV26/AW26)+AY26 -> 14.655 | AY26: =AG26+AH26+AI26 -> 12 | AZ26: =Q26 -> 0 | BA26: =AU26 -> 1573.3333 | BB26: =BA26/AZ26 -> #DIV/0! | BC26: 712 | BE26: =G26 -> 10701479 | BF26: 0010 | BG26: =E26 -> 618592 | BH26: =F26 -> E22-0150-R-GY-HDPE | BI26: =AQ26 -> 05.08.2026 | BJ26: =AR26 -> 06:00:00 | BK26: =AS26 -> 05.08.2026 | BL26: =AT26 -> 18:00:00 | BM26: =ROUNDDOWN(Q26+AU26,0) -> 1573 | BN26: 0 | BO26: PCE | BQ26: H | BR26: =(AV26/AW26)+AY26 -> 14.655 | BS26: H | BT26: =(AV26/AW26)+AY26 -> 14.655 | BU26: H | BV26: =(AV26/AW26)+AY26 -> 14.655 | BW26: H | BY26: H | CA26: H | CH26: 712 | CJ26: =G26 -> 10701479 | CK26: 0020 | CL26: =E26 -> 618592 | CM26: =F26 -> E22-0150-R-GY-HDPE | CN26: =AQ26 -> 05.08.2026 | CO26: =AR26 -> 06:00:00 | CP26: =AS26 -> 05.08.2026 | CQ26: =AT26 -> 18:00:00 | CR26: =ROUNDDOWN(AZ26,0) -> 0 | CS26: =ROUNDDOWN(BA26,0) -> 1573 | CT26: PCE | CV26: H | CX26: H | CZ26: H | DB26: H | DD26: H | DF26: H | DN26: =B26 -> KM25 | DO26: =F26 -> E22-0150-R-GY-HDPE | DP26: =(3600/AC26)*I26*12*0.98 -> 6773.76 | DQ26: =P26 -> 0 | DR26: =DQ26/DP26*100 -> 0 | DS26: =Y26 -> 0 | DT26: =Z26 -> #DIV/0! | DU26: =SUM(AG26:AI26) -> 12 | DV26: =SUM(AD26:AF26) -> 0 | DW26: =Y26+W26+AM26+AN26/U26*100 -> #DIV/0! | DY26: =AJ26 -> under tech.Top load out spec.
A27: 5M | B27: KM26 | C27: SHESHNATH | D27: =VLOOKUP(E27,'Reference Card '!A:E,5,FALSE) -> MARLEX6007 | E27: 617192 | F27: =VLOOKUP(E27,'[1]Reference Card '!A:B,2,FALSE) -> EBK38-2017-K-S-BEIGE-HDPE | G27: 10704222 | H27: - | I27: =VLOOKUP(E27,'[1]Reference Card '!A:C,3,FALSE) -> 1 | J27: =VLOOKUP(E27,'[1]Reference Card '!A:H,8,FALSE) -> 139.8 | K27: =VLOOKUP(E27,'[1]Reference Card '!A:F,6,FALSE) -> 103 | L27: 1217 | M27: 20328 | N27: 242 | O27: 396 | P27: =L27*I27 -> 1217 | Q27: 968 | R27: =(Q27*K27)/1000 -> 99.704 | S27: 8140 | T27: =IF(M27="Sample","-",IF(M27="RTFN","-",M27-S27)) -> 12188 | U27: =(P27*K27)/1000 -> 125.351 | V27: =(J27-K27)*P27/1000 -> 44.7856 | W27: 0 | X27: =W27/U27 -> 0 | Y27: 9.8 | Z27: =Y27/U27 -> 0.078180469 | AA27: 33 | AB27: =AA27/3600*L27 -> 11.155833 | AC27: =VLOOKUP(E27,'[2]Reference Card '!A:I,9,FALSE) -> 33 | AJ27: Line mark & black dot.l.test | AO27: =(U27-R27-W27-Y27-AM27-AN27)-(O27*K27/1000) -> -24.941 | AP27: Morning | AQ27: 05.08.2026 | AR27: 06:00:00 | AS27: 05.08.2026 | AT27: 18:00:00 | AU27: =(Y27+W27+AM27+AN27)*1000/K27 -> 95.145631 | AV27: =Q27+AU27 -> 1063.1456 | AW27: =3600/AA27*I27 -> 109.09091 | AX27: =(AV27/AW27)+AY27 -> 9.7455016 | AY27: =AG27+AH27+AI27 -> 0 | AZ27: =Q27 -> 968 | BA27: =AU27 -> 95.145631 | BB27: =BA27/AZ27 -> 0.098290941 | BC27: 712 | BE27: =G27 -> 10704222 | BF27: 0010 | BG27: =E27 -> 617192 | BH27: =F27 -> EBK38-2017-K-S-BEIGE-HDPE | BI27: =AQ27 -> 05.08.2026 | BJ27: =AR27 -> 06:00:00 | BK27: =AS27 -> 05.08.2026 | BL27: =AT27 -> 18:00:00 | BM27: =ROUNDDOWN(Q27+AU27,0) -> 1063 | BN27: 0 | BO27: PCE | BQ27: H | BR27: =(AV27/AW27)+AY27 -> 9.7455016 | BS27: H | BT27: =(AV27/AW27)+AY27 -> 9.7455016 | BU27: H | BV27: =(AV27/AW27)+AY27 -> 9.7455016 | BW27: H | BY27: H | CA27: H | CH27: 712 | CJ27: =G27 -> 10704222 | CK27: 0020 | CL27: =E27 -> 617192 | CM27: =F27 -> EBK38-2017-K-S-BEIGE-HDPE | CN27: =AQ27 -> 05.08.2026 | CO27: =AR27 -> 06:00:00 | CP27: =AS27 -> 05.08.2026 | CQ27: =AT27 -> 18:00:00 | CR27: =ROUNDDOWN(AZ27,0) -> 968 | CS27: =ROUNDDOWN(BA27,0) -> 95 | CT27: PCE | CV27: H | CX27: H | CZ27: H | DB27: H | DD27: H | DF27: H | DN27: =B27 -> KM26 | DO27: =F27 -> EBK38-2017-K-S-BEIGE-HDPE | DP27: =(3600/AC27)*I27*12*0.98 -> 1282.9091 | DQ27: =P27 -> 1217 | DR27: =DQ27/DP27*100 -> 94.862528 | DS27: =Y27 -> 9.8 | DT27: =Z27 -> 0.078180469 | DU27: =SUM(AG27:AI27) -> 0 | DV27: =SUM(AD27:AF27) -> 0 | DW27: =Y27+W27+AM27+AN27/U27*100 -> 9.8 | DY27: =AJ27 -> Line mark & black dot.l.test
A28: 5M | B28: B3 | C28: ASMULLAH | D28: =VLOOKUP(E28,'Reference Card '!A:E,5,FALSE) -> SM398 | E28: 606524 | F28: =VLOOKUP(E28,'[1]Reference Card '!A:B,2,FALSE) -> C35-R/S-F.TOP D.CHOC W SEAL 2.0 (ASEM) | G28: 10704266 | H28: - | I28: =VLOOKUP(E28,'[1]Reference Card '!A:C,3,FALSE) -> 12 | J28: =VLOOKUP(E28,'[1]Reference Card '!A:H,8,FALSE) -> 5.86 | K28: =VLOOKUP(E28,'[1]Reference Card '!A:F,6,FALSE) -> 5.86 | L28: 1247 | M28: 170000 | N28: 13600 | O28: 27200 | P28: =L28*I28 -> 14964 | Q28: 0 | R28: =(Q28*K28)/1000 -> 0 | S28: 95200 | T28: =IF(M28="Sample","-",IF(M28="RTFN","-",M28-S28)) -> 74800 | U28: =(P28*K28)/1000 -> 87.68904 | V28: =(J28-K28)*P28/1000 -> 0 | W28: 0 | X28: =W28/U28 -> 0 | Y28: 8.2 | Z28: =Y28/U28 -> 0.093512256 | AA28: 32.5 | AB28: =AA28/3600*L28 -> 11.257639 | AC28: =VLOOKUP(E28,'[2]Reference Card '!A:I,9,FALSE) -> 29.04 | AJ28: Uncapping & Shot moulding. | AO28: =(U28-R28-W28-Y28-AM28-AN28)-(O28*K28/1000) -> -79.90296 | AP28: Morning | AQ28: 05.08.2026 | AR28: 06:00:00 | AS28: 05.08.2026 | AT28: 18:00:00 | AU28: =(Y28+W28+AM28+AN28)*1000/K28 -> 1399.3174 | AV28: =Q28+AU28 -> 1399.3174 | AW28: =3600/AA28*I28 -> 1329.2308 | AX28: =(AV28/AW28)+AY28 -> 1.0527272 | AY28: =AG28+AH28+AI28 -> 0 | AZ28: =Q28 -> 0 | BA28: =AU28 -> 1399.3174 | BB28: =BA28/AZ28 -> #DIV/0! | BC28: 712 | BE28: =G28 -> 10704266 | BF28: 0010 | BG28: =E28 -> 606524 | BH28: =F28 -> C35-R/S-F.TOP D.CHOC W SEAL 2.0 (ASEM) | BI28: =AQ28 -> 05.08.2026 | BJ28: =AR28 -> 06:00:00 | BK28: =AS28 -> 05.08.2026 | BL28: =AT28 -> 18:00:00 | BM28: =ROUNDDOWN(Q28+AU28,0) -> 1399 | BN28: 0 | BO28: PCE | BQ28: H | BR28: =(AV28/AW28)+AY28 -> 1.0527272 | BS28: H | BT28: =(AV28/AW28)+AY28 -> 1.0527272 | BU28: H | BV28: =(AV28/AW28)+AY28 -> 1.0527272 | BW28: H | BY28: H | CA28: H | CH28: 712 | CJ28: =G28 -> 10704266 | CK28: 0020 | CL28: =E28 -> 606524 | CM28: =F28 -> C35-R/S-F.TOP D.CHOC W SEAL 2.0 (ASEM) | CN28: =AQ28 -> 05.08.2026 | CO28: =AR28 -> 06:00:00 | CP28: =AS28 -> 05.08.2026 | CQ28: =AT28 -> 18:00:00 | CR28: =ROUNDDOWN(AZ28,0) -> 0 | CS28: =ROUNDDOWN(BA28,0) -> 1399 | CT28: PCE | CV28: H | CX28: H | CZ28: H | DB28: H | DD28: H | DF28: H | DN28: =B28 -> B3 | DO28: =F28 -> C35-R/S-F.TOP D.CHOC W SEAL 2.0 (ASEM) | DP28: =(3600/AC28)*I28*12*0.98 -> 17494.215 | DQ28: =P28 -> 14964 | DR28: =DQ28/DP28*100 -> 85.536848 | DS28: =Y28 -> 8.2 | DT28: =Z28 -> 0.093512256 | DU28: =SUM(AG28:AI28) -> 0 | DV28: =SUM(AD28:AF28) -> 0 | DW28: =Y28+W28+AM28+AN28/U28*100 -> 8.2 | DY28: =AJ28 -> Uncapping & Shot moulding.
A29: 5M | B29: H1 | C29: ASMULLAH/KAIMULLAH | D29: =VLOOKUP(E29,'Reference Card '!A:E,5,FALSE) -> SM398 | E29: 665673 | F29: =VLOOKUP(E29,'[1]Reference Card '!A:B,2,FALSE) -> C32- TOP CAP-RED-KKM | G29: 10703863 | H29: - | I29: =VLOOKUP(E29,'[1]Reference Card '!A:C,3,FALSE) -> 8 | J29: =VLOOKUP(E29,'[1]Reference Card '!A:H,8,FALSE) -> 2.1 | K29: =VLOOKUP(E29,'[1]Reference Card '!A:F,6,FALSE) -> 2.1 | L29: 1896 | M29: 360000 | N29: 39000 | O29: 9000 | P29: =L29*I29 -> 15168 | Q29: 15000 | R29: =(Q29*K29)/1000 -> 31.5 | S29: 144880 | T29: =IF(M29="Sample","-",IF(M29="RTFN","-",M29-S29)) -> 215120 | U29: =(P29*K29)/1000 -> 31.8528 | V29: =(J29-K29)*P29/1000 -> 0 | W29: 0 | X29: =W29/U29 -> 0 | Y29: 0.5 | Z29: =Y29/U29 -> 0.015697207 | AA29: 22.7 | AB29: =AA29/3600*L29 -> 11.955333 | AC29: =VLOOKUP(E29,'[2]Reference Card '!A:I,9,FALSE) -> 20 | AJ29: Oily mark. | AM29: 5 | AO29: =(U29-R29-W29-Y29-AM29-AN29)-(N70*K29/1000) -> -5.1472 | AP29: Morning | AQ29: 05.08.2026 | AR29: 06:00:00 | AS29: 05.08.2026 | AT29: 18:00:00 | AU29: =(Y29+W29+AM29+AN29)*1000/K29 -> 2619.0476 | AV29: =Q29+AU29 -> 17619.048 | AW29: =3600/AA29*I29 -> 1268.7225 | AX29: =(AV29/AW29)+AY29 -> 13.887235 | AY29: =AG29+AH29+AI29 -> 0 | AZ29: =Q29 -> 15000 | BA29: =AU29 -> 2619.0476 | BB29: =BA29/AZ29 -> 0.17460317 | BC29: 712 | BE29: =G29 -> 10703863 | BF29: 0010 | BG29: =E29 -> 665673 | BH29: =F29 -> C32- TOP CAP-RED-KKM | BI29: =AQ29 -> 05.08.2026 | BJ29: =AR29 -> 06:00:00 | BK29: =AS29 -> 05.08.2026 | BL29: =AT29 -> 18:00:00 | BM29: =ROUNDDOWN(Q29+AU29,0) -> 17619 | BN29: 0 | BO29: PCE | BQ29: H | BR29: =(AV29/AW29)+AY29 -> 13.887235 | BS29: H | BT29: =(AV29/AW29)+AY29 -> 13.887235 | BU29: H | BV29: =(AV29/AW29)+AY29 -> 13.887235 | BW29: H | BY29: H | CA29: H | CH29: 712 | CJ29: =G29 -> 10703863 | CK29: 0020 | CL29: =E29 -> 665673 | CM29: =F29 -> C32- TOP CAP-RED-KKM | CN29: =AQ29 -> 05.08.2026 | CO29: =AR29 -> 06:00:00 | CP29: =AS29 -> 05.08.2026 | CQ29: =AT29 -> 18:00:00 | CR29: =ROUNDDOWN(AZ29,0) -> 15000 | CS29: =ROUNDDOWN(BA29,0) -> 2619 | CT29: PCE | CV29: H | CX29: H | CZ29: H | DB29: H | DD29: H | DF29: H | DN29: =B29 -> H1 | DO29: =F29 -> C32- TOP CAP-RED-KKM | DP29: =(3600/AC29)*I29*12*0.98 -> 16934.4 | DQ29: =P29 -> 15168 | DR29: =DQ29/DP29*100 -> 89.569161 | DS29: =Y29 -> 0.5 | DT29: =Z29 -> 0.015697207 | DU29: =SUM(AG29:AI29) -> 0 | DV29: =SUM(AD29:AF29) -> 0 | DW29: =Y29+W29+AM29+AN29/U29*100 -> 5.5 | DY29: =AJ29 -> Oily mark.
A30: 5M | B30: SM5 | C30: SOJIB | D30: =VLOOKUP(E30,'Reference Card '!A:E,5,FALSE) -> SM840 | E30: 621407 | F30: =VLOOKUP(E30,'[1]Reference Card '!A:B,2,FALSE) -> T-0226-BR-HERS-PP | G30: 10702665 | H30: - | I30: 1 | J30: =VLOOKUP(E30,'[1]Reference Card '!A:H,8,FALSE) -> 27.8 | K30: =VLOOKUP(E30,'[1]Reference Card '!A:F,6,FALSE) -> 27.8 | L30: 2162 | M30: 75040 | N30: 420 | O30: 280 | P30: =L30*I30 -> 2162 | Q30: 2240 | R30: =(Q30*K30)/1000 -> 62.272 | S30: 27160 | T30: 72800 | U30: =(P30*K30)/1000 -> 60.1036 | V30: =(J30-K30)*P30/1000 -> 0 | W30: 0 | X30: 0.056 | Y30: 0.6 | Z30: =Y30/U30 -> 0.0099827631 | AA30: 20 | AB30: =AA30/3600*L30 -> 12.011111 | AC30: =VLOOKUP(E30,'[2]Reference Card '!A:I,9,FALSE) -> 17.8 | AJ30: Run well. | AO30: =(U30-R30-W30-Y30-AM30-AN30)-(N72*K30/1000) -> -2.7684 | AP30: Morning | AQ30: 05.08.2026 | AR30: 06:00:00 | AS30: 05.08.2026 | AT30: 18:00:00 | AU30: =(Y30+W30+AM30+AN30)*1000/K30 -> 21.582734 | AV30: =Q30+AU30 -> 2261.5827 | AW30: =3600/AA30*I30 -> 180 | AX30: =(AV30/AW30)+AY30 -> 12.564349 | AY30: =AG30+AH30+AI30 -> 0 | AZ30: =Q30 -> 2240 | BA30: =AU30 -> 21.582734 | BB30: =BA30/AZ30 -> 0.009635149 | BC30: 712 | BE30: =G30 -> 10702665 | BF30: 0010 | BG30: =E30 -> 621407 | BH30: =F30 -> T-0226-BR-HERS-PP | BI30: =AQ30 -> 05.08.2026 | BJ30: =AR30 -> 06:00:00 | BK30: =AS30 -> 05.08.2026 | BL30: =AT30 -> 18:00:00 | BM30: =ROUNDDOWN(Q30+AU30,0) -> 2261 | BN30: 0 | BO30: PCE | BQ30: H | BR30: =(AV30/AW30)+AY30 -> 12.564349 | BS30: H | BT30: =(AV30/AW30)+AY30 -> 12.564349 | BU30: H | BV30: =(AV30/AW30)+AY30 -> 12.564349 | BW30: H | BY30: H | CA30: H | CH30: 712 | CJ30: =G30 -> 10702665 | CK30: 0020 | CL30: =E30 -> 621407 | CM30: =F30 -> T-0226-BR-HERS-PP | CN30: =AQ30 -> 05.08.2026 | CO30: =AR30 -> 06:00:00 | CP30: =AS30 -> 05.08.2026 | CQ30: =AT30 -> 18:00:00 | CR30: =ROUNDDOWN(AZ30,0) -> 2240 | CS30: =ROUNDDOWN(BA30,0) -> 21 | CT30: PCE | CV30: H | CX30: H | CZ30: H | DB30: H | DD30: H | DF30: H | DN30: =B30 -> SM5 | DO30: =F30 -> T-0226-BR-HERS-PP | DP30: =(3600/AC30)*I30*12*0.98 -> 2378.427 | DQ30: =P30 -> 2162 | DR30: =DQ30/DP30*100 -> 90.900416 | DS30: =Y30 -> 0.6 | DT30: =Z30 -> 0.0099827631 | DU30: =SUM(AG30:AI30) -> 0 | DV30: =SUM(AD30:AF30) -> 0 | DW30: =Y30+W30+AM30+AN30/U30*100 -> 0.6 | DY30: =AJ30 -> Run well.
A31: 5M | B31: Y1 | C31: SHESHNATH/NITESH | D31: =VLOOKUP(E31,'Reference Card '!A:E,5,FALSE) -> LLDPE6101 / HDPE6178 | E31: 665674 | F31: C32-BOTTOM CAP-RED-KKM | G31: 10703862 | H31: - | I31: =VLOOKUP(E31,'[1]Reference Card '!A:C,3,FALSE) -> 8 | J31: =VLOOKUP(E31,'[1]Reference Card '!A:H,8,FALSE) -> 3.801 | K31: =VLOOKUP(E31,'[1]Reference Card '!A:F,6,FALSE) -> 3.801 | L31: 1352 | M31: 360000 | N31: 6000 | O31: 4000 | P31: =L31*I31 -> 10816 | Q31: 10000 | R31: =(Q31*K31)/1000 -> 38.01 | S31: 128770 | T31: =IF(M31="Sample","-",IF(M31="RTFN","-",M31-S31)) -> 231230 | U31: =(P31*K31)/1000 -> 41.111616 | V31: =(J31-K31)*P31/1000 -> 0 | W31: 0 | X31: =W31/U31 -> 0 | Y31: 0.26 | Z31: =Y31/U31 -> 0.0063242467 | AA31: 31.6 | AB31: =AA31/3600*L31 -> 11.867556 | AC31: 29 | AJ31: Oily mark & pull ring broken | AO31: =(U31-R31-W31-Y31-AM31-AN31)-(N73*K31/1000) -> 2.841616 | AP31: Morning | AQ31: 05.08.2026 | AR31: 06:00:00 | AS31: 05.08.2026 | AT31: 18:00:00 | AU31: =(Y31+W31+AM31+AN31)*1000/K31 -> 68.403052 | AV31: =Q31+AU31 -> 10068.403 | AW31: =3600/AA31*I31 -> 911.39241 | AX31: =(AV31/AW31)+AY31 -> 11.047276 | AY31: =AG31+AH31+AI31 -> 0 | AZ31: =Q31 -> 10000 | BA31: =AU31 -> 68.403052 | BB31: =BA31/AZ31 -> 0.0068403052 | BC31: 712 | BE31: =G31 -> 10703862 | BF31: 0010 | BG31: =E31 -> 665674 | BH31: =F31 -> C32-BOTTOM CAP-RED-KKM | BI31: =AQ31 -> 05.08.2026 | BJ31: =AR31 -> 06:00:00 | BK31: =AS31 -> 05.08.2026 | BL31: =AT31 -> 18:00:00 | BM31: =ROUNDDOWN(Q31+AU31,0) -> 10068 | BN31: 0 | BO31: PCE | BQ31: H | BR31: =(AV31/AW31)+AY31 -> 11.047276 | BS31: H | BT31: =(AV31/AW31)+AY31 -> 11.047276 | BU31: H | BV31: =(AV31/AW31)+AY31 -> 11.047276 | BW31: H | BY31: H | CA31: H | CH31: 712 | CJ31: =G31 -> 10703862 | CK31: 0020 | CL31: =E31 -> 665674 | CM31: =F31 -> C32-BOTTOM CAP-RED-KKM | CN31: =AQ31 -> 05.08.2026 | CO31: =AR31 -> 06:00:00 | CP31: =AS31 -> 05.08.2026 | CQ31: =AT31 -> 18:00:00 | CR31: =ROUNDDOWN(AZ31,0) -> 10000 | CS31: =ROUNDDOWN(BA31,0) -> 68 | CT31: PCE | CV31: H | CX31: H | CZ31: H | DB31: H | DD31: H | DF31: H | DN31: =B31 -> Y1 | DO31: =F31 -> C32-BOTTOM CAP-RED-KKM | DP31: =(3600/AC31)*I31*12*0.98 -> 11678.897 | DQ31: =P31 -> 10816 | DR31: =DQ31/DP31*100 -> 92.611489 | DS31: =Y31 -> 0.26 | DT31: =Z31 -> 0.0063242467 | DU31: =SUM(AG31:AI31) -> 0 | DV31: =SUM(AD31:AF31) -> 0 | DW31: =Y31+W31+AM31+AN31/U31*100 -> 0.26 | DY31: =AJ31 -> Oily mark & pull ring broken
A32: 5M | B32: H2 | C32: SHESHNATH/NITESH | D32: =VLOOKUP(E32,'Reference Card '!A:E,5,FALSE) -> PET PF CAN | E32: 588637 | F32: =VLOOKUP(E32,'[1]Reference Card '!A:B,2,FALSE) -> PF-JK57-24-82-KEKO | G32: 10703599 | H32: - | I32: =VLOOKUP(E32,'[1]Reference Card '!A:C,3,FALSE) -> 6 | J32: =VLOOKUP(E32,'[1]Reference Card '!A:H,8,FALSE) -> 24.6 | K32: =VLOOKUP(E32,'[1]Reference Card '!A:F,6,FALSE) -> 24.6 | L32: 1326 | M32: 144000 | N32: 193500 | O32: 201000 | P32: =L32*I32 -> 7956 | Q32: 7500 | R32: =(Q32*K32)/1000 -> 184.5 | S32: 134970 | T32: =IF(M32="Sample","-",IF(M32="RTFN","-",M32-S32)) -> 9030 | U32: =(P32*K32)/1000 -> 195.7176 | V32: =(J32-K32)*P32/1000 -> 0 | W32: 0 | X32: =W32/U32 -> 0 | Y32: 0.15 | Z32: =Y32/U32 -> 0.00076641038 | AA32: 32.2 | AB32: =AA32/3600*L32 -> 11.860333 | AC32: =VLOOKUP(E32,'[2]Reference Card '!A:I,9,FALSE) -> 26 | AJ32: Run well. | AM32: 8 | AN32: 4 | AO32: =(U32-R32-W32-Y32-AM32-AN32)-(N74*K32/1000) -> -0.9324 | AP32: Morning | AQ32: 05.08.2026 | AR32: 06:00:00 | AS32: 05.08.2026 | AT32: 18:00:00 | AU32: =(Y32+W32+AM32+AN32)*1000/K32 -> 493.90244 | AV32: =Q32+AU32 -> 7993.9024 | AW32: =3600/AA32*I32 -> 670.80745 | AX32: =(AV32/AW32)+AY32 -> 11.916836 | AY32: =AG32+AH32+AI32 -> 0 | AZ32: =Q32 -> 7500 | BA32: =AU32 -> 493.90244 | BB32: =BA32/AZ32 -> 0.065853659 | BC32: 712 | BE32: =G32 -> 10703599 | BF32: 0010 | BG32: =E32 -> 588637 | BH32: =F32 -> PF-JK57-24-82-KEKO | BI32: =AQ32 -> 05.08.2026 | BJ32: =AR32 -> 06:00:00 | BK32: =AS32 -> 05.08.2026 | BL32: =AT32 -> 18:00:00 | BM32: =ROUNDDOWN(Q32+AU32,0) -> 7993 | BN32: 0 | BO32: PCE | BQ32: H | BR32: =(AV32/AW32)+AY32 -> 11.916836 | BS32: H | BT32: =(AV32/AW32)+AY32 -> 11.916836 | BU32: H | BV32: =(AV32/AW32)+AY32 -> 11.916836 | BW32: H | BY32: H | CA32: H | CH32: 712 | CJ32: =G32 -> 10703599 | CK32: 0020 | CL32: =E32 -> 588637 | CM32: =F32 -> PF-JK57-24-82-KEKO | CN32: =AQ32 -> 05.08.2026 | CO32: =AR32 -> 06:00:00 | CP32: =AS32 -> 05.08.2026 | CQ32: =AT32 -> 18:00:00 | CR32: =ROUNDDOWN(AZ32,0) -> 7500 | CS32: =ROUNDDOWN(BA32,0) -> 493 | CT32: PCE | CV32: H | CX32: H | CZ32: H | DB32: H | DD32: H | DF32: H | DN32: =B32 -> H2 | DO32: =F32 -> PF-JK57-24-82-KEKO | DP32: =(3600/AC32)*I32*12*0.98 -> 9769.8462 | DQ32: =P32 -> 7956 | DR32: =DQ32/DP32*100 -> 81.43424 | DS32: =Y32 -> 0.15 | DT32: =Z32 -> 0.00076641038 | DU32: =SUM(AG32:AI32) -> 0 | DV32: =SUM(AD32:AF32) -> 0 | DW32: =Y32+W32+AM32+AN32/U32*100 -> 10.193761 | DY32: =AJ32 -> Run well.
A33: 5M | B33: BRAVAN | C33: NA | D33: =VLOOKUP(E33,'Reference Card '!A:E,5,FALSE) -> PET CAN | E33: 588272 | F33: =VLOOKUP(E33,'[1]Reference Card '!A:B,2,FALSE) -> JK57-0350-R-CL-KEKO | G33: 10703795 | H33: - | I33: =VLOOKUP(E33,'[1]Reference Card '!A:C,3,FALSE) -> 2 | J33: =VLOOKUP(E33,'[1]Reference Card '!A:H,8,FALSE) -> 24 | K33: =VLOOKUP(E33,'[1]Reference Card '!A:F,6,FALSE) -> 18 | L33: 0 | M33: 91800 | N33: 170 | O33: 170 | P33: =L33*I33 -> 0 | Q33: 0 | R33: =(Q33*K33)/1000 -> 0 | S33: 18530 | T33: =IF(M33="Sample","-",IF(M33="RTFN","-",M33-S33)) -> 73270 | U33: =(P33*K33)/1000 -> 0 | V33: =(J33-K33)*P33/1000 -> 0 | W33: 0 | X33: =W33/U33 -> #DIV/0! | Y33: 0 | Z33: =Y33/U33 -> #DIV/0! | AA33: 7.4 | AB33: =AA33/3600*L33 -> 0 | AC33: =VLOOKUP(E33,'[2]Reference Card '!A:I,9,FALSE) -> 6.8 | AG33: 12 | AJ33: Under tech.Mould repair. | AO33: =(U33-R33-W33-Y33-AM33-AN33)-(N75*K33/1000) -> 0 | AP33: Morning | AQ33: 05.08.2026 | AR33: 06:00:00 | AS33: 05.08.2026 | AT33: 18:00:00 | AU33: =(Y33+W33+AM33+AN33)*1000/K33 -> 0 | AV33: =Q33+AU33 -> 0 | AW33: =3600/AA33*I33 -> 972.97297 | AX33: =(AV33/AW33)+AY33 -> 12 | AY33: =AG33+AH33+AI33 -> 12 | AZ33: =Q33 -> 0 | BA33: =AU33 -> 0 | BB33: =BA33/AZ33 -> #DIV/0! | BC33: 712 | BE33: =G33 -> 10703795 | BF33: 0010 | BG33: =E33 -> 588272 | BH33: =F33 -> JK57-0350-R-CL-KEKO | BI33: =AQ33 -> 05.08.2026 | BJ33: =AR33 -> 06:00:00 | BK33: =AS33 -> 05.08.2026 | BL33: =AT33 -> 18:00:00 | BM33: =ROUNDDOWN(Q33+AU33,0) -> 0 | BN33: 0 | BO33: PCE | BQ33: H | BR33: =(AV33/AW33)+AY33 -> 12 | BS33: H | BT33: =(AV33/AW33)+AY33 -> 12 | BU33: H | BV33: =(AV33/AW33)+AY33 -> 12 | BW33: H | BY33: H | CA33: H | CH33: 712 | CJ33: =G33 -> 10703795 | CK33: 0020 | CL33: =E33 -> 588272 | CM33: =F33 -> JK57-0350-R-CL-KEKO | CN33: =AQ33 -> 05.08.2026 | CO33: =AR33 -> 06:00:00 | CP33: =AS33 -> 05.08.2026 | CQ33: =AT33 -> 18:00:00 | CR33: =ROUNDDOWN(AZ33,0) -> 0 | CS33: =ROUNDDOWN(BA33,0) -> 0 | CT33: PCE | CV33: H | CX33: H | CZ33: H | DB33: H | DD33: H | DF33: H | DN33: =B33 -> BRAVAN | DO33: =F33 -> JK57-0350-R-CL-KEKO | DP33: =(3600/AC33)*I33*12*0.98 -> 12451.765 | DQ33: =P33 -> 0 | DR33: =DQ33/DP33*100 -> 0 | DS33: =Y33 -> 0 | DT33: =Z33 -> #DIV/0! | DU33: =SUM(AG33:AI33) -> 12 | DV33: =SUM(AD33:AF33) -> 0 | DW33: =Y33+W33+AM33+AN33/U33*100 -> #DIV/0! | DY33: =AJ33 -> Under tech.Mould repair.
A34: 5M | B34: JWELL | C34: NA | D34: R-HDPE ESTERENE HXM 50100S | E34: 444444 | F34: PPG 10LTR | G34: SAMPLE | H34: - | I34: 2 | J34: 810 | K34: 610 | L34: 0 | M34: 0 | N34: 0 | O34: 0 | P34: =L34*I34 -> 0 | Q34: 0 | R34: =(Q34*K34)/1000 -> 0 | S34: 0 | T34: =IF(M34="Sample","-",IF(M34="RTFN","-",M34-S34)) -> 0 | U34: =(P34*K34)/1000 -> 0 | V34: =(J34-K34)*P34/1000 -> 0 | W34: 0 | X34: =W34/U34 -> #DIV/0! | Y34: 0 | Z34: =Y34/U34 -> #DIV/0! | AA34: 61.7 | AB34: =AA34/3600*L34 -> 0 | AC34: =VLOOKUP(E34,'[2]Reference Card '!A:I,9,FALSE) -> #N/A | AJ34: Sample. | AM34: 10 | AO34: =(U34-R34-W34-Y34-AM34-AN34)-(N76*K34/1000) -> -10 | AP34: Morning | AQ34: 05.08.2026 | AR34: 06:00:00 | AS34: 05.08.2026 | AT34: 18:00:00 | AU34: =(Y34+W34+AM34+AN34)*1000/K34 -> 16.393443 | AV34: =Q34+AU34 -> 16.393443 | AW34: =3600/AA34*I34 -> 116.69368 | AX34: =(AV34/AW34)+AY34 -> 0.1404827 | AY34: =AG34+AH34+AI34 -> 0 | AZ34: =Q34 -> 0 | BA34: =AU34 -> 16.393443 | BB34: =BA34/AZ34 -> #DIV/0! | BC34: 712 | BE34: =G34 -> SAMPLE | BF34: 0010 | BG34: =E34 -> 444444 | BH34: =F34 -> PPG 10LTR | BI34: =AQ34 -> 05.08.2026 | BJ34: =AR34 -> 06:00:00 | BK34: =AS34 -> 05.08.2026 | BL34: =AT34 -> 18:00:00 | BM34: =ROUNDDOWN(Q34+AU34,0) -> 16 | BN34: 0 | BO34: PCE | BQ34: H | BR34: =(AV34/AW34)+AY34 -> 0.1404827 | BS34: H | BT34: =(AV34/AW34)+AY34 -> 0.1404827 | BU34: H | BV34: =(AV34/AW34)+AY34 -> 0.1404827 | BW34: H | BY34: H | CA34: H | CH34: 712 | CJ34: =G34 -> SAMPLE | CK34: 0020 | CL34: =E34 -> 444444 | CM34: =F34 -> PPG 10LTR | CN34: =AQ34 -> 05.08.2026 | CO34: =AR34 -> 06:00:00 | CP34: =AS34 -> 05.08.2026 | CQ34: =AT34 -> 18:00:00 | CR34: =ROUNDDOWN(AZ34,0) -> 0 | CS34: =ROUNDDOWN(BA34,0) -> 16 | CT34: PCE | CV34: H | CX34: H | CZ34: H | DB34: H | DD34: H | DF34: H | DN34: =B34 -> JWELL | DO34: =F34 -> PPG 10LTR | DP34: =(3600/AC34)*I34*12*0.98 -> #N/A | DQ34: =P34 -> 0 | DR34: =DQ34/DP34*100 -> #N/A | DS34: =Y34 -> 0 | DT34: =Z34 -> #DIV/0! | DU34: =SUM(AG34:AI34) -> 0 | DV34: =SUM(AD34:AF34) -> 0 | DW34: =Y34+W34+AM34+AN34/U34*100 -> #DIV/0! | DY34: =AJ34 -> Sample.
A35: 5M | B35: R-PET1 | C35: THURGA/GVETHA | D35: =VLOOKUP(E35,'Reference Card '!A:E,5,FALSE) -> PET | E35: 657982 | F35: =VLOOKUP(E35,'[1]Reference Card '!A:B,2,FALSE) -> BX38-0250-SM-R-WH-AYRAN (ASEM) | G35: 10704828 | H35: - | I35: =VLOOKUP(E35,'[1]Reference Card '!A:C,3,FALSE) -> 1 | J35: =VLOOKUP(E35,'[1]Reference Card '!A:H,8,FALSE) -> 23 | K35: =VLOOKUP(E35,'[1]Reference Card '!A:F,6,FALSE) -> 23 | L35: 0 | M35: 0 | N35: 0 | O35: 4004 | P35: =L35*I35 -> 0 | Q35: 4312 | R35: =(Q35*K35)/1000 -> 99.176 | S35: 0 | T35: =IF(M35="Sample","-",IF(M35="RTFN","-",M35-S35)) -> 0 | U35: =(P35*K35)/1000 -> 0 | V35: =(J35-K35)*P35/1000 -> 0 | W35: 0 | X35: =W35/U35 -> #DIV/0! | Y35: 1.36 | Z35: =Y35/U35 -> #DIV/0! | AA35: 10 | AB35: =AA35/3600*L35 -> 0 | AC35: =VLOOKUP(E35,'[2]Reference Card '!A:I,9,FALSE) -> 9 | AJ35: Labelling. | AO35: =(U35-R35-W35-Y35-AM35-AN35)-(N77*K35/1000) -> -100.536 | AP35: Morning | AQ35: 05.08.2026 | AR35: 06:00:00 | AS35: 05.08.2026 | AT35: 18:00:00 | AU35: =(Y35+W35+AM35+AN35)*1000/K35 -> 59.130435 | AV35: =Q35+AU35 -> 4371.1304 | AW35: =3600/AA35*I35 -> 360 | AX35: =(AV35/AW35)+AY35 -> 12.142029 | AY35: =AG35+AH35+AI35 -> 0 | AZ35: =Q35 -> 4312 | BA35: =AU35 -> 59.130435 | BB35: =BA35/AZ35 -> 0.013712995 | BC35: 712 | BE35: =G35 -> 10704828 | BF35: 0010 | BG35: =E35 -> 657982 | BH35: =F35 -> BX38-0250-SM-R-WH-AYRAN (ASEM) | BI35: =AQ35 -> 05.08.2026 | BJ35: =AR35 -> 06:00:00 | BK35: =AS35 -> 05.08.2026 | BL35: =AT35 -> 18:00:00 | BM35: =ROUNDDOWN(Q35+AU35,0) -> 4371 | BN35: 0 | BO35: PCE | BQ35: H | BR35: =(AV35/AW35)+AY35 -> 12.142029 | BS35: H | BT35: =(AV35/AW35)+AY35 -> 12.142029 | BU35: H | BV35: =(AV35/AW35)+AY35 -> 12.142029 | BW35: H | BY35: H | CA35: H | CH35: 712 | CJ35: =G35 -> 10704828 | CK35: 0020 | CL35: =E35 -> 657982 | CM35: =F35 -> BX38-0250-SM-R-WH-AYRAN (ASEM) | CN35: =AQ35 -> 05.08.2026 | CO35: =AR35 -> 06:00:00 | CP35: =AS35 -> 05.08.2026 | CQ35: =AT35 -> 18:00:00 | CR35: =ROUNDDOWN(AZ35,0) -> 4312 | CS35: =ROUNDDOWN(BA35,0) -> 59 | CT35: PCE | CV35: H | CX35: H | CZ35: H | DB35: H | DD35: H | DF35: H | DN35: =B35 -> R-PET1 | DO35: =F35 -> BX38-0250-SM-R-WH-AYRAN (ASEM) | DP35: =(3600/AC35)*I35*12*0.98 -> 4704 | DQ35: =P35 -> 0 | DR35: =DQ35/DP35*100 -> 0 | DS35: =Y35 -> 1.36 | DT35: =Z35 -> #DIV/0! | DU35: =SUM(AG35:AI35) -> 0 | DV35: =SUM(AD35:AF35) -> 0 | DW35: =Y35+W35+AM35+AN35/U35*100 -> #DIV/0! | DY35: =AJ35 -> Labelling.
A36: 5M | B36: R-PET1 | C36: THURGA/GVETHA | D36: =VLOOKUP(E36,'Reference Card '!A:E,5,FALSE) -> PET | E36: 623885 | F36: =VLOOKUP(E36,'[1]Reference Card '!A:B,2,FALSE) -> JJ63-0350EH-R-R-CL-CRISPY(ASEM) | H36: - | I36: =VLOOKUP(E36,'[1]Reference Card '!A:C,3,FALSE) -> 1 | J36: =VLOOKUP(E36,'[1]Reference Card '!A:H,8,FALSE) -> 34.5 | K36: =VLOOKUP(E36,'[1]Reference Card '!A:F,6,FALSE) -> 34.5 | L36: 0 | M36: 0 | N36: 0 | O36: 780 | P36: =L36*I36 -> 0 | Q36: 0 | R36: =(Q36*K36)/1000 -> 0 | S36: 0 | T36: =IF(M36="Sample","-",IF(M36="RTFN","-",M36-S36)) -> 0 | U36: =(P36*K36)/1000 -> 0 | V36: =(J36-K36)*P36/1000 -> 0 | W36: 0 | X36: =W36/U36 -> #DIV/0! | Y36: 0.88 | Z36: =Y36/U36 -> #DIV/0! | AA36: 10 | AB36: =AA36/3600*L36 -> 0 | AC36: =VLOOKUP(E36,'[2]Reference Card '!A:I,9,FALSE) -> 36 | AJ36: Labelling. | AO36: =(U36-R36-W36-Y36-AM36-AN36)-(N78*K36/1000) -> -0.88 | AP36: Morning | AQ36: 05.08.2026 | AR36: 06:00:00 | AS36: 05.08.2026 | AT36: 18:00:00 | AU36: =(Y36+W36+AM36+AN36)*1000/K36 -> 25.507246 | AV36: =Q36+AU36 -> 25.507246 | AW36: =3600/AA36*I36 -> 360 | AX36: =(AV36/AW36)+AY36 -> 0.070853462 | AY36: =AG36+AH36+AI36 -> 0 | AZ36: =Q36 -> 0 | BA36: =AU36 -> 25.507246 | BB36: =BA36/AZ36 -> #DIV/0! | BC36: 712 | BE36: =G36 -> 0 | BF36: 0010 | BG36: =E36 -> 623885 | BH36: =F36 -> JJ63-0350EH-R-R-CL-CRISPY(ASEM) | BI36: =AQ36 -> 05.08.2026 | BJ36: =AR36 -> 06:00:00 | BK36: =AS36 -> 05.08.2026 | BL36: =AT36 -> 18:00:00 | BM36: =ROUNDDOWN(Q36+AU36,0) -> 25 | BN36: 0 | BO36: PCE | BQ36: H | BR36: =(AV36/AW36)+AY36 -> 0.070853462 | BS36: H | BT36: =(AV36/AW36)+AY36 -> 0.070853462 | BU36: H | BV36: =(AV36/AW36)+AY36 -> 0.070853462 | BW36: H | BY36: H | CA36: H | CH36: 712 | CJ36: =G36 -> 0 | CK36: 0020 | CL36: =E36 -> 623885 | CM36: =F36 -> JJ63-0350EH-R-R-CL-CRISPY(ASEM) | CN36: =AQ36 -> 05.08.2026 | CO36: =AR36 -> 06:00:00 | CP36: =AS36 -> 05.08.2026 | CQ36: =AT36 -> 18:00:00 | CR36: =ROUNDDOWN(AZ36,0) -> 0 | CS36: =ROUNDDOWN(BA36,0) -> 25 | CT36: PCE | CV36: H | CX36: H | CZ36: H | DB36: H | DD36: H | DF36: H | DN36: =B36 -> R-PET1 | DO36: =F36 -> JJ63-0350EH-R-R-CL-CRISPY(ASEM) | DP36: =(3600/AC36)*I36*12*0.98 -> 1176 | DQ36: =P36 -> 0 | DR36: =DQ36/DP36*100 -> 0 | DS36: =Y36 -> 0.88 | DT36: =Z36 -> #DIV/0! | DU36: =SUM(AG36:AI36) -> 0 | DV36: =SUM(AD36:AF36) -> 0 | DW36: =Y36+W36+AM36+AN36/U36*100 -> #DIV/0! | DY36: =AJ36 -> Labelling.
A37: 5M | B37: KKM | C37: RIDOY | D37: =VLOOKUP(E37,'Reference Card '!A:E,5,FALSE) -> SM398 / LLDPE6101 / HDPE6178 | E37: 665672 | F37: =VLOOKUP(E37,'[1]Reference Card '!A:B,2,FALSE) -> C32-2 PIECE-T.RED &.B.RED-KKM (ASEM)-S | G37: 10704706 | H37: - | I37: =VLOOKUP(E37,'[1]Reference Card '!A:C,3,FALSE) -> 1 | J37: =VLOOKUP(E37,'[1]Reference Card '!A:H,8,FALSE) -> 5.9 | K37: =VLOOKUP(E37,'[1]Reference Card '!A:F,6,FALSE) -> 5.9 | L37: 0 | M37: 0 | N37: 0 | O37: 9000 | P37: 0 | Q37: 0 | R37: =(Q37*K37)/1000 -> 0 | S37: 0 | T37: =IF(M37="Sample","-",IF(M37="RTFN","-",M37-S37)) -> 0 | U37: =(P37*K37)/1000 -> 0 | V37: =(J37-K37)*P37/1000 -> 0 | W37: 0 | X37: =W37/U37 -> #DIV/0! | Y37: 0 | Z37: =Y37/U37 -> #DIV/0! | AA37: 10 | AB37: =AA37/3600*L37 -> 0 | AC37: =VLOOKUP(E37,'[2]Reference Card '!A:I,9,FALSE) -> 9 | AJ37: Assy output. | AO37: =(U37-R37-W37-Y37-AM37-AN37)-(N80*K37/1000) -> 0 | AP37: Morning | AQ37: 05.08.2026 | AR37: 06:00:00 | AS37: 05.08.2026 | AT37: 18:00:00 | AU37: =(Y37+W37+AM37+AN37)*1000/K37 -> 0 | AV37: =Q37+AU37 -> 0 | AW37: =3600/AA37*I37 -> 360 | AX37: =(AV37/AW37)+AY37 -> 0 | AY37: =AG37+AH37+AI37 -> 0 | AZ37: =Q37 -> 0 | BA37: =AU37 -> 0 | BB37: =BA37/AZ37 -> #DIV/0! | BC37: 712 | BE37: =G37 -> 10704706 | BF37: 0010 | BG37: =E37 -> 665672 | BH37: =F37 -> C32-2 PIECE-T.RED &.B.RED-KKM (ASEM)-S | BI37: =AQ37 -> 05.08.2026 | BJ37: =AR37 -> 06:00:00 | BK37: =AS37 -> 05.08.2026 | BL37: =AT37 -> 18:00:00 | BM37: =ROUNDDOWN(Q37+AU37,0) -> 0 | BN37: 0 | BO37: PCE | BQ37: H | BR37: =(AV37/AW37)+AY37 -> 0 | BS37: H | BT37: =(AV37/AW37)+AY37 -> 0 | BU37: H | BV37: =(AV37/AW37)+AY37 -> 0 | BW37: H | BY37: H | CA37: H | CH37: 712 | CJ37: =G37 -> 10704706 | CK37: 0020 | CL37: =E37 -> 665672 | CM37: =F37 -> C32-2 PIECE-T.RED &.B.RED-KKM (ASEM)-S | CN37: =AQ37 -> 05.08.2026 | CO37: =AR37 -> 06:00:00 | CP37: =AS37 -> 05.08.2026 | CQ37: =AT37 -> 18:00:00 | CR37: =ROUNDDOWN(AZ37,0) -> 0 | CS37: =ROUNDDOWN(BA37,0) -> 0 | CT37: PCE | CV37: H | CX37: H | CZ37: H | DB37: H | DD37: H | DF37: H | DN37: =B37 -> KKM | DO37: =F37 -> C32-2 PIECE-T.RED &.B.RED-KKM (ASEM)-S | DP37: =(3600/AC37)*I37*12*0.98 -> 4704 | DQ37: =P37 -> 0 | DR37: =DQ37/DP37*100 -> 0 | DS37: =Y37 -> 0 | DT37: =Z37 -> #DIV/0! | DU37: =SUM(AG37:AI37) -> 0 | DV37: =SUM(AD37:AF37) -> 0 | DW37: =Y37+W37+AM37+AN37/U37*100 -> #DIV/0! | DY37: =AJ37 -> Assy output.
AZ38: =Q38 -> 0 | CR38: =ROUNDDOWN(AZ38,0) -> 0
A39: 5N | B39: A5 | C39: JALALUDIN/AISHAH | D39: =VLOOKUP(E39,'Reference Card '!A:E,5,FALSE) -> PET | E39: 324173 | F39: =VLOOKUP(E39,'[1]Reference Card '!A:B,2,FALSE) -> JJ63-0600-RH-R-CL | G39: 10704263 | H39: - | I39: =VLOOKUP(E39,'[1]Reference Card '!A:C,3,FALSE) -> 4 | J39: =VLOOKUP(E39,'[1]Reference Card '!A:H,8,FALSE) -> 34 | K39: =VLOOKUP(E39,'[1]Reference Card '!A:F,6,FALSE) -> 34.5 | L39: 1575 | M39: 31500 | N39: 0 | O39: 0 | P39: =L39*I39 -> 6300 | Q39: 6300 | R39: =(Q39*K39)/1000 -> 217.35 | S39: 6300 | T39: =IF(M39="Sample","-",IF(M39="RTFN","-",M39-S39)) -> 25200 | U39: =(P39*K39)/1000 -> 217.35 | V39: 0 | W39: 0 | X39: =W39/U39 -> 0 | Y39: 14.5 | Z39: =Y39/U39 -> 0.066712675 | AA39: 23.4 | AB39: =AA39/3600*L39 -> 10.2375 | AC39: =VLOOKUP(E39,'[2]Reference Card '!A:I,9,FALSE) -> 20.4 | AH39: 1.5 | AJ39: Start 7.30pm.tech adjsut wvay. | AO39: =(U39-R39-W39-Y39-AM39-AN39)-(O39*K39/1000) -> -14.5 | AP39: Night | AQ39: 05.08.2026 | AR39: 18:00:00 | AS39: 06.08.2026 | AT39: 06:00:00 | AU39: =(Y39+W39+AM39+AN39)*1000/K39 -> 420.28986 | AV39: =Q39+AU39 -> 6720.2899 | AW39: =3600/AA39*I39 -> 615.38462 | AX39: =(AV39/AW39)+AY39 -> 12.420471 | AY39: =AG39+AH39+AI39 -> 1.5 | AZ39: =Q39 -> 6300 | BA39: =AU39 -> 420.28986 | BB39: =BA39/AZ39 -> 0.066712675 | BC39: 712 | BE39: =G39 -> 10704263 | BF39: 0010 | BG39: =E39 -> 324173 | BH39: =F39 -> JJ63-0600-RH-R-CL | BI39: =AQ39 -> 05.08.2026 | BJ39: =AR39 -> 18:00:00 | BK39: =AS39 -> 06.08.2026 | BL39: =AT39 -> 06:00:00 | BM39: =ROUNDDOWN(Q39+AU39,0) -> 6720 | BN39: 0 | BO39: PCE | BQ39: H | BR39: =(AV39/AW39)+AY39 -> 12.420471 | BS39: H | BT39: =(AV39/AW39)+AY39 -> 12.420471 | BU39: H | BV39: =(AV39/AW39)+AY39 -> 12.420471 | BW39: H | BY39: H | CA39: H | CH39: 712 | CJ39: =G39 -> 10704263 | CK39: 0020 | CL39: =E39 -> 324173 | CM39: =F39 -> JJ63-0600-RH-R-CL | CN39: =AQ39 -> 05.08.2026 | CO39: =AR39 -> 18:00:00 | CP39: =AS39 -> 06.08.2026 | CQ39: =AT39 -> 06:00:00 | CR39: =ROUNDDOWN(AZ39,0) -> 6300 | CS39: =ROUNDDOWN(BA39,0) -> 420 | CT39: PCE | CV39: H | CX39: H | CZ39: H | DB39: H | DD39: H | DF39: H | DN39: =B39 -> A5 | DO39: =F39 -> JJ63-0600-RH-R-CL | DP39: =(3600/AC39)*I39*12*0.98 -> 8301.1765 | DQ39: =P39 -> 6300 | DR39: =DQ39/DP39*100 -> 75.892857 | DS39: =Y39 -> 14.5 | DT39: =Z39 -> 0.066712675 | DU39: =SUM(AG39:AI39) -> 1.5 | DV39: =SUM(AD39:AF39) -> 0 | DW39: =Y39+W39+AM39+AN39/U39*100 -> 14.5 | DY39: =AJ39 -> Start 7.30pm.tech adjsut wvay.
A40: 5N | B40: A6 | C40: JEGA/HABIRAMI | D40: =VLOOKUP(E40,'Reference Card '!A:E,5,FALSE) -> PET | E40: 322493 | F40: =VLOOKUP(E40,'[1]Reference Card '!A:B,2,FALSE) -> BC28-0280-HD-R-CL-LW | G40: 10704264 | H40: - | I40: =VLOOKUP(E40,'[1]Reference Card '!A:C,3,FALSE) -> 4 | J40: =VLOOKUP(E40,'[1]Reference Card '!A:H,8,FALSE) -> 23 | K40: =VLOOKUP(E40,'[1]Reference Card '!A:F,6,FALSE) -> 23 | L40: 1320 | M40: 30600 | N40: 1105 | O40: 0 | P40: =L40*I40 -> 5280 | Q40: 6375 | R40: =(Q40*K40)/1000 -> 146.625 | S40: 30600 | T40: =IF(M40="Sample","-",IF(M40="RTFN","-",M40-S40)) -> 0 | U40: =(P40*K40)/1000 -> 121.44 | V40: =(J40-K40)*P40/1000 -> 0 | W40: 0 | X40: =W40/U40 -> 0 | Y40: 2.5 | Z40: =Y40/U40 -> 0.020586298 | AA40: 26.9 | AB40: =AA40/3600*L40 -> 9.8633333 | AC40: =VLOOKUP(E40,'[2]Reference Card '!A:I,9,FALSE) -> 22.5 | AJ40: C/order.Stop 3.30am. | AO40: =(U40-R40-W40-Y40-AM40-AN40)-(O40*K40/1000) -> -27.685 | AP40: Night | AQ40: 05.08.2026 | AR40: 18:00:00 | AS40: 06.08.2026 | AT40: 06:00:00 | AU40: =(Y40+W40+AM40+AN40)*1000/K40 -> 108.69565 | AV40: =Q40+AU40 -> 6483.6957 | AW40: =3600/AA40*I40 -> 535.31599 | AX40: =(AV40/AW40)+AY40 -> 12.111904 | AY40: =AG40+AH40+AI40 -> 0 | AZ40: =Q40 -> 6375 | BA40: =AU40 -> 108.69565 | BB40: =BA40/AZ40 -> 0.017050298 | BC40: 712 | BE40: =G40 -> 10704264 | BF40: 0010 | BG40: =E40 -> 322493 | BH40: =F40 -> BC28-0280-HD-R-CL-LW | BI40: =AQ40 -> 05.08.2026 | BJ40: =AR40 -> 18:00:00 | BK40: =AS40 -> 06.08.2026 | BL40: =AT40 -> 06:00:00 | BM40: =ROUNDDOWN(Q40+AU40,0) -> 6483 | BN40: 0 | BO40: PCE | BQ40: H | BR40: =(AV40/AW40)+AY40 -> 12.111904 | BS40: H | BT40: =(AV40/AW40)+AY40 -> 12.111904 | BU40: H | BV40: =(AV40/AW40)+AY40 -> 12.111904 | BW40: H | BY40: H | CA40: H | CH40: 712 | CJ40: =G40 -> 10704264 | CK40: 0020 | CL40: =E40 -> 322493 | CM40: =F40 -> BC28-0280-HD-R-CL-LW | CN40: =AQ40 -> 05.08.2026 | CO40: =AR40 -> 18:00:00 | CP40: =AS40 -> 06.08.2026 | CQ40: =AT40 -> 06:00:00 | CR40: =ROUNDDOWN(AZ40,0) -> 6375 | CS40: =ROUNDDOWN(BA40,0) -> 108 | CT40: PCE | CV40: H | CX40: H | CZ40: H | DB40: H | DD40: H | DF40: H | DN40: =B40 -> A6 | DO40: =F40 -> BC28-0280-HD-R-CL-LW | DP40: =(3600/AC40)*I40*12*0.98 -> 7526.4 | DQ40: =P40 -> 5280 | DR40: =DQ40/DP40*100 -> 70.153061 | DS40: =Y40 -> 2.5 | DT40: =Z40 -> 0.020586298 | DU40: =SUM(AG40:AI40) -> 0 | DV40: =SUM(AD40:AF40) -> 0 | DW40: =Y40+W40+AM40+AN40/U40*100 -> 2.5 | DY40: =AJ40 -> C/order.Stop 3.30am.
A41: 5N | B41: A6 | C41: JEGA/HABIRAMI | D41: =VLOOKUP(E41,'Reference Card '!A:E,5,FALSE) -> PET | E41: 322438 | F41: =VLOOKUP(E41,'[1]Reference Card '!A:B,2,FALSE) -> BC28-0355-A-Q-CL | G41: 10704909 | H41: - | I41: =VLOOKUP(E41,'[1]Reference Card '!A:C,3,FALSE) -> 4 | J41: =VLOOKUP(E41,'[1]Reference Card '!A:H,8,FALSE) -> 23 | K41: =VLOOKUP(E41,'[1]Reference Card '!A:F,6,FALSE) -> 23 | L41: 0 | M41: 54144 | N41: 0 | O41: 0 | P41: =L41*I41 -> 0 | Q41: 0 | R41: =(Q41*K41)/1000 -> 0 | S41: 0 | T41: =IF(M41="Sample","-",IF(M41="RTFN","-",M41-S41)) -> 54144 | U41: =(P41*K41)/1000 -> 0 | V41: =(J41-K41)*P41/1000 -> 0 | W41: 0 | X41: =W41/U41 -> #DIV/0! | Y41: 0 | Z41: =Y41/U41 -> #DIV/0! | AA41: 26.9 | AB41: =AA41/3600*L41 -> 0 | AC41: =VLOOKUP(E41,'[2]Reference Card '!A:I,9,FALSE) -> 22 | AF41: 1.5 | AH41: 1 | AJ41: Under tech start 6.40am | AO41: =(U41-R41-W41-Y41-AM41-AN41)-(O41*K41/1000) -> 0 | AP41: Night | AQ41: 05.08.2026 | AR41: 18:00:00 | AS41: 06.08.2026 | AT41: 06:00:00 | AU41: =(Y41+W41+AM41+AN41)*1000/K41 -> 0 | AV41: =Q41+AU41 -> 0 | AW41: =3600/AA41*I41 -> 535.31599 | AX41: =(AV41/AW41)+AY41 -> 1 | AY41: =AG41+AH41+AI41 -> 1 | AZ41: =Q41 -> 0 | BA41: =AU41 -> 0 | BB41: =BA41/AZ41 -> #DIV/0! | BC41: 712 | BE41: =G41 -> 10704909 | BF41: 0010 | BG41: =E41 -> 322438 | BH41: =F41 -> BC28-0355-A-Q-CL | BI41: =AQ41 -> 05.08.2026 | BJ41: =AR41 -> 18:00:00 | BK41: =AS41 -> 06.08.2026 | BL41: =AT41 -> 06:00:00 | BM41: =ROUNDDOWN(Q41+AU41,0) -> 0 | BN41: 0 | BO41: PCE | BQ41: H | BR41: =(AV41/AW41)+AY41 -> 1 | BS41: H | BT41: =(AV41/AW41)+AY41 -> 1 | BU41: H | BV41: =(AV41/AW41)+AY41 -> 1 | BW41: H | BY41: H | CA41: H | CH41: 712 | CJ41: =G41 -> 10704909 | CK41: 0020 | CL41: =E41 -> 322438 | CM41: =F41 -> BC28-0355-A-Q-CL | CN41: =AQ41 -> 05.08.2026 | CO41: =AR41 -> 18:00:00 | CP41: =AS41 -> 06.08.2026 | CQ41: =AT41 -> 06:00:00 | CR41: =ROUNDDOWN(AZ41,0) -> 0 | CS41: =ROUNDDOWN(BA41,0) -> 0 | CT41: PCE | CV41: H | CX41: H | CZ41: H | DB41: H | DD41: H | DF41: H | DN41: =B41 -> A6 | DO41: =F41 -> BC28-0355-A-Q-CL | DP41: =(3600/AC41)*I41*12*0.98 -> 7697.4545 | DQ41: =P41 -> 0 | DR41: =DQ41/DP41*100 -> 0 | DS41: =Y41 -> 0 | DT41: =Z41 -> #DIV/0! | DU41: =SUM(AG41:AI41) -> 1 | DV41: =SUM(AD41:AF41) -> 1.5 | DW41: =Y41+W41+AM41+AN41/U41*100 -> #DIV/0! | DY41: =AJ41 -> Under tech start 6.40am
A42: 5N | B42: A7 | C42: NA | D42: =VLOOKUP(E42,'Reference Card '!A:E,5,FALSE) -> PET | E42: 324212 | F42: =VLOOKUP(E42,'[1]Reference Card '!A:B,2,FALSE) -> BB38-0250-S-S-CL | G42: 10704834 | H42: - | I42: =VLOOKUP(E42,'[1]Reference Card '!A:C,3,FALSE) -> 4 | J42: =VLOOKUP(E42,'[1]Reference Card '!A:H,8,FALSE) -> 16 | K42: =VLOOKUP(E42,'[1]Reference Card '!A:F,6,FALSE) -> 16 | L42: 0 | M42: 25600 | N42: 0 | O42: 0 | P42: =L42*I42 -> 0 | Q42: 0 | R42: =(Q42*K42)/1000 -> 0 | S42: 0 | T42: =IF(M42="Sample","-",IF(M42="RTFN","-",M42-S42)) -> 25600 | U42: =(P42*K42)/1000 -> 0 | V42: =(J42-K42)*P42/1000 -> 0 | W42: 0 | X42: =W42/U42 -> #DIV/0! | Y42: 0 | Z42: =Y42/U42 -> #DIV/0! | AA42: 26.9 | AB42: =AA42/3600*L42 -> 0 | AC42: =VLOOKUP(E42,'[2]Reference Card '!A:I,9,FALSE) -> 18.32 | AH42: 12 | AJ42: Under tech blockage water leaking. | AO42: =(U42-R42-W42-Y42-AM42-AN42)-(O42*K42/1000) -> 0 | AP42: Night | AQ42: 05.08.2026 | AR42: 18:00:00 | AS42: 06.08.2026 | AT42: 06:00:00 | AU42: =(Y42+W42+AM42+AN42)*1000/K42 -> 0 | AV42: =Q42+AU42 -> 0 | AW42: =3600/AA42*I42 -> 535.31599 | AX42: =(AV42/AW42)+AY42 -> 12 | AY42: =AG42+AH42+AI42 -> 12 | AZ42: =Q42 -> 0 | BA42: =AU42 -> 0 | BB42: =BA42/AZ42 -> #DIV/0! | BC42: 712 | BE42: =G42 -> 10704834 | BF42: 0010 | BG42: =E42 -> 324212 | BH42: =F42 -> BB38-0250-S-S-CL | BI42: =AQ42 -> 05.08.2026 | BJ42: =AR42 -> 18:00:00 | BK42: =AS42 -> 06.08.2026 | BL42: =AT42 -> 06:00:00 | BM42: =ROUNDDOWN(Q42+AU42,0) -> 0 | BN42: 0 | BO42: PCE | BQ42: H | BR42: =(AV42/AW42)+AY42 -> 12 | BS42: H | BT42: =(AV42/AW42)+AY42 -> 12 | BU42: H | BV42: =(AV42/AW42)+AY42 -> 12 | BW42: H | BY42: H | CA42: H | CH42: 712 | CJ42: =G42 -> 10704834 | CK42: 0020 | CL42: =E42 -> 324212 | CM42: =F42 -> BB38-0250-S-S-CL | CN42: =AQ42 -> 05.08.2026 | CO42: =AR42 -> 18:00:00 | CP42: =AS42 -> 06.08.2026 | CQ42: =AT42 -> 06:00:00 | CR42: =ROUNDDOWN(AZ42,0) -> 0 | CS42: =ROUNDDOWN(BA42,0) -> 0 | CT42: PCE | CV42: H | CX42: H | CZ42: H | DB42: H | DD42: H | DF42: H | DN42: =B42 -> A7 | DO42: =F42 -> BB38-0250-S-S-CL | DP42: =(3600/AC42)*I42*12*0.98 -> 9243.6681 | DQ42: =P42 -> 0 | DR42: =DQ42/DP42*100 -> 0 | DS42: =Y42 -> 0 | DT42: =Z42 -> #DIV/0! | DU42: =SUM(AG42:AI42) -> 12 | DV42: =SUM(AD42:AF42) -> 0 | DW42: =Y42+W42+AM42+AN42/U42*100 -> #DIV/0! | DY42: =AJ42 -> Under tech blockage water leaking.
A43: 5N | B43: A9 | C43: JEGA | D43: =VLOOKUP(E43,'Reference Card '!A:E,5,FALSE) -> PET | E43: 347623 | F43: =VLOOKUP(E43,'[1]Reference Card '!A:B,2,FALSE) -> BC28-0375-K-R-CL | G43: 10704679 | H43: - | I43: =VLOOKUP(E43,'[1]Reference Card '!A:C,3,FALSE) -> 4 | J43: =VLOOKUP(E43,'[1]Reference Card '!A:H,8,FALSE) -> 35.6 | K43: =VLOOKUP(E43,'[1]Reference Card '!A:F,6,FALSE) -> 35.6 | L43: 1840 | M43: 38640 | N43: 736 | O43: 0 | P43: =L43*I43 -> 7360 | Q43: 7360 | R43: =(Q43*K43)/1000 -> 262.016 | S43: 18400 | T43: =IF(M43="Sample","-",IF(M43="RTFN","-",M43-S43)) -> 20240 | U43: =(P43*K43)/1000 -> 262.016 | V43: =(J43-K43)*P43/1000 -> 0 | W43: 0 | X43: =W43/U43 -> 0 | Y43: 1 | Z43: =Y43/U43 -> 0.0038165608 | AA43: 25 | AB43: =AA43/3600*L43 -> 12.777778 | AC43: =VLOOKUP(E43,'[2]Reference Card '!A:I,9,FALSE) -> 27 | AJ43: Run well.L.test. | AO43: =(U43-R43-W43-Y43-AM43-AN43)-(O43*K43/1000) -> -1 | AP43: Night | AQ43: 05.08.2026 | AR43: 18:00:00 | AS43: 06.08.2026 | AT43: 06:00:00 | AU43: =(Y43+W43+AM43+AN43)*1000/K43 -> 28.089888 | AV43: =Q43+AU43 -> 7388.0899 | AW43: =3600/AA43*I43 -> 576 | AX43: =(AV43/AW43)+AY43 -> 12.826545 | AY43: =AG43+AH43+AI43 -> 0 | AZ43: =Q43 -> 7360 | BA43: =AU43 -> 28.089888 | BB43: =BA43/AZ43 -> 0.0038165608 | BC43: 712 | BE43: =G43 -> 10704679 | BF43: 0010 | BG43: =E43 -> 347623 | BH43: =F43 -> BC28-0375-K-R-CL | BI43: =AQ43 -> 05.08.2026 | BJ43: =AR43 -> 18:00:00 | BK43: =AS43 -> 06.08.2026 | BL43: =AT43 -> 06:00:00 | BM43: =ROUNDDOWN(Q43+AU43,0) -> 7388 | BN43: 0 | BO43: PCE | BQ43: H | BR43: =(AV43/AW43)+AY43 -> 12.826545 | BS43: H | BT43: =(AV43/AW43)+AY43 -> 12.826545 | BU43: H | BV43: =(AV43/AW43)+AY43 -> 12.826545 | BW43: H | BY43: H | CA43: H | CH43: 712 | CJ43: =G43 -> 10704679 | CK43: 0020 | CL43: =E43 -> 347623 | CM43: =F43 -> BC28-0375-K-R-CL | CN43: =AQ43 -> 05.08.2026 | CO43: =AR43 -> 18:00:00 | CP43: =AS43 -> 06.08.2026 | CQ43: =AT43 -> 06:00:00 | CR43: =ROUNDDOWN(AZ43,0) -> 7360 | CS43: =ROUNDDOWN(BA43,0) -> 28 | CT43: PCE | CV43: H | CX43: H | CZ43: H | DB43: H | DD43: H | DF43: H | DN43: =B43 -> A9 | DO43: =F43 -> BC28-0375-K-R-CL | DP43: =(3600/AC43)*I43*12*0.98 -> 6272 | DQ43: =P43 -> 7360 | DR43: =DQ43/DP43*100 -> 117.34694 | DS43: =Y43 -> 1 | DT43: =Z43 -> 0.0038165608 | DU43: =SUM(AG43:AI43) -> 0 | DV43: =SUM(AD43:AF43) -> 0 | DW43: =Y43+W43+AM43+AN43/U43*100 -> 1 | DY43: =AJ43 -> Run well.L.test.
A44: 5N | B44: A10 | C44: AISHAH | D44: =VLOOKUP(E44,'Reference Card '!A:E,5,FALSE) -> PET | E44: 532981 | F44: =VLOOKUP(E44,'[1]Reference Card '!A:B,2,FALSE) -> JG63-0175-R-R-AM | G44: 10703864 | H44: - | I44: =VLOOKUP(E44,'[1]Reference Card '!A:C,3,FALSE) -> 4 | J44: =VLOOKUP(E44,'[1]Reference Card '!A:H,8,FALSE) -> 24.45 | K44: =VLOOKUP(E44,'[1]Reference Card '!A:F,6,FALSE) -> 24 | L44: 1185 | M44: 87552 | N44: 1824 | O44: 0 | P44: =L44*I44 -> 4740 | Q44: 5472 | R44: =(Q44*K44)/1000 -> 131.328 | S44: 65664 | T44: =IF(M44="Sample","-",IF(M44="RTFN","-",M44-S44)) -> 21888 | U44: =(P44*K44)/1000 -> 113.76 | V44: 0 | W44: 0 | X44: =W44/U44 -> 0 | Y44: 0 | Z44: =Y44/U44 -> 0 | AA44: 22 | AB44: =AA44/3600*L44 -> 7.2416667 | AC44: =VLOOKUP(E44,'[2]Reference Card '!A:I,9,FALSE) -> 20 | AJ44: Stop 12am.Change material. | AO44: =(U44-R44-W44-Y44-AM44-AN44)-(O44*K44/1000) -> -17.568 | AP44: Night | AQ44: 05.08.2026 | AR44: 18:00:00 | AS44: 06.08.2026 | AT44: 06:00:00 | AU44: =(Y44+W44+AM44+AN44)*1000/K44 -> 0 | AV44: =Q44+AU44 -> 5472 | AW44: =3600/AA44*I44 -> 654.54545 | AX44: =(AV44/AW44)+AY44 -> 8.36 | AY44: =AG44+AH44+AI44 -> 0 | AZ44: =Q44 -> 5472 | BA44: =AU44 -> 0 | BB44: =BA44/AZ44 -> 0 | BC44: 712 | BE44: =G44 -> 10703864 | BF44: 0010 | BG44: =E44 -> 532981 | BH44: =F44 -> JG63-0175-R-R-AM | BI44: =AQ44 -> 05.08.2026 | BJ44: =AR44 -> 18:00:00 | BK44: =AS44 -> 06.08.2026 | BL44: =AT44 -> 06:00:00 | BM44: =ROUNDDOWN(Q44+AU44,0) -> 5472 | BN44: 0 | BO44: PCE | BQ44: H | BR44: =(AV44/AW44)+AY44 -> 8.36 | BS44: H | BT44: =(AV44/AW44)+AY44 -> 8.36 | BU44: H | BV44: =(AV44/AW44)+AY44 -> 8.36 | BW44: H | BY44: H | CA44: H | CH44: 712 | CJ44: =G44 -> 10703864 | CK44: 0020 | CL44: =E44 -> 532981 | CM44: =F44 -> JG63-0175-R-R-AM | CN44: =AQ44 -> 05.08.2026 | CO44: =AR44 -> 18:00:00 | CP44: =AS44 -> 06.08.2026 | CQ44: =AT44 -> 06:00:00 | CR44: =ROUNDDOWN(AZ44,0) -> 5472 | CS44: =ROUNDDOWN(BA44,0) -> 0 | CT44: PCE | CV44: H | CX44: H | CZ44: H | DB44: H | DD44: H | DF44: H | DN44: =B44 -> A10 | DO44: =F44 -> JG63-0175-R-R-AM | DP44: =(3600/AC44)*I44*12*0.98 -> 8467.2 | DQ44: =P44 -> 4740 | DR44: =DQ44/DP44*100 -> 55.980726 | DS44: =Y44 -> 0 | DT44: =Z44 -> 0 | DU44: =SUM(AG44:AI44) -> 0 | DV44: =SUM(AD44:AF44) -> 0 | DW44: =Y44+W44+AM44+AN44/U44*100 -> 0 | DY44: =AJ44 -> Stop 12am.Change material.
A45: 5N | B45: A10 | C45: AISHAH | D45: =VLOOKUP(E45,'Reference Card '!A:E,5,FALSE) -> PET | E45: 322409 | F45: =VLOOKUP(E45,'[1]Reference Card '!A:B,2,FALSE) -> JJ63-0190-E-Q-CL-LW | G45: 10690124 | H45: - | I45: =VLOOKUP(E45,'[1]Reference Card '!A:C,3,FALSE) -> 4 | J45: =VLOOKUP(E45,'[1]Reference Card '!A:H,8,FALSE) -> 24 | K45: =VLOOKUP(E45,'[1]Reference Card '!A:F,6,FALSE) -> 24 | L45: 0 | M45: 93600 | N45: 0 | O45: 0 | P45: =L45*I45 -> 0 | Q45: 0 | R45: =(Q45*K45)/1000 -> 0 | S45: 0 | T45: =IF(M45="Sample","-",IF(M45="RTFN","-",M45-S45)) -> 93600 | U45: =(P45*K45)/1000 -> 0 | V45: 0 | W45: 6 | X45: =W45/U45 -> #DIV/0! | Y45: 0 | Z45: =Y45/U45 -> #DIV/0! | AA45: 22.24 | AB45: =AA45/3600*L45 -> 0 | AC45: =VLOOKUP(E45,'[2]Reference Card '!A:I,9,FALSE) -> 20 | AF45: 1.5 | AH45: 4.5 | AJ45: Under tech quality issue thickness out. | AO45: =(U45-R45-W45-Y45-AM45-AN45)-(O45*K45/1000) -> -6 | AP45: Night | AQ45: 05.08.2026 | AR45: 18:00:00 | AS45: 06.08.2026 | AT45: 06:00:00 | AU45: =(Y45+W45+AM45+AN45)*1000/K45 -> 250 | AV45: =Q45+AU45 -> 250 | AW45: =3600/AA45*I45 -> 647.48201 | AX45: =(AV45/AW45)+AY45 -> 4.8861111 | AY45: =AG45+AH45+AI45 -> 4.5 | AZ45: =Q45 -> 0 | BA45: =AU45 -> 250 | BB45: =BA45/AZ45 -> #DIV/0! | BC45: 712 | BE45: =G45 -> 10690124 | BF45: 0010 | BG45: =E45 -> 322409 | BH45: =F45 -> JJ63-0190-E-Q-CL-LW | BI45: =AQ45 -> 05.08.2026 | BJ45: =AR45 -> 18:00:00 | BK45: =AS45 -> 06.08.2026 | BL45: =AT45 -> 06:00:00 | BM45: =ROUNDDOWN(Q45+AU45,0) -> 250 | BN45: 0 | BO45: PCE | BQ45: H | BR45: =(AV45/AW45)+AY45 -> 4.8861111 | BS45: H | BT45: =(AV45/AW45)+AY45 -> 4.8861111 | BU45: H | BV45: =(AV45/AW45)+AY45 -> 4.8861111 | BW45: H | BY45: H | CA45: H | CH45: 712 | CJ45: =G45 -> 10690124 | CK45: 0020 | CL45: =E45 -> 322409 | CM45: =F45 -> JJ63-0190-E-Q-CL-LW | CN45: =AQ45 -> 05.08.2026 | CO45: =AR45 -> 18:00:00 | CP45: =AS45 -> 06.08.2026 | CQ45: =AT45 -> 06:00:00 | CR45: =ROUNDDOWN(AZ45,0) -> 0 | CS45: =ROUNDDOWN(BA45,0) -> 250 | CT45: PCE | CV45: H | CX45: H | CZ45: H | DB45: H | DD45: H | DF45: H | DN45: =B45 -> A10 | DO45: =F45 -> JJ63-0190-E-Q-CL-LW | DP45: =(3600/AC45)*I45*12*0.98 -> 8467.2 | DQ45: =P45 -> 0 | DR45: =DQ45/DP45*100 -> 0 | DS45: =Y45 -> 0 | DT45: =Z45 -> #DIV/0! | DU45: =SUM(AG45:AI45) -> 4.5 | DV45: =SUM(AD45:AF45) -> 1.5 | DW45: =Y45+W45+AM45+AN45/U45*100 -> #DIV/0! | DY45: =AJ45 -> Under tech quality issue thickness out.
A46: 5N | B46: A12 | C46: HABIRAMI | D46: =VLOOKUP(E46,'Reference Card '!A:E,5,FALSE) -> PET | E46: 543590 | F46: =VLOOKUP(E46,'[1]Reference Card '!A:B,2,FALSE) -> BC28-0130-R-R-AM | G46: 10702380 | H46: - | I46: =VLOOKUP(E46,'[1]Reference Card '!A:C,3,FALSE) -> 4 | J46: =VLOOKUP(E46,'[1]Reference Card '!A:H,8,FALSE) -> 19 | K46: =VLOOKUP(E46,'[1]Reference Card '!A:F,6,FALSE) -> 19 | L46: 2080 | M46: 120120 | N46: 3388 | O46: 4312 | P46: =L46*I46 -> 8320 | Q46: 7392 | R46: =(Q46*K46)/1000 -> 140.448 | S46: 107800 | T46: =IF(M46="Sample","-",IF(M46="RTFN","-",M46-S46)) -> 12320 | U46: =(P46*K46)/1000 -> 158.08 | V46: =(J46-K46)*P46/1000 -> 0 | W46: 0 | X46: =W46/U46 -> 0 | Y46: 2 | Z46: =Y46/U46 -> 0.012651822 | AA46: 20.2 | AB46: =AA46/3600*L46 -> 11.671111 | AC46: =VLOOKUP(E46,'[2]Reference Card '!A:I,9,FALSE) -> 18.72 | AJ46: Run well.L.test. | AO46: =(U46-R46-W46-Y46-AM46-AN46)-(O46*K46/1000) -> -66.296 | AP46: Night | AQ46: 05.08.2026 | AR46: 18:00:00 | AS46: 06.08.2026 | AT46: 06:00:00 | AU46: =(Y46+W46+AM46+AN46)*1000/K46 -> 105.26316 | AV46: =Q46+AU46 -> 7497.2632 | AW46: =3600/AA46*I46 -> 712.87129 | AX46: =(AV46/AW46)+AY46 -> 10.516994 | AY46: =AG46+AH46+AI46 -> 0 | AZ46: =Q46 -> 7392 | BA46: =AU46 -> 105.26316 | BB46: =BA46/AZ46 -> 0.014240146 | BC46: 712 | BE46: =G46 -> 10702380 | BF46: 0010 | BG46: =E46 -> 543590 | BH46: =F46 -> BC28-0130-R-R-AM | BI46: =AQ46 -> 05.08.2026 | BJ46: =AR46 -> 18:00:00 | BK46: =AS46 -> 06.08.2026 | BL46: =AT46 -> 06:00:00 | BM46: =ROUNDDOWN(Q46+AU46,0) -> 7497 | BN46: 0 | BO46: PCE | BQ46: H | BR46: =(AV46/AW46)+AY46 -> 10.516994 | BS46: H | BT46: =(AV46/AW46)+AY46 -> 10.516994 | BU46: H | BV46: =(AV46/AW46)+AY46 -> 10.516994 | BW46: H | BY46: H | CA46: H | CH46: 712 | CJ46: =G46 -> 10702380 | CK46: 0020 | CL46: =E46 -> 543590 | CM46: =F46 -> BC28-0130-R-R-AM | CN46: =AQ46 -> 05.08.2026 | CO46: =AR46 -> 18:00:00 | CP46: =AS46 -> 06.08.2026 | CQ46: =AT46 -> 06:00:00 | CR46: =ROUNDDOWN(AZ46,0) -> 7392 | CS46: =ROUNDDOWN(BA46,0) -> 105 | CT46: PCE | CV46: H | CX46: H | CZ46: H | DB46: H | DD46: H | DF46: H | DN46: =B46 -> A12 | DO46: =F46 -> BC28-0130-R-R-AM | DP46: =(3600/AC46)*I46*12*0.98 -> 9046.1538 | DQ46: =P46 -> 8320 | DR46: =DQ46/DP46*100 -> 91.972789 | DS46: =Y46 -> 2 | DT46: =Z46 -> 0.012651822 | DU46: =SUM(AG46:AI46) -> 0 | DV46: =SUM(AD46:AF46) -> 0 | DW46: =Y46+W46+AM46+AN46/U46*100 -> 2 | DY46: =AJ46 -> Run well.L.test.
A47: 5N | B47: A13 | C47: KAVITHA/MOGANA | D47: =VLOOKUP(E47,'Reference Card '!A:E,5,FALSE) -> rPET | E47: 593537 | F47: =VLOOKUP(E47,'[1]Reference Card '!A:B,2,FALSE) -> BX38-1000-RN-R-CL-rPET 0.2 | G47: 10704764 | H47: - | I47: =VLOOKUP(E47,'[1]Reference Card '!A:C,3,FALSE) -> 4 | J47: =VLOOKUP(E47,'[1]Reference Card '!A:H,8,FALSE) -> 56.5 | K47: =VLOOKUP(E47,'[1]Reference Card '!A:F,6,FALSE) -> 56.8 | L47: 1466 | M47: 69000 | N47: 115 | O47: 230 | P47: =L47*I47 -> 5864 | Q47: 5750 | R47: =(Q47*K47)/1000 -> 326.6 | S47: 15180 | T47: =IF(M47="Sample","-",IF(M47="RTFN","-",M47-S47)) -> 53820 | U47: =(P47*K47)/1000 -> 333.0752 | V47: 0 | W47: 0 | X47: =W47/U47 -> 0 | Y47: 1.8 | Z47: =Y47/U47 -> 0.005404185 | AA47: 29 | AB47: =AA47/3600*L47 -> 11.809444 | AC47: =VLOOKUP(E47,'[2]Reference Card '!A:I,9,FALSE) -> 28.5 | AJ47: Run well.L.test. | AO47: =(U47-R47-W47-Y47-AM47-AN47)-(O47*K47/1000) -> -8.3888 | AP47: Night | AQ47: 05.08.2026 | AR47: 18:00:00 | AS47: 06.08.2026 | AT47: 06:00:00 | AU47: =(Y47+W47+AM47+AN47)*1000/K47 -> 31.690141 | AV47: =Q47+AU47 -> 5781.6901 | AW47: =3600/AA47*I47 -> 496.55172 | AX47: =(AV47/AW47)+AY47 -> 11.643682 | AY47: =AG47+AH47+AI47 -> 0 | AZ47: =Q47 -> 5750 | BA47: =AU47 -> 31.690141 | BB47: =BA47/AZ47 -> 0.0055113288 | BC47: 712 | BE47: =G47 -> 10704764 | BF47: 0010 | BG47: =E47 -> 593537 | BH47: =F47 -> BX38-1000-RN-R-CL-rPET 0.2 | BI47: =AQ47 -> 05.08.2026 | BJ47: =AR47 -> 18:00:00 | BK47: =AS47 -> 06.08.2026 | BL47: =AT47 -> 06:00:00 | BM47: =ROUNDDOWN(Q47+AU47,0) -> 5781 | BN47: 0 | BO47: PCE | BQ47: H | BR47: =(AV47/AW47)+AY47 -> 11.643682 | BS47: H | BT47: =(AV47/AW47)+AY47 -> 11.643682 | BU47: H | BV47: =(AV47/AW47)+AY47 -> 11.643682 | BW47: H | BY47: H | CA47: H | CH47: 712 | CJ47: =G47 -> 10704764 | CK47: 0020 | CL47: =E47 -> 593537 | CM47: =F47 -> BX38-1000-RN-R-CL-rPET 0.2 | CN47: =AQ47 -> 05.08.2026 | CO47: =AR47 -> 18:00:00 | CP47: =AS47 -> 06.08.2026 | CQ47: =AT47 -> 06:00:00 | CR47: =ROUNDDOWN(AZ47,0) -> 5750 | CS47: =ROUNDDOWN(BA47,0) -> 31 | CT47: PCE | CV47: H | CX47: H | CZ47: H | DB47: H | DD47: H | DF47: H | DN47: =B47 -> A13 | DO47: =F47 -> BX38-1000-RN-R-CL-rPET 0.2 | DP47: =(3600/AC47)*I47*12*0.98 -> 5941.8947 | DQ47: =P47 -> 5864 | DR47: =DQ47/DP47*100 -> 98.689059 | DS47: =Y47 -> 1.8 | DT47: =Z47 -> 0.005404185 | DU47: =SUM(AG47:AI47) -> 0 | DV47: =SUM(AD47:AF47) -> 0 | DW47: =Y47+W47+AM47+AN47/U47*100 -> 1.8 | DY47: =AJ47 -> Run well.L.test.
A48: 5N | B48: A14 | C48: MOGANA | D48: =VLOOKUP(E48,'Reference Card '!A:E,5,FALSE) -> KingFa NC050 | E48: 666344 | F48: BC28-0056-D-APH-5040-0756-PP | G48: 10703060 | H48: - | I48: =VLOOKUP(E48,'[1]Reference Card '!A:C,3,FALSE) -> 6 | J48: 12.3 | K48: 12.3 | L48: 1555 | M48: 162000 | N48: 5670 | O48: 6885 | P48: =L48*I48 -> 9330 | Q48: 8100 | R48: =(Q48*K48)/1000 -> 99.63 | S48: 128385 | T48: =IF(M48="Sample","-",IF(M48="RTFN","-",M48-S48)) -> 33615 | U48: =(P48*K48)/1000 -> 114.759 | V48: =(J48-K48)*P48/1000 -> 0 | W48: 0 | X48: =W48/U48 -> 0 | Y48: 1.8 | Z48: =Y48/U48 -> 0.015685044 | AA48: 27.8 | AB48: =AA48/3600*L48 -> 12.008056 | AC48: =VLOOKUP(E48,'[2]Reference Card '!A:I,9,FALSE) -> 26 | AJ48: Run well.L.test. | AO48: =(U48-R48-W48-Y48-AM48-AN48)-(O48*K48/1000) -> -71.3565 | AP48: Night | AQ48: 05.08.2026 | AR48: 18:00:00 | AS48: 06.08.2026 | AT48: 06:00:00 | AU48: =(Y48+W48+AM48+AN48)*1000/K48 -> 146.34146 | AV48: =Q48+AU48 -> 8246.3415 | AW48: =3600/AA48*I48 -> 776.97842 | AX48: =(AV48/AW48)+AY48 -> 10.613347 | AY48: =AG48+AH48+AI48 -> 0 | AZ48: =Q48 -> 8100 | BA48: =AU48 -> 146.34146 | BB48: =BA48/AZ48 -> 0.018066847 | BC48: 712 | BE48: =G48 -> 10703060 | BF48: 0010 | BG48: =E48 -> 666344 | BH48: =F48 -> BC28-0056-D-APH-5040-0756-PP | BI48: =AQ48 -> 05.08.2026 | BJ48: =AR48 -> 18:00:00 | BK48: =AS48 -> 06.08.2026 | BL48: =AT48 -> 06:00:00 | BM48: =ROUNDDOWN(Q48+AU48,0) -> 8246 | BN48: 0 | BO48: PCE | BQ48: H | BR48: =(AV48/AW48)+AY48 -> 10.613347 | BS48: H | BT48: =(AV48/AW48)+AY48 -> 10.613347 | BU48: H | BV48: =(AV48/AW48)+AY48 -> 10.613347 | BW48: H | BY48: H | CA48: H | CH48: 712 | CJ48: =G48 -> 10703060 | CK48: 0020 | CL48: =E48 -> 666344 | CM48: =F48 -> BC28-0056-D-APH-5040-0756-PP | CN48: =AQ48 -> 05.08.2026 | CO48: =AR48 -> 18:00:00 | CP48: =AS48 -> 06.08.2026 | CQ48: =AT48 -> 06:00:00 | CR48: =ROUNDDOWN(AZ48,0) -> 8100 | CS48: =ROUNDDOWN(BA48,0) -> 146 | CT48: PCE | CV48: H | CX48: H | CZ48: H | DB48: H | DD48: H | DF48: H | DN48: =B48 -> A14 | DO48: =F48 -> BC28-0056-D-APH-5040-0756-PP | DP48: =(3600/AC48)*I48*12*0.98 -> 9769.8462 | DQ48: =P48 -> 9330 | DR48: =DQ48/DP48*100 -> 95.497921 | DS48: =Y48 -> 1.8 | DT48: =Z48 -> 0.015685044 | DU48: =SUM(AG48:AI48) -> 0 | DV48: =SUM(AD48:AF48) -> 0 | DW48: =Y48+W48+AM48+AN48/U48*100 -> 1.8 | DY48: =AJ48 -> Run well.L.test.
A49: 5N | B49: A15 | C49: BHOLA | D49: =VLOOKUP(E49,'Reference Card '!A:E,5,FALSE) -> PET | E49: 323092 | F49: =VLOOKUP(E49,'[1]Reference Card '!A:B,2,FALSE) -> BX38-1000-GH-R-CL(GREEN) (ASEM) | G49: 10703678 | H49: - | I49: =VLOOKUP(E49,'[1]Reference Card '!A:C,3,FALSE) -> 4 | J49: =VLOOKUP(E49,'[1]Reference Card '!A:H,8,FALSE) -> 48.9 | K49: =VLOOKUP(E49,'[1]Reference Card '!A:F,6,FALSE) -> 48.9 | L49: 1080 | M49: 40950 | N49: 420 | O49: 0 | P49: =L49*I49 -> 4320 | Q49: 4725 | R49: =(Q49*K49)/1000 -> 231.0525 | S49: 40950 | T49: =IF(M49="Sample","-",IF(M49="RTFN","-",M49-S49)) -> 0 | U49: =(P49*K49)/1000 -> 211.248 | V49: =(J49-K49)*P49/1000 -> 0 | W49: 0 | X49: =W49/U49 -> 0 | Y49: 3 | Z49: =Y49/U49 -> 0.014201318 | AA49: 28 | AB49: =AA49/3600*L49 -> 8.4 | AC49: =VLOOKUP(E49,'[2]Reference Card '!A:I,9,FALSE) -> 27.6 | AJ49: C/order.Stop 3.20am. | AO49: =(U49-R49-W49-Y49-AM49-AN49)-(O49*K49/1000) -> -22.8045 | AP49: Night | AQ49: 05.08.2026 | AR49: 18:00:00 | AS49: 06.08.2026 | AT49: 06:00:00 | AU49: =(Y49+W49+AM49+AN49)*1000/K49 -> 61.349693 | AV49: =Q49+AU49 -> 4786.3497 | AW49: =3600/AA49*I49 -> 514.28571 | AX49: =(AV49/AW49)+AY49 -> 9.3067911 | AY49: =AG49+AH49+AI49 -> 0 | AZ49: =Q49 -> 4725 | BA49: =AU49 -> 61.349693 | BB49: =BA49/AZ49 -> 0.012984062 | BC49: 712 | BE49: =G49 -> 10703678 | BF49: 0010 | BG49: =E49 -> 323092 | BH49: =F49 -> BX38-1000-GH-R-CL(GREEN) (ASEM) | BI49: =AQ49 -> 05.08.2026 | BJ49: =AR49 -> 18:00:00 | BK49: =AS49 -> 06.08.2026 | BL49: =AT49 -> 06:00:00 | BM49: =ROUNDDOWN(Q49+AU49,0) -> 4786 | BN49: 0 | BO49: PCE | BQ49: H | BR49: =(AV49/AW49)+AY49 -> 9.3067911 | BS49: H | BT49: =(AV49/AW49)+AY49 -> 9.3067911 | BU49: H | BV49: =(AV49/AW49)+AY49 -> 9.3067911 | BW49: H | BY49: H | CA49: H | CH49: 712 | CJ49: =G49 -> 10703678 | CK49: 0020 | CL49: =E49 -> 323092 | CM49: =F49 -> BX38-1000-GH-R-CL(GREEN) (ASEM) | CN49: =AQ49 -> 05.08.2026 | CO49: =AR49 -> 18:00:00 | CP49: =AS49 -> 06.08.2026 | CQ49: =AT49 -> 06:00:00 | CR49: =ROUNDDOWN(AZ49,0) -> 4725 | CS49: =ROUNDDOWN(BA49,0) -> 61 | CT49: PCE | CV49: H | CX49: H | CZ49: H | DB49: H | DD49: H | DF49: H | DN49: =B49 -> A15 | DO49: =F49 -> BX38-1000-GH-R-CL(GREEN) (ASEM) | DP49: =(3600/AC49)*I49*12*0.98 -> 6135.6522 | DQ49: =P49 -> 4320 | DR49: =DQ49/DP49*100 -> 70.408163 | DS49: =Y49 -> 3 | DT49: =Z49 -> 0.014201318 | DU49: =SUM(AG49:AI49) -> 0 | DV49: =SUM(AD49:AF49) -> 0 | DW49: =Y49+W49+AM49+AN49/U49*100 -> 3 | DY49: =AJ49 -> C/order.Stop 3.20am.
A50: 5N | B50: A15 | C50: BHOLA | D50: =VLOOKUP(E50,'Reference Card '!A:E,5,FALSE) -> PET | E50: 626029 | F50: =VLOOKUP(E50,'[1]Reference Card '!A:B,2,FALSE) -> BX38-0750-R-WH | G50: 10703679 | H50: - | I50: =VLOOKUP(E50,'[1]Reference Card '!A:C,3,FALSE) -> 4 | J50: =VLOOKUP(E50,'[1]Reference Card '!A:H,8,FALSE) -> 48.39 | K50: =VLOOKUP(E50,'[1]Reference Card '!A:F,6,FALSE) -> 48.39 | L50: 0 | M50: 49920 | N50: 0 | O50: 0 | P50: =L50*I50 -> 0 | Q50: 0 | R50: =(Q50*K50)/1000 -> 0 | S50: 0 | T50: =IF(M50="Sample","-",IF(M50="RTFN","-",M50-S50)) -> 49920 | U50: =(P50*K50)/1000 -> 0 | V50: =(J50-K50)*P50/1000 -> 0 | W50: 0 | X50: =W50/U50 -> #DIV/0! | Y50: 0 | Z50: =Y50/U50 -> #DIV/0! | AA50: 29.1 | AB50: =AA50/3600*L50 -> 0 | AC50: =VLOOKUP(E50,'[2]Reference Card '!A:I,9,FALSE) -> 28 | AF50: 1.5 | AI50: 0.8 | AJ50: Material loading 3.20am | AO50: =(U50-R50-W50-Y50-AM50-AN50)-(O50*K50/1000) -> 0 | AP50: Night | AQ50: 05.08.2026 | AR50: 18:00:00 | AS50: 06.08.2026 | AT50: 06:00:00 | AU50: =(Y50+W50+AM50+AN50)*1000/K50 -> 0 | AV50: =Q50+AU50 -> 0 | AW50: =3600/AA50*I50 -> 494.84536 | AX50: =(AV50/AW50)+AY50 -> 0.8 | AY50: =AG50+AH50+AI50 -> 0.8 | AZ50: =Q50 -> 0 | BA50: =AU50 -> 0 | BB50: =BA50/AZ50 -> #DIV/0! | BC50: 712 | BE50: =G50 -> 10703679 | BF50: 0010 | BG50: =E50 -> 626029 | BH50: =F50 -> BX38-0750-R-WH | BI50: =AQ50 -> 05.08.2026 | BJ50: =AR50 -> 18:00:00 | BK50: =AS50 -> 06.08.2026 | BL50: =AT50 -> 06:00:00 | BM50: =ROUNDDOWN(Q50+AU50,0) -> 0 | BN50: 0 | BO50: PCE | BQ50: H | BR50: =(AV50/AW50)+AY50 -> 0.8 | BS50: H | BT50: =(AV50/AW50)+AY50 -> 0.8 | BU50: H | BV50: =(AV50/AW50)+AY50 -> 0.8 | BW50: H | BY50: H | CA50: H | CH50: 712 | CJ50: =G50 -> 10703679 | CK50: 0020 | CL50: =E50 -> 626029 | CM50: =F50 -> BX38-0750-R-WH | CN50: =AQ50 -> 05.08.2026 | CO50: =AR50 -> 18:00:00 | CP50: =AS50 -> 06.08.2026 | CQ50: =AT50 -> 06:00:00 | CR50: =ROUNDDOWN(AZ50,0) -> 0 | CS50: =ROUNDDOWN(BA50,0) -> 0 | CT50: PCE | CV50: H | CX50: H | CZ50: H | DB50: H | DD50: H | DF50: H | DN50: =B50 -> A15 | DO50: =F50 -> BX38-0750-R-WH | DP50: =(3600/AC50)*I50*12*0.98 -> 6048 | DQ50: =P50 -> 0 | DR50: =DQ50/DP50*100 -> 0 | DS50: =Y50 -> 0 | DT50: =Z50 -> #DIV/0! | DU50: =SUM(AG50:AI50) -> 0.8 | DV50: =SUM(AD50:AF50) -> 1.5 | DW50: =Y50+W50+AM50+AN50/U50*100 -> #DIV/0! | DY50: =AJ50 -> Material loading 3.20am
A51: 5N | B51: A16 | C51: NIKHIL | D51: =VLOOKUP(E51,'Reference Card '!A:E,5,FALSE) -> KingFa NC050 | E51: 666342 | F51: =VLOOKUP(E51,'[1]Reference Card '!A:B,2,FALSE) -> BC28-0090-D-APH-5180-3538-PCR | G51: 10704854 | H51: - | I51: =VLOOKUP(E51,'[1]Reference Card '!A:C,3,FALSE) -> 6 | J51: =VLOOKUP(E51,'[1]Reference Card '!A:H,8,FALSE) -> 14.7 | K51: =VLOOKUP(E51,'[1]Reference Card '!A:F,6,FALSE) -> 14.7 | L51: 410 | M51: 108000 | N51: 0 | O51: 2430 | P51: =L51*I51 -> 2460 | Q51: 0 | R51: =(Q51*K51)/1000 -> 0 | S51: 2430 | T51: =IF(M51="Sample","-",IF(M51="RTFN","-",M51-S51)) -> 105570 | U51: =(P51*K51)/1000 -> 36.162 | V51: =(J51-K51)*P51/1000 -> 0 | W51: 14 | X51: =W51/U51 -> 0.38714673 | Y51: 0.4 | Z51: =Y51/U51 -> 0.011061335 | AA51: 29.8 | AB51: =AA51/3600*L51 -> 3.3938889 | AC51: =VLOOKUP(E51,'[2]Reference Card '!A:I,9,FALSE) -> 27 | AH51: 8.7 | AJ51: Under tech quality iisue thickness out.Start 2.40am.L.test. | AO51: =(U51-R51-W51-Y51-AM51-AN51)-(N83*K51/1000) -> 21.762 | AP51: Night | AQ51: 05.08.2026 | AR51: 18:00:00 | AS51: 06.08.2026 | AT51: 06:00:00 | AU51: =(Y51+W51+AM51+AN51)*1000/K51 -> 979.59184 | AV51: =Q51+AU51 -> 979.59184 | AW51: =3600/AA51*I51 -> 724.83221 | AX51: =(AV51/AW51)+AY51 -> 10.051474 | AY51: =AG51+AH51+AI51 -> 8.7 | AZ51: =Q51 -> 0 | BA51: =AU51 -> 979.59184 | BB51: =BA51/AZ51 -> #DIV/0! | BC51: 712 | BE51: =G51 -> 10704854 | BF51: 0010 | BG51: =E51 -> 666342 | BH51: =F51 -> BC28-0090-D-APH-5180-3538-PCR | BI51: =AQ51 -> 05.08.2026 | BJ51: =AR51 -> 18:00:00 | BK51: =AS51 -> 06.08.2026 | BL51: =AT51 -> 06:00:00 | BM51: =ROUNDDOWN(Q51+AU51,0) -> 979 | BN51: 0 | BO51: PCE | BQ51: H | BR51: =(AV51/AW51)+AY51 -> 10.051474 | BS51: H | BT51: =(AV51/AW51)+AY51 -> 10.051474 | BU51: H | BV51: =(AV51/AW51)+AY51 -> 10.051474 | BW51: H | BY51: H | CA51: H | CH51: 712 | CJ51: =G51 -> 10704854 | CK51: 0020 | CL51: =E51 -> 666342 | CM51: =F51 -> BC28-0090-D-APH-5180-3538-PCR | CN51: =AQ51 -> 05.08.2026 | CO51: =AR51 -> 18:00:00 | CP51: =AS51 -> 06.08.2026 | CQ51: =AT51 -> 06:00:00 | CR51: =ROUNDDOWN(AZ51,0) -> 0 | CS51: =ROUNDDOWN(BA51,0) -> 979 | CT51: PCE | CV51: H | CX51: H | CZ51: H | DB51: H | DD51: H | DF51: H | DN51: =B51 -> A16 | DO51: =F51 -> BC28-0090-D-APH-5180-3538-PCR | DP51: =(3600/AC51)*I51*12*0.98 -> 9408 | DQ51: =P51 -> 2460 | DR51: =DQ51/DP51*100 -> 26.147959 | DS51: =Y51 -> 0.4 | DT51: =Z51 -> 0.011061335 | DU51: =SUM(AG51:AI51) -> 8.7 | DV51: =SUM(AD51:AF51) -> 0 | DW51: =Y51+W51+AM51+AN51/U51*100 -> 14.4 | DY51: =AJ51 -> Under tech quality iisue thickness out.Start 2.40am.L.test.
A52: 5N | B52: A17 | C52: JALALUDIN | D52: =VLOOKUP(E52,'Reference Card '!A:E,5,FALSE) -> PET RECRON | E52: 620599 | F52: =VLOOKUP(E52,'[1]Reference Card '!A:B,2,FALSE) -> BC28-0750-K4-R-CL (55g) | G52: 10703143 | H52: - | I52: =VLOOKUP(E52,'[1]Reference Card '!A:C,3,FALSE) -> 4 | J52: =VLOOKUP(E52,'[1]Reference Card '!A:H,8,FALSE) -> 55 | K52: =VLOOKUP(E52,'[1]Reference Card '!A:F,6,FALSE) -> 55 | L52: 1420 | M52: 72000 | N52: 900 | O52: 1125 | P52: =L52*I52 -> 5680 | Q52: 5400 | R52: =(Q52*K52)/1000 -> 297 | S52: 56925 | T52: =IF(M52="Sample","-",IF(M52="RTFN","-",M52-S52)) -> 15075 | U52: =(P52*K52)/1000 -> 312.4 | V52: =(J52-K52)*P52/1000 -> 0 | W52: 0 | X52: =W52/U52 -> 0 | Y52: 6.4 | Z52: =Y52/U52 -> 0.020486556 | AA52: 29.2 | AB52: =AA52/3600*L52 -> 11.517778 | AC52: =VLOOKUP(E52,'[2]Reference Card '!A:I,9,FALSE) -> 28 | AJ52: Black dot.L.test. | AO52: =(U52-R52-W52-Y52-AM52-AN52)-(O52*K52/1000) -> -52.875 | AP52: Night | AQ52: 05.08.2026 | AR52: 18:00:00 | AS52: 06.08.2026 | AT52: 06:00:00 | AU52: =(Y52+W52+AM52+AN52)*1000/K52 -> 116.36364 | AV52: =Q52+AU52 -> 5516.3636 | AW52: =3600/AA52*I52 -> 493.15068 | AX52: =(AV52/AW52)+AY52 -> 11.18596 | AY52: =AG52+AH52+AI52 -> 0 | AZ52: =Q52 -> 5400 | BA52: =AU52 -> 116.36364 | BB52: =BA52/AZ52 -> 0.021548822 | BC52: 712 | BE52: =G52 -> 10703143 | BF52: 0010 | BG52: =E52 -> 620599 | BH52: =F52 -> BC28-0750-K4-R-CL (55g) | BI52: =AQ52 -> 05.08.2026 | BJ52: =AR52 -> 18:00:00 | BK52: =AS52 -> 06.08.2026 | BL52: =AT52 -> 06:00:00 | BM52: =ROUNDDOWN(Q52+AU52,0) -> 5516 | BN52: 0 | BO52: PCE | BQ52: H | BR52: =(AV52/AW52)+AY52 -> 11.18596 | BS52: H | BT52: =(AV52/AW52)+AY52 -> 11.18596 | BU52: H | BV52: =(AV52/AW52)+AY52 -> 11.18596 | BW52: H | BY52: H | CA52: H | CH52: 712 | CJ52: =G52 -> 10703143 | CK52: 0020 | CL52: =E52 -> 620599 | CM52: =F52 -> BC28-0750-K4-R-CL (55g) | CN52: =AQ52 -> 05.08.2026 | CO52: =AR52 -> 18:00:00 | CP52: =AS52 -> 06.08.2026 | CQ52: =AT52 -> 06:00:00 | CR52: =ROUNDDOWN(AZ52,0) -> 5400 | CS52: =ROUNDDOWN(BA52,0) -> 116 | CT52: PCE | CV52: H | CX52: H | CZ52: H | DB52: H | DD52: H | DF52: H | DN52: =B52 -> A17 | DO52: =F52 -> BC28-0750-K4-R-CL (55g) | DP52: =(3600/AC52)*I52*12*0.98 -> 6048 | DQ52: =P52 -> 5680 | DR52: =DQ52/DP52*100 -> 93.915344 | DS52: =Y52 -> 6.4 | DT52: =Z52 -> 0.020486556 | DU52: =SUM(AG52:AI52) -> 0 | DV52: =SUM(AD52:AF52) -> 0 | DW52: =Y52+W52+AM52+AN52/U52*100 -> 6.4 | DY52: =AJ52 -> Black dot.L.test.
A53: 5N | B53: A18 | C53: NIKHIL | D53: =VLOOKUP(E53,'Reference Card '!A:E,5,FALSE) -> KingFa NC050 | E53: 666344 | F53: =VLOOKUP(E53,'[1]Reference Card '!A:B,2,FALSE) -> BC28-0056-D-APH-5040-0756-PCR | G53: 10703144 | H53: - | I53: =VLOOKUP(E53,'[1]Reference Card '!A:C,3,FALSE) -> 6 | J53: 12.3 | K53: 12.3 | L53: 1560 | M53: 162000 | N53: 1620 | O53: 2835 | P53: =L53*I53 -> 9360 | Q53: 8100 | R53: =(Q53*K53)/1000 -> 99.63 | S53: 108135 | T53: =IF(M53="Sample","-",IF(M53="RTFN","-",M53-S53)) -> 53865 | U53: =(P53*K53)/1000 -> 115.128 | V53: =(J53-K53)*P53/1000 -> 0 | W53: 0 | X53: =W53/U53 -> 0 | Y53: 1.5 | Z53: =Y53/U53 -> 0.013028976 | AA53: 27.4 | AB53: =AA53/3600*L53 -> 11.873333 | AC53: =VLOOKUP(E53,'[2]Reference Card '!A:I,9,FALSE) -> 26 | AJ53: Run well.L.test. | AO53: =(U53-R53-W53-Y53-AM53-AN53)-(O53*K53/1000) -> -20.8725 | AP53: Night | AQ53: 05.08.2026 | AR53: 18:00:00 | AS53: 06.08.2026 | AT53: 06:00:00 | AU53: =(Y53+W53+AM53+AN53)*1000/K53 -> 121.95122 | AV53: =Q53+AU53 -> 8221.9512 | AW53: =3600/AA53*I53 -> 788.32117 | AX53: =(AV53/AW53)+AY53 -> 10.429697 | AY53: =AG53+AH53+AI53 -> 0 | AZ53: =Q53 -> 8100 | BA53: =AU53 -> 121.95122 | BB53: =BA53/AZ53 -> 0.015055706 | BC53: 712 | BE53: =G53 -> 10703144 | BF53: 0010 | BG53: =E53 -> 666344 | BH53: =F53 -> BC28-0056-D-APH-5040-0756-PCR | BI53: =AQ53 -> 05.08.2026 | BJ53: =AR53 -> 18:00:00 | BK53: =AS53 -> 06.08.2026 | BL53: =AT53 -> 06:00:00 | BM53: =ROUNDDOWN(Q53+AU53,0) -> 8221 | BN53: 0 | BO53: PCE | BQ53: H | BR53: =(AV53/AW53)+AY53 -> 10.429697 | BS53: H | BT53: =(AV53/AW53)+AY53 -> 10.429697 | BU53: H | BV53: =(AV53/AW53)+AY53 -> 10.429697 | BW53: H | BY53: H | CA53: H | CH53: 712 | CJ53: =G53 -> 10703144 | CK53: 0020 | CL53: =E53 -> 666344 | CM53: =F53 -> BC28-0056-D-APH-5040-0756-PCR | CN53: =AQ53 -> 05.08.2026 | CO53: =AR53 -> 18:00:00 | CP53: =AS53 -> 06.08.2026 | CQ53: =AT53 -> 06:00:00 | CR53: =ROUNDDOWN(AZ53,0) -> 8100 | CS53: =ROUNDDOWN(BA53,0) -> 121 | CT53: PCE | CV53: H | CX53: H | CZ53: H | DB53: H | DD53: H | DF53: H | DN53: =B53 -> A18 | DO53: =F53 -> BC28-0056-D-APH-5040-0756-PCR | DP53: =(3600/AC53)*I53*12*0.98 -> 9769.8462 | DQ53: =P53 -> 9360 | DR53: =DQ53/DP53*100 -> 95.804989 | DS53: =Y53 -> 1.5 | DT53: =Z53 -> 0.013028976 | DU53: =SUM(AG53:AI53) -> 0 | DV53: =SUM(AD53:AF53) -> 0 | DW53: =Y53+W53+AM53+AN53/U53*100 -> 1.5 | DY53: =AJ53 -> Run well.L.test.
A54: 5N | B54: A19 | C54: KAVITHA | D54: =VLOOKUP(E54,'Reference Card '!A:E,5,FALSE) -> PET | E54: 541381 | F54: =VLOOKUP(E54,'[1]Reference Card '!A:B,2,FALSE) -> BC28-1200-K-R-CL | G54: 10700742 | H54: - | I54: =VLOOKUP(E54,'[1]Reference Card '!A:C,3,FALSE) -> 4 | J54: =VLOOKUP(E54,'[1]Reference Card '!A:H,8,FALSE) -> 55 | K54: =VLOOKUP(E54,'[1]Reference Card '!A:F,6,FALSE) -> 55 | L54: 1445 | M54: 84000 | N54: 175 | O54: 350 | P54: =L54*I54 -> 5780 | Q54: 5600 | R54: =(Q54*K54)/1000 -> 308 | S54: 53550 | T54: =IF(M54="Sample","-",IF(M54="RTFN","-",M54-S54)) -> 30450 | U54: =(P54*K54)/1000 -> 317.9 | V54: =(J54-K54)*P54/1000 -> 0 | W54: 0 | X54: =W54/U54 -> 0 | Y54: 4.5 | Z54: =Y54/U54 -> 0.014155395 | AA54: 29.9 | AB54: =AA54/3600*L54 -> 12.001528 | AC54: =VLOOKUP(E54,'[2]Reference Card '!A:I,9,FALSE) -> 30.08 | AJ54: Run well.L.test. | AO54: =(U54-R54-W54-Y54-AM54-AN54)-(O54*K54/1000) -> -13.85 | AP54: Night | AQ54: 05.08.2026 | AR54: 18:00:00 | AS54: 06.08.2026 | AT54: 06:00:00 | AU54: =(Y54+W54+AM54+AN54)*1000/K54 -> 81.818182 | AV54: =Q54+AU54 -> 5681.8182 | AW54: =3600/AA54*I54 -> 481.60535 | AX54: =(AV54/AW54)+AY54 -> 11.797664 | AY54: =AG54+AH54+AI54 -> 0 | AZ54: =Q54 -> 5600 | BA54: =AU54 -> 81.818182 | BB54: =BA54/AZ54 -> 0.01461039 | BC54: 712 | BE54: =G54 -> 10700742 | BF54: 0010 | BG54: =E54 -> 541381 | BH54: =F54 -> BC28-1200-K-R-CL | BI54: =AQ54 -> 05.08.2026 | BJ54: =AR54 -> 18:00:00 | BK54: =AS54 -> 06.08.2026 | BL54: =AT54 -> 06:00:00 | BM54: =ROUNDDOWN(Q54+AU54,0) -> 5681 | BN54: 0 | BO54: PCE | BQ54: H | BR54: =(AV54/AW54)+AY54 -> 11.797664 | BS54: H | BT54: =(AV54/AW54)+AY54 -> 11.797664 | BU54: H | BV54: =(AV54/AW54)+AY54 -> 11.797664 | BW54: H | BY54: H | CA54: H | CH54: 712 | CJ54: =G54 -> 10700742 | CK54: 0020 | CL54: =E54 -> 541381 | CM54: =F54 -> BC28-1200-K-R-CL | CN54: =AQ54 -> 05.08.2026 | CO54: =AR54 -> 18:00:00 | CP54: =AS54 -> 06.08.2026 | CQ54: =AT54 -> 06:00:00 | CR54: =ROUNDDOWN(AZ54,0) -> 5600 | CS54: =ROUNDDOWN(BA54,0) -> 81 | CT54: PCE | CV54: H | CX54: H | CZ54: H | DB54: H | DD54: H | DF54: H | DN54: =B54 -> A19 | DO54: =F54 -> BC28-1200-K-R-CL | DP54: =(3600/AC54)*I54*12*0.98 -> 5629.7872 | DQ54: =P54 -> 5780 | DR54: =DQ54/DP54*100 -> 102.66818 | DS54: =Y54 -> 4.5 | DT54: =Z54 -> 0.014155395 | DU54: =SUM(AG54:AI54) -> 0 | DV54: =SUM(AD54:AF54) -> 0 | DW54: =Y54+W54+AM54+AN54/U54*100 -> 4.5 | DY54: =AJ54 -> Run well.L.test.
A55: 5N | B55: A21 | C55: RAIS | D55: =VLOOKUP(E55,'Reference Card '!A:E,5,FALSE) -> KingFa NC050 | E55: 666342 | F55: =VLOOKUP(E55,'[1]Reference Card '!A:B,2,FALSE) -> BC28-0090-D-APH-5180-3538-PCR | G55: 10704701 | H55: - | I55: =VLOOKUP(E55,'[1]Reference Card '!A:C,3,FALSE) -> 6 | J55: =VLOOKUP(E55,'[1]Reference Card '!A:H,8,FALSE) -> 14.7 | K55: =VLOOKUP(E55,'[1]Reference Card '!A:F,6,FALSE) -> 14.7 | L55: 1350 | M55: 108000 | N55: 2970 | O55: 5130 | P55: =L55*I55 -> 8100 | Q55: 5400 | R55: =(Q55*K55)/1000 -> 79.38 | S55: 26730 | T55: =IF(M55="Sample","-",IF(M55="RTFN","-",M55-S55)) -> 81270 | U55: =(P55*K55)/1000 -> 119.07 | V55: =(J55-K55)*P55/1000 -> 0 | W55: 0 | X55: =W55/U55 -> 0 | Y55: 5 | Z55: =Y55/U55 -> 0.041992105 | AA55: 29 | AB55: =AA55/3600*L55 -> 10.875 | AC55: =VLOOKUP(E55,'[2]Reference Card '!A:I,9,FALSE) -> 27 | AH55: 1 | AJ55: Run well.L.test.Leak test pusher problem. | AO55: =(U55-R55-W55-Y55-AM55-AN55)-(O55*K55/1000) -> -40.721 | AP55: Night | AQ55: 05.08.2026 | AR55: 18:00:00 | AS55: 06.08.2026 | AT55: 06:00:00 | AU55: =(Y55+W55+AM55+AN55)*1000/K55 -> 340.13605 | AV55: =Q55+AU55 -> 5740.1361 | AW55: =3600/AA55*I55 -> 744.82759 | AX55: =(AV55/AW55)+AY55 -> 8.7066641 | AY55: =AG55+AH55+AI55 -> 1 | AZ55: =Q55 -> 5400 | BA55: =AU55 -> 340.13605 | BB55: =BA55/AZ55 -> 0.062988158 | BC55: 712 | BE55: =G55 -> 10704701 | BF55: 0010 | BG55: =E55 -> 666342 | BH55: =F55 -> BC28-0090-D-APH-5180-3538-PCR | BI55: =AQ55 -> 05.08.2026 | BJ55: =AR55 -> 18:00:00 | BK55: =AS55 -> 06.08.2026 | BL55: =AT55 -> 06:00:00 | BM55: =ROUNDDOWN(Q55+AU55,0) -> 5740 | BN55: 0 | BO55: PCE | BQ55: H | BR55: =(AV55/AW55)+AY55 -> 8.7066641 | BS55: H | BT55: =(AV55/AW55)+AY55 -> 8.7066641 | BU55: H | BV55: =(AV55/AW55)+AY55 -> 8.7066641 | BW55: H | BY55: H | CA55: H | CH55: 712 | CJ55: =G55 -> 10704701 | CK55: 0020 | CL55: =E55 -> 666342 | CM55: =F55 -> BC28-0090-D-APH-5180-3538-PCR | CN55: =AQ55 -> 05.08.2026 | CO55: =AR55 -> 18:00:00 | CP55: =AS55 -> 06.08.2026 | CQ55: =AT55 -> 06:00:00 | CR55: =ROUNDDOWN(AZ55,0) -> 5400 | CS55: =ROUNDDOWN(BA55,0) -> 340 | CT55: PCE | CV55: H | CX55: H | CZ55: H | DB55: H | DD55: H | DF55: H | DN55: =B55 -> A21 | DO55: =F55 -> BC28-0090-D-APH-5180-3538-PCR | DP55: =(3600/AC55)*I55*12*0.98 -> 9408 | DQ55: =P55 -> 8100 | DR55: =DQ55/DP55*100 -> 86.096939 | DS55: =Y55 -> 5 | DT55: =Z55 -> 0.041992105 | DU55: =SUM(AG55:AI55) -> 1 | DV55: =SUM(AD55:AF55) -> 0 | DW55: =Y55+W55+AM55+AN55/U55*100 -> 5 | DY55: =AJ55 -> Run well.L.test.Leak test pusher problem.
A56: 5N | B56: A23 | C56: NIPU/HAS | D56: =VLOOKUP(E56,'Reference Card '!A:E,5,FALSE) -> PPSB520Y | E56: 550077 | F56: =VLOOKUP(E56,'[1]Reference Card '!A:B,2,FALSE) -> BC28-0170-D-APH-5040-0736-PP-6NOTCHES(NO LOGO) | G56: 10704309 | H56: - | I56: =VLOOKUP(E56,'[1]Reference Card '!A:C,3,FALSE) -> 6 | J56: 28 | K56: 28 | L56: 980 | M56: 67200 | N56: 0 | O56: 2520 | P56: =L56*I56 -> 5880 | Q56: 3360 | R56: =(Q56*K56)/1000 -> 94.08 | S56: 22680 | T56: =IF(M56="Sample","-",IF(M56="RTFN","-",M56-S56)) -> 44520 | U56: =(P56*K56)/1000 -> 164.64 | V56: =(J56-K56)*P56/1000 -> 0 | W56: 0 | X56: =W56/U56 -> 0 | Y56: 3.5 | Z56: =Y56/U56 -> 0.021258503 | AA56: 44.44 | AB56: =AA56/3600*L56 -> 12.097556 | AC56: =VLOOKUP(E56,'[2]Reference Card '!A:I,9,FALSE) -> 42 | AJ56: Run well.L.test. | AO56: =(U56-R56-W56-Y56-AM56-AN56)-(O56*K56/1000) -> -3.5 | AP56: Night | AQ56: 05.08.2026 | AR56: 18:00:00 | AS56: 06.08.2026 | AT56: 06:00:00 | AU56: =(Y56+W56+AM56+AN56)*1000/K56 -> 125 | AV56: =Q56+AU56 -> 3485 | AW56: =3600/AA56*I56 -> 486.0486 | AX56: =(AV56/AW56)+AY56 -> 7.1700648 | AY56: =AG56+AH56+AI56 -> 0 | AZ56: =Q56 -> 3360 | BA56: =AU56 -> 125 | BB56: =BA56/AZ56 -> 0.037202381 | BC56: 712 | BE56: =G56 -> 10704309 | BF56: 0010 | BG56: =E56 -> 550077 | BH56: =F56 -> BC28-0170-D-APH-5040-0736-PP-6NOTCHES(NO LOGO) | BI56: =AQ56 -> 05.08.2026 | BJ56: =AR56 -> 18:00:00 | BK56: =AS56 -> 06.08.2026 | BL56: =AT56 -> 06:00:00 | BM56: =ROUNDDOWN(Q56+AU56,0) -> 3485 | BN56: 0 | BO56: PCE | BQ56: H | BR56: =(AV56/AW56)+AY56 -> 7.1700648 | BS56: H | BT56: =(AV56/AW56)+AY56 -> 7.1700648 | BU56: H | BV56: =(AV56/AW56)+AY56 -> 7.1700648 | BW56: H | BY56: H | CA56: H | CH56: 712 | CJ56: =G56 -> 10704309 | CK56: 0020 | CL56: =E56 -> 550077 | CM56: =F56 -> BC28-0170-D-APH-5040-0736-PP-6NOTCHES(NO LOGO) | CN56: =AQ56 -> 05.08.2026 | CO56: =AR56 -> 18:00:00 | CP56: =AS56 -> 06.08.2026 | CQ56: =AT56 -> 06:00:00 | CR56: =ROUNDDOWN(AZ56,0) -> 3360 | CS56: =ROUNDDOWN(BA56,0) -> 125 | CT56: PCE | CV56: H | CX56: H | CZ56: H | DB56: H | DD56: H | DF56: H | DN56: =B56 -> A23 | DO56: =F56 -> BC28-0170-D-APH-5040-0736-PP-6NOTCHES(NO LOGO) | DP56: =(3600/AC56)*I56*12*0.98 -> 6048 | DQ56: =P56 -> 5880 | DR56: =DQ56/DP56*100 -> 97.222222 | DS56: =Y56 -> 3.5 | DT56: =Z56 -> 0.021258503 | DU56: =SUM(AG56:AI56) -> 0 | DV56: =SUM(AD56:AF56) -> 0 | DW56: =Y56+W56+AM56+AN56/U56*100 -> 3.5 | DY56: =AJ56 -> Run well.L.test.
A57: 5N | B57: KM16 | C57: NIRAJAN | D57: =VLOOKUP(E57,'Reference Card '!A:E,5,FALSE) -> HDPE5403A+LDPE265YZ | E57: 453933 | F57: =VLOOKUP(E57,'[1]Reference Card '!A:B,2,FALSE) -> EBK38-0500-K-Q-YL-PE(S0576) | G57: 10704265 | H57: - | I57: =VLOOKUP(E57,'[1]Reference Card '!A:C,3,FALSE) -> 2 | J57: =VLOOKUP(E57,'[1]Reference Card '!A:H,8,FALSE) -> 59 | K57: =VLOOKUP(E57,'[1]Reference Card '!A:F,6,FALSE) -> 39.5 | L57: 1820 | M57: 40320 | N57: 360 | O57: 960 | P57: =L57*I57 -> 3640 | Q57: 2880 | R57: =(Q57*K57)/1000 -> 113.76 | S57: 11040 | T57: =IF(M57="Sample","-",IF(M57="RTFN","-",M57-S57)) -> 29280 | U57: =(P57*K57)/1000 -> 143.78 | V57: =(J57-K57)*P57/1000 -> 70.98 | W57: 0 | X57: =W57/U57 -> 0 | Y57: 7.4 | Z57: =Y57/U57 -> 0.05146752 | AA57: 23.2 | AB57: =AA57/3600*L57 -> 11.728889 | AC57: =VLOOKUP(E57,'[2]Reference Card '!A:I,9,FALSE) -> 21.2 | AJ57: Black dot.L.test. | AO57: =(U57-R57-W57-Y57-AM57-AN57)-(O57*K57/1000) -> -15.3 | AP57: Night | AQ57: 05.08.2026 | AR57: 18:00:00 | AS57: 06.08.2026 | AT57: 06:00:00 | AU57: =(Y57+W57+AM57+AN57)*1000/K57 -> 187.34177 | AV57: =Q57+AU57 -> 3067.3418 | AW57: =3600/AA57*I57 -> 310.34483 | AX57: =(AV57/AW57)+AY57 -> 9.8836568 | AY57: =AG57+AH57+AI57 -> 0 | AZ57: =Q57 -> 2880 | BA57: =AU57 -> 187.34177 | BB57: =BA57/AZ57 -> 0.065049226 | BC57: 712 | BE57: =G57 -> 10704265 | BF57: 0010 | BG57: =E57 -> 453933 | BH57: =F57 -> EBK38-0500-K-Q-YL-PE(S0576) | BI57: =AQ57 -> 05.08.2026 | BJ57: =AR57 -> 18:00:00 | BK57: =AS57 -> 06.08.2026 | BL57: =AT57 -> 06:00:00 | BM57: =ROUNDDOWN(Q57+AU57,0) -> 3067 | BN57: 0 | BO57: PCE | BQ57: H | BR57: =(AV57/AW57)+AY57 -> 9.8836568 | BS57: H | BT57: =(AV57/AW57)+AY57 -> 9.8836568 | BU57: H | BV57: =(AV57/AW57)+AY57 -> 9.8836568 | BW57: H | BY57: H | CA57: H | CH57: 712 | CJ57: =G57 -> 10704265 | CK57: 0020 | CL57: =E57 -> 453933 | CM57: =F57 -> EBK38-0500-K-Q-YL-PE(S0576) | CN57: =AQ57 -> 05.08.2026 | CO57: =AR57 -> 18:00:00 | CP57: =AS57 -> 06.08.2026 | CQ57: =AT57 -> 06:00:00 | CR57: =ROUNDDOWN(AZ57,0) -> 2880 | CS57: =ROUNDDOWN(BA57,0) -> 187 | CT57: PCE | CV57: H | CX57: H | CZ57: H | DB57: H | DD57: H | DF57: H | DN57: =B57 -> KM16 | DO57: =F57 -> EBK38-0500-K-Q-YL-PE(S0576) | DP57: =(3600/AC57)*I57*12*0.98 -> 3993.9623 | DQ57: =P57 -> 3640 | DR57: =DQ57/DP57*100 -> 91.137566 | DS57: =Y57 -> 7.4 | DT57: =Z57 -> 0.05146752 | DU57: =SUM(AG57:AI57) -> 0 | DV57: =SUM(AD57:AF57) -> 0 | DW57: =Y57+W57+AM57+AN57/U57*100 -> 7.4 | DY57: =AJ57 -> Black dot.L.test.
A58: 5N | B58: KM17 | C58: NIPU | D58: =VLOOKUP(E58,'Reference Card '!A:E,5,FALSE) -> MARLEX6007 | E58: 573943 | F58: =VLOOKUP(E58,'[1]Reference Card '!A:B,2,FALSE) -> EBK38-2000-K-S-WH-PE(S2012) | G58: 10702422 | H58: - | I58: =VLOOKUP(E58,'[1]Reference Card '!A:C,3,FALSE) -> 1 | J58: =VLOOKUP(E58,'[1]Reference Card '!A:H,8,FALSE) -> 180 | K58: =VLOOKUP(E58,'[1]Reference Card '!A:F,6,FALSE) -> 122 | L58: 1260 | M58: 20160 | N58: 65 | O58: 270 | P58: =L58*I58 -> 1260 | Q58: 1080 | R58: =(Q58*K58)/1000 -> 131.76 | S58: 16470 | T58: =IF(M58="Sample","-",IF(M58="RTFN","-",M58-S58)) -> 3690 | U58: =(P58*K58)/1000 -> 153.72 | V58: =(J58-K58)*P58/1000 -> 73.08 | W58: 0 | X58: =W58/U58 -> 0 | Y58: 5 | Z58: =Y58/U58 -> 0.032526672 | AA58: 33.8 | AB58: =AA58/3600*L58 -> 11.83 | AC58: 35 | AJ58: Black dot.L.test. | AO58: =(U58-R58-W58-Y58-AM58-AN58)-(O58*K58/1000) -> -15.98 | AP58: Night | AQ58: 05.08.2026 | AR58: 18:00:00 | AS58: 06.08.2026 | AT58: 06:00:00 | AU58: =(Y58+W58+AM58+AN58)*1000/K58 -> 40.983607 | AV58: =Q58+AU58 -> 1120.9836 | AW58: =3600/AA58*I58 -> 106.50888 | AX58: =(AV58/AW58)+AY58 -> 10.524791 | AY58: =AG58+AH58+AI58 -> 0 | AZ58: =Q58 -> 1080 | BA58: =AU58 -> 40.983607 | BB58: =BA58/AZ58 -> 0.037947784 | BC58: 712 | BE58: =G58 -> 10702422 | BF58: 0010 | BG58: =E58 -> 573943 | BH58: =F58 -> EBK38-2000-K-S-WH-PE(S2012) | BI58: =AQ58 -> 05.08.2026 | BJ58: =AR58 -> 18:00:00 | BK58: =AS58 -> 06.08.2026 | BL58: =AT58 -> 06:00:00 | BM58: =ROUNDDOWN(Q58+AU58,0) -> 1120 | BN58: 0 | BO58: PCE | BQ58: H | BR58: =(AV58/AW58)+AY58 -> 10.524791 | BS58: H | BT58: =(AV58/AW58)+AY58 -> 10.524791 | BU58: H | BV58: =(AV58/AW58)+AY58 -> 10.524791 | BW58: H | BY58: H | CA58: H | CH58: 712 | CJ58: =G58 -> 10702422 | CK58: 0020 | CL58: =E58 -> 573943 | CM58: =F58 -> EBK38-2000-K-S-WH-PE(S2012) | CN58: =AQ58 -> 05.08.2026 | CO58: =AR58 -> 18:00:00 | CP58: =AS58 -> 06.08.2026 | CQ58: =AT58 -> 06:00:00 | CR58: =ROUNDDOWN(AZ58,0) -> 1080 | CS58: =ROUNDDOWN(BA58,0) -> 40 | CT58: PCE | CV58: H | CX58: H | CZ58: H | DB58: H | DD58: H | DF58: H | DN58: =B58 -> KM17 | DO58: =F58 -> EBK38-2000-K-S-WH-PE(S2012) | DP58: =(3600/AC58)*I58*12*0.98 -> 1209.6 | DQ58: =P58 -> 1260 | DR58: =DQ58/DP58*100 -> 104.16667 | DS58: =Y58 -> 5 | DT58: =Z58 -> 0.032526672 | DU58: =SUM(AG58:AI58) -> 0 | DV58: =SUM(AD58:AF58) -> 0 | DW58: =Y58+W58+AM58+AN58/U58*100 -> 5 | DY58: =AJ58 -> Black dot.L.test.
A59: 5N | B59: KM25 | C59: HAS | D59: =VLOOKUP(E59,'Reference Card '!A:E,5,FALSE) -> MARLEX6007 | E59: 618592 | F59: =VLOOKUP(E59,'[1]Reference Card '!A:B,2,FALSE) -> E22-0150-R-GY-HDPE | G59: 10701479 | H59: - | I59: =VLOOKUP(E59,'[1]Reference Card '!A:C,3,FALSE) -> 4 | J59: =VLOOKUP(E59,'[1]Reference Card '!A:H,8,FALSE) -> 26 | K59: =VLOOKUP(E59,'[1]Reference Card '!A:F,6,FALSE) -> 15 | L59: 810 | M59: 43200 | N59: 0 | O59: 3000 | P59: =L59*I59 -> 3240 | Q59: 0 | R59: =(Q59*K59)/1000 -> 0 | S59: 3000 | T59: =IF(M59="Sample","-",IF(M59="RTFN","-",M59-S59)) -> 40200 | U59: =(P59*K59)/1000 -> 48.6 | V59: =(J59-K59)*P59/1000 -> 35.64 | W59: 8 | X59: =W59/U59 -> 0.16460905 | Y59: 2 | Z59: =Y59/U59 -> 0.041152263 | AA59: 23.3 | AB59: =AA59/3600*L59 -> 5.2425 | AC59: =VLOOKUP(E59,'[2]Reference Card '!A:I,9,FALSE) -> 25 | AH59: 6.8 | AJ59: Under tech.Top load out spec.Start 12am. | AO59: =(U59-R59-W59-Y59-AM59-AN59)-(O59*K59/1000) -> -6.4 | AP59: Night | AQ59: 05.08.2026 | AR59: 18:00:00 | AS59: 06.08.2026 | AT59: 06:00:00 | AU59: =(Y59+W59+AM59+AN59)*1000/K59 -> 666.66667 | AV59: =Q59+AU59 -> 666.66667 | AW59: =3600/AA59*I59 -> 618.02575 | AX59: =(AV59/AW59)+AY59 -> 7.8787037 | AY59: =AG59+AH59+AI59 -> 6.8 | AZ59: =Q59 -> 0 | BA59: =AU59 -> 666.66667 | BB59: =BA59/AZ59 -> #DIV/0! | BC59: 712 | BE59: =G59 -> 10701479 | BF59: 0010 | BG59: =E59 -> 618592 | BH59: =F59 -> E22-0150-R-GY-HDPE | BI59: =AQ59 -> 05.08.2026 | BJ59: =AR59 -> 18:00:00 | BK59: =AS59 -> 06.08.2026 | BL59: =AT59 -> 06:00:00 | BM59: =ROUNDDOWN(Q59+AU59,0) -> 666 | BN59: 0 | BO59: PCE | BQ59: H | BR59: =(AV59/AW59)+AY59 -> 7.8787037 | BS59: H | BT59: =(AV59/AW59)+AY59 -> 7.8787037 | BU59: H | BV59: =(AV59/AW59)+AY59 -> 7.8787037 | BW59: H | BY59: H | CA59: H | CH59: 712 | CJ59: =G59 -> 10701479 | CK59: 0020 | CL59: =E59 -> 618592 | CM59: =F59 -> E22-0150-R-GY-HDPE | CN59: =AQ59 -> 05.08.2026 | CO59: =AR59 -> 18:00:00 | CP59: =AS59 -> 06.08.2026 | CQ59: =AT59 -> 06:00:00 | CR59: =ROUNDDOWN(AZ59,0) -> 0 | CS59: =ROUNDDOWN(BA59,0) -> 666 | CT59: PCE | CV59: H | CX59: H | CZ59: H | DB59: H | DD59: H | DF59: H | DN59: =B59 -> KM25 | DO59: =F59 -> E22-0150-R-GY-HDPE | DP59: =(3600/AC59)*I59*12*0.98 -> 6773.76 | DQ59: =P59 -> 3240 | DR59: =DQ59/DP59*100 -> 47.831633 | DS59: =Y59 -> 2 | DT59: =Z59 -> 0.041152263 | DU59: =SUM(AG59:AI59) -> 6.8 | DV59: =SUM(AD59:AF59) -> 0 | DW59: =Y59+W59+AM59+AN59/U59*100 -> 10 | DY59: =AJ59 -> Under tech.Top load out spec.Start 12am.
A60: 5N | B60: KM26 | C60: HAS/NIPU/NIRAJAN | D60: =VLOOKUP(E60,'Reference Card '!A:E,5,FALSE) -> MARLEX6007 | E60: 617192 | F60: =VLOOKUP(E60,'[1]Reference Card '!A:B,2,FALSE) -> EBK38-2017-K-S-BEIGE-HDPE | G60: 10704222 | H60: - | I60: =VLOOKUP(E60,'[1]Reference Card '!A:C,3,FALSE) -> 1 | J60: =VLOOKUP(E60,'[1]Reference Card '!A:H,8,FALSE) -> 139.8 | K60: =VLOOKUP(E60,'[1]Reference Card '!A:F,6,FALSE) -> 103 | L60: 1260 | M60: 20328 | N60: 396 | O60: 121 | P60: =L60*I60 -> 1260 | Q60: 1482 | R60: =(Q60*K60)/1000 -> 152.646 | S60: 9196 | T60: =IF(M60="Sample","-",IF(M60="RTFN","-",M60-S60)) -> 11132 | U60: =(P60*K60)/1000 -> 129.78 | V60: =(J60-K60)*P60/1000 -> 46.368 | W60: 0 | X60: =W60/U60 -> 0 | Y60: 14 | Z60: =Y60/U60 -> 0.10787487 | AA60: 33 | AB60: =AA60/3600*L60 -> 11.55 | AC60: =VLOOKUP(E60,'[2]Reference Card '!A:I,9,FALSE) -> 33 | AJ60: Line mark & black dot.L.test | AO60: =(U60-R60-W60-Y60-AM60-AN60)-(O60*K60/1000) -> -49.329 | AP60: Night | AQ60: 05.08.2026 | AR60: 18:00:00 | AS60: 06.08.2026 | AT60: 06:00:00 | AU60: =(Y60+W60+AM60+AN60)*1000/K60 -> 135.92233 | AV60: =Q60+AU60 -> 1617.9223 | AW60: =3600/AA60*I60 -> 109.09091 | AX60: =(AV60/AW60)+AY60 -> 14.830955 | AY60: =AG60+AH60+AI60 -> 0 | AZ60: 1452 | BA60: =AU60 -> 135.92233 | BB60: =BA60/AZ60 -> 0.09361042 | BC60: 712 | BE60: =G60 -> 10704222 | BF60: 0010 | BG60: =E60 -> 617192 | BH60: =F60 -> EBK38-2017-K-S-BEIGE-HDPE | BI60: =AQ60 -> 05.08.2026 | BJ60: =AR60 -> 18:00:00 | BK60: =AS60 -> 06.08.2026 | BL60: =AT60 -> 06:00:00 | BM60: =ROUNDDOWN(Q60+AU60,0) -> 1617 | BN60: 0 | BO60: PCE | BQ60: H | BR60: =(AV60/AW60)+AY60 -> 14.830955 | BS60: H | BT60: =(AV60/AW60)+AY60 -> 14.830955 | BU60: H | BV60: =(AV60/AW60)+AY60 -> 14.830955 | BW60: H | BY60: H | CA60: H | CH60: 712 | CJ60: =G60 -> 10704222 | CK60: 0020 | CL60: =E60 -> 617192 | CM60: =F60 -> EBK38-2017-K-S-BEIGE-HDPE | CN60: =AQ60 -> 05.08.2026 | CO60: =AR60 -> 18:00:00 | CP60: =AS60 -> 06.08.2026 | CQ60: =AT60 -> 06:00:00 | CR60: =ROUNDDOWN(AZ60,0) -> 1452 | CS60: =ROUNDDOWN(BA60,0) -> 135 | CT60: PCE | CV60: H | CX60: H | CZ60: H | DB60: H | DD60: H | DF60: H | DN60: =B60 -> KM26 | DO60: =F60 -> EBK38-2017-K-S-BEIGE-HDPE | DP60: =(3600/AC60)*I60*12*0.98 -> 1282.9091 | DQ60: =P60 -> 1260 | DR60: =DQ60/DP60*100 -> 98.214286 | DS60: =Y60 -> 14 | DT60: =Z60 -> 0.10787487 | DU60: =SUM(AG60:AI60) -> 0 | DV60: =SUM(AD60:AF60) -> 0 | DW60: =Y60+W60+AM60+AN60/U60*100 -> 14 | DY60: =AJ60 -> Line mark & black dot.L.test
A61: 5N | B61: B3 | C61: IRSAD | D61: =VLOOKUP(E61,'Reference Card '!A:E,5,FALSE) -> SM398 | E61: 606524 | F61: =VLOOKUP(E61,'[1]Reference Card '!A:B,2,FALSE) -> C35-R/S-F.TOP D.CHOC W SEAL 2.0 (ASEM) | G61: 10704266 | H61: - | I61: =VLOOKUP(E61,'[1]Reference Card '!A:C,3,FALSE) -> 12 | J61: =VLOOKUP(E61,'[1]Reference Card '!A:H,8,FALSE) -> 5.86 | K61: =VLOOKUP(E61,'[1]Reference Card '!A:F,6,FALSE) -> 5.86 | L61: 1300 | M61: 170000 | N61: 27200 | O61: 8500 | P61: =L61*I61 -> 15600 | Q61: 34000 | R61: =(Q61*K61)/1000 -> 199.24 | S61: 110500 | T61: =IF(M61="Sample","-",IF(M61="RTFN","-",M61-S61)) -> 59500 | U61: =(P61*K61)/1000 -> 91.416 | V61: =(J61-K61)*P61/1000 -> 0 | W61: 0 | X61: =W61/U61 -> 0 | Y61: 6.8 | Z61: =Y61/U61 -> 0.074385228 | AA61: 32.5 | AB61: =AA61/3600*L61 -> 11.736111 | AC61: =VLOOKUP(E61,'[2]Reference Card '!A:I,9,FALSE) -> 29.04 | AJ61: Uncapping & Screathes.inside reject 2.3kg. | AO61: =(U61-R61-W61-Y61-AM61-AN61)-(O61*K61/1000) -> -164.434 | AP61: Night | AQ61: 05.08.2026 | AR61: 18:00:00 | AS61: 06.08.2026 | AT61: 06:00:00 | AU61: =(Y61+W61+AM61+AN61)*1000/K61 -> 1160.4096 | AV61: =Q61+AU61 -> 35160.41 | AW61: =3600/AA61*I61 -> 1329.2308 | AX61: =(AV61/AW61)+AY61 -> 26.451697 | AY61: =AG61+AH61+AI61 -> 0 | AZ61: =Q61 -> 34000 | BA61: =AU61 -> 1160.4096 | BB61: =BA61/AZ61 -> 0.034129693 | BC61: 712 | BE61: =G61 -> 10704266 | BF61: 0010 | BG61: =E61 -> 606524 | BH61: =F61 -> C35-R/S-F.TOP D.CHOC W SEAL 2.0 (ASEM) | BI61: =AQ61 -> 05.08.2026 | BJ61: =AR61 -> 18:00:00 | BK61: =AS61 -> 06.08.2026 | BL61: =AT61 -> 06:00:00 | BM61: =ROUNDDOWN(Q61+AU61,0) -> 35160 | BN61: 0 | BO61: PCE | BQ61: H | BR61: =(AV61/AW61)+AY61 -> 26.451697 | BS61: H | BT61: =(AV61/AW61)+AY61 -> 26.451697 | BU61: H | BV61: =(AV61/AW61)+AY61 -> 26.451697 | BW61: H | BY61: H | CA61: H | CH61: 712 | CJ61: =G61 -> 10704266 | CK61: 0020 | CL61: =E61 -> 606524 | CM61: =F61 -> C35-R/S-F.TOP D.CHOC W SEAL 2.0 (ASEM) | CN61: =AQ61 -> 05.08.2026 | CO61: =AR61 -> 18:00:00 | CP61: =AS61 -> 06.08.2026 | CQ61: =AT61 -> 06:00:00 | CR61: =ROUNDDOWN(AZ61,0) -> 34000 | CS61: =ROUNDDOWN(BA61,0) -> 1160 | CT61: PCE | CV61: H | CX61: H | CZ61: H | DB61: H | DD61: H | DF61: H | DN61: =B61 -> B3 | DO61: =F61 -> C35-R/S-F.TOP D.CHOC W SEAL 2.0 (ASEM) | DP61: =(3600/AC61)*I61*12*0.98 -> 17494.215 | DQ61: =P61 -> 15600 | DR61: =DQ61/DP61*100 -> 89.172336 | DS61: =Y61 -> 6.8 | DT61: =Z61 -> 0.074385228 | DU61: =SUM(AG61:AI61) -> 0 | DV61: =SUM(AD61:AF61) -> 0 | DW61: =Y61+W61+AM61+AN61/U61*100 -> 6.8 | DY61: =AJ61 -> Uncapping & Screathes.inside reject 2.3kg.
A62: 5N | B62: H1 | C62: IRSAD | D62: =VLOOKUP(E62,'Reference Card '!A:E,5,FALSE) -> SM398 | E62: 665673 | F62: =VLOOKUP(E62,'[1]Reference Card '!A:B,2,FALSE) -> C32- TOP CAP-RED-KKM | G62: 10703863 | H62: - | I62: =VLOOKUP(E62,'[1]Reference Card '!A:C,3,FALSE) -> 8 | J62: =VLOOKUP(E62,'[1]Reference Card '!A:H,8,FALSE) -> 2.1 | K62: =VLOOKUP(E62,'[1]Reference Card '!A:F,6,FALSE) -> 2.1 | L62: 2000 | M62: 360000 | N62: 9000 | O62: 30000 | P62: =L62*I62 -> 16000 | Q62: 15000 | R62: =(Q62*K62)/1000 -> 31.5 | S62: 156880 | T62: =IF(M62="Sample","-",IF(M62="RTFN","-",M62-S62)) -> 203120 | U62: =(P62*K62)/1000 -> 33.6 | V62: =(J62-K62)*P62/1000 -> 0 | W62: 0 | X62: =W62/U62 -> 0 | Y62: 0.1 | Z62: =Y62/U62 -> 0.0029761905 | AA62: 21 | AB62: =AA62/3600*L62 -> 11.666667 | AC62: =VLOOKUP(E62,'[2]Reference Card '!A:I,9,FALSE) -> 20 | AJ62: Oily mark. | AO62: =(U62-R62-W62-Y62-AM62-AN62)-(O62*K62/1000) -> -61 | AP62: Night | AQ62: 05.08.2026 | AR62: 18:00:00 | AS62: 06.08.2026 | AT62: 06:00:00 | AU62: =(Y62+W62+AM62+AN62)*1000/K62 -> 47.619048 | AV62: =Q62+AU62 -> 15047.619 | AW62: =3600/AA62*I62 -> 1371.4286 | AX62: =(AV62/AW62)+AY62 -> 10.972222 | AY62: =AG62+AH62+AI62 -> 0 | AZ62: =Q62 -> 15000 | BA62: =AU62 -> 47.619048 | BB62: =BA62/AZ62 -> 0.0031746032 | BC62: 712 | BE62: =G62 -> 10703863 | BF62: 0010 | BG62: =E62 -> 665673 | BH62: =F62 -> C32- TOP CAP-RED-KKM | BI62: =AQ62 -> 05.08.2026 | BJ62: =AR62 -> 18:00:00 | BK62: =AS62 -> 06.08.2026 | BL62: =AT62 -> 06:00:00 | BM62: =ROUNDDOWN(Q62+AU62,0) -> 15047 | BN62: 0 | BO62: PCE | BQ62: H | BR62: =(AV62/AW62)+AY62 -> 10.972222 | BS62: H | BT62: =(AV62/AW62)+AY62 -> 10.972222 | BU62: H | BV62: =(AV62/AW62)+AY62 -> 10.972222 | BW62: H | BY62: H | CA62: H | CH62: 712 | CJ62: =G62 -> 10703863 | CK62: 0020 | CL62: =E62 -> 665673 | CM62: =F62 -> C32- TOP CAP-RED-KKM | CN62: =AQ62 -> 05.08.2026 | CO62: =AR62 -> 18:00:00 | CP62: =AS62 -> 06.08.2026 | CQ62: =AT62 -> 06:00:00 | CR62: =ROUNDDOWN(AZ62,0) -> 15000 | CS62: =ROUNDDOWN(BA62,0) -> 47 | CT62: PCE | CV62: H | CX62: H | CZ62: H | DB62: H | DD62: H | DF62: H | DN62: =B62 -> H1 | DO62: =F62 -> C32- TOP CAP-RED-KKM | DP62: =(3600/AC62)*I62*12*0.98 -> 16934.4 | DQ62: =P62 -> 16000 | DR62: =DQ62/DP62*100 -> 94.482237 | DS62: =Y62 -> 0.1 | DT62: =Z62 -> 0.0029761905 | DU62: =SUM(AG62:AI62) -> 0 | DV62: =SUM(AD62:AF62) -> 0 | DW62: =Y62+W62+AM62+AN62/U62*100 -> 0.1 | DY62: =AJ62 -> Oily mark.
A63: 5N | B63: SM5 | C63: RAHI | D63: =VLOOKUP(E63,'Reference Card '!A:E,5,FALSE) -> SM840 | E63: 621407 | F63: =VLOOKUP(E63,'[1]Reference Card '!A:B,2,FALSE) -> T-0226-BR-HERS-PP | G63: 10702665 | H63: - | I63: 1 | J63: =VLOOKUP(E63,'[1]Reference Card '!A:H,8,FALSE) -> 27.8 | K63: =VLOOKUP(E63,'[1]Reference Card '!A:F,6,FALSE) -> 27.8 | L63: 2230 | M63: 75040 | N63: 280 | O63: 280 | P63: =L63*I63 -> 2230 | Q63: 2240 | R63: =(Q63*K63)/1000 -> 62.272 | S63: 29400 | T63: 72800 | U63: =(P63*K63)/1000 -> 61.994 | V63: =(J63-K63)*P63/1000 -> 0 | W63: 0 | X63: =W63/U63 -> 0 | Y63: 0 | Z63: =Y63/U63 -> 0 | AA63: 19 | AB63: =AA63/3600*L63 -> 11.769444 | AC63: =VLOOKUP(E63,'[2]Reference Card '!A:I,9,FALSE) -> 17.8 | AJ63: Run well. | AO63: =(U63-R63-W63-Y63-AM63-AN63)-(O63*K63/1000) -> -8.062 | AP63: Night | AQ63: 05.08.2026 | AR63: 18:00:00 | AS63: 06.08.2026 | AT63: 06:00:00 | AU63: =(Y63+W63+AM63+AN63)*1000/K63 -> 0 | AV63: =Q63+AU63 -> 2240 | AW63: =3600/AA63*I63 -> 189.47368 | AX63: =(AV63/AW63)+AY63 -> 11.822222 | AY63: =AG63+AH63+AI63 -> 0 | AZ63: =Q63 -> 2240 | BA63: =AU63 -> 0 | BB63: =BA63/AZ63 -> 0 | BC63: 712 | BE63: =G63 -> 10702665 | BF63: 0010 | BG63: =E63 -> 621407 | BH63: =F63 -> T-0226-BR-HERS-PP | BI63: =AQ63 -> 05.08.2026 | BJ63: =AR63 -> 18:00:00 | BK63: =AS63 -> 06.08.2026 | BL63: =AT63 -> 06:00:00 | BM63: =ROUNDDOWN(Q63+AU63,0) -> 2240 | BN63: 0 | BO63: PCE | BQ63: H | BR63: =(AV63/AW63)+AY63 -> 11.822222 | BS63: H | BT63: =(AV63/AW63)+AY63 -> 11.822222 | BU63: H | BV63: =(AV63/AW63)+AY63 -> 11.822222 | BW63: H | BY63: H | CA63: H | CH63: 712 | CJ63: =G63 -> 10702665 | CK63: 0020 | CL63: =E63 -> 621407 | CM63: =F63 -> T-0226-BR-HERS-PP | CN63: =AQ63 -> 05.08.2026 | CO63: =AR63 -> 18:00:00 | CP63: =AS63 -> 06.08.2026 | CQ63: =AT63 -> 06:00:00 | CR63: =ROUNDDOWN(AZ63,0) -> 2240 | CS63: =ROUNDDOWN(BA63,0) -> 0 | CT63: PCE | CV63: H | CX63: H | CZ63: H | DB63: H | DD63: H | DF63: H | DN63: =B63 -> SM5 | DO63: =F63 -> T-0226-BR-HERS-PP | DP63: =(3600/AC63)*I63*12*0.98 -> 2378.427 | DQ63: =P63 -> 2230 | DR63: =DQ63/DP63*100 -> 93.759448 | DS63: =Y63 -> 0 | DT63: =Z63 -> 0 | DU63: =SUM(AG63:AI63) -> 0 | DV63: =SUM(AD63:AF63) -> 0 | DW63: =Y63+W63+AM63+AN63/U63*100 -> 0 | DY63: =AJ63 -> Run well.
A64: 5N | B64: Y1 | C64: TARLAK | D64: =VLOOKUP(E64,'Reference Card '!A:E,5,FALSE) -> LLDPE6101 / HDPE6178 | E64: 665674 | F64: C32-BOTTOM CAP-RED-KKM | G64: 10703862 | H64: - | I64: =VLOOKUP(E64,'[1]Reference Card '!A:C,3,FALSE) -> 8 | J64: =VLOOKUP(E64,'[1]Reference Card '!A:H,8,FALSE) -> 3.801 | K64: =VLOOKUP(E64,'[1]Reference Card '!A:F,6,FALSE) -> 3.801 | L64: 1340 | M64: 360000 | N64: 4000 | O64: 2000 | P64: =L64*I64 -> 10720 | Q64: 10000 | R64: =(Q64*K64)/1000 -> 38.01 | S64: 139490 | T64: =IF(M64="Sample","-",IF(M64="RTFN","-",M64-S64)) -> 220510 | U64: =(P64*K64)/1000 -> 40.74672 | V64: =(J64-K64)*P64/1000 -> 0 | W64: 0 | X64: =W64/U64 -> 0 | Y64: 0 | Z64: =Y64/U64 -> 0 | AA64: 31.6 | AB64: =AA64/3600*L64 -> 11.762222 | AC64: 29 | AJ64: Oily mark & pull ring broken | AO64: =(U64-R64-W64-Y64-AM64-AN64)-(O64*K64/1000) -> -4.86528 | AP64: Night | AQ64: 05.08.2026 | AR64: 18:00:00 | AS64: 06.08.2026 | AT64: 06:00:00 | AU64: =(Y64+W64+AM64+AN64)*1000/K64 -> 0 | AV64: =Q64+AU64 -> 10000 | AW64: =3600/AA64*I64 -> 911.39241 | AX64: =(AV64/AW64)+AY64 -> 10.972222 | AY64: =AG64+AH64+AI64 -> 0 | AZ64: =Q64 -> 10000 | BA64: =AU64 -> 0 | BB64: =BA64/AZ64 -> 0 | BC64: 712 | BE64: =G64 -> 10703862 | BF64: 0010 | BG64: =E64 -> 665674 | BH64: =F64 -> C32-BOTTOM CAP-RED-KKM | BI64: =AQ64 -> 05.08.2026 | BJ64: =AR64 -> 18:00:00 | BK64: =AS64 -> 06.08.2026 | BL64: =AT64 -> 06:00:00 | BM64: =ROUNDDOWN(Q64+AU64,0) -> 10000 | BN64: 0 | BO64: PCE | BQ64: H | BR64: =(AV64/AW64)+AY64 -> 10.972222 | BS64: H | BT64: =(AV64/AW64)+AY64 -> 10.972222 | BU64: H | BV64: =(AV64/AW64)+AY64 -> 10.972222 | BW64: H | BY64: H | CA64: H | CH64: 712 | CJ64: =G64 -> 10703862 | CK64: 0020 | CL64: =E64 -> 665674 | CM64: =F64 -> C32-BOTTOM CAP-RED-KKM | CN64: =AQ64 -> 05.08.2026 | CO64: =AR64 -> 18:00:00 | CP64: =AS64 -> 06.08.2026 | CQ64: =AT64 -> 06:00:00 | CR64: =ROUNDDOWN(AZ64,0) -> 10000 | CS64: =ROUNDDOWN(BA64,0) -> 0 | CT64: PCE | CV64: H | CX64: H | CZ64: H | DB64: H | DD64: H | DF64: H | DN64: =B64 -> Y1 | DO64: =F64 -> C32-BOTTOM CAP-RED-KKM | DP64: =(3600/AC64)*I64*12*0.98 -> 11678.897 | DQ64: =P64 -> 10720 | DR64: =DQ64/DP64*100 -> 91.789494 | DS64: =Y64 -> 0 | DT64: =Z64 -> 0 | DU64: =SUM(AG64:AI64) -> 0 | DV64: =SUM(AD64:AF64) -> 0 | DW64: =Y64+W64+AM64+AN64/U64*100 -> 0 | DY64: =AJ64 -> Oily mark & pull ring broken
A65: 5N | B65: H2 | C65: TARLAK | D65: =VLOOKUP(E65,'Reference Card '!A:E,5,FALSE) -> PET PF CAN | E65: 588637 | F65: =VLOOKUP(E65,'[1]Reference Card '!A:B,2,FALSE) -> PF-JK57-24-82-KEKO | G65: 10703599 | H65: - | I65: =VLOOKUP(E65,'[1]Reference Card '!A:C,3,FALSE) -> 6 | J65: =VLOOKUP(E65,'[1]Reference Card '!A:H,8,FALSE) -> 24.6 | K65: =VLOOKUP(E65,'[1]Reference Card '!A:F,6,FALSE) -> 24.6 | L65: 1335 | M65: 144000 | N65: 201000 | O65: 209250 | P65: =L65*I65 -> 8010 | Q65: 7500 | R65: =(Q65*K65)/1000 -> 184.5 | S65: 142980 | T65: =IF(M65="Sample","-",IF(M65="RTFN","-",M65-S65)) -> 1020 | U65: =(P65*K65)/1000 -> 197.046 | V65: =(J65-K65)*P65/1000 -> 0 | W65: 0 | X65: =W65/U65 -> 0 | Y65: 0 | Z65: =Y65/U65 -> 0 | AA65: 32.2 | AB65: =AA65/3600*L65 -> 11.940833 | AC65: =VLOOKUP(E65,'[2]Reference Card '!A:I,9,FALSE) -> 26 | AJ65: Run well. | AO65: =(U65-R65-W65-Y65-AM65-AN65)-(O65*K65/1000) -> -5135.004 | AP65: Night | AQ65: 05.08.2026 | AR65: 18:00:00 | AS65: 06.08.2026 | AT65: 06:00:00 | AU65: =(Y65+W65+AM65+AN65)*1000/K65 -> 0 | AV65: =Q65+AU65 -> 7500 | AW65: =3600/AA65*I65 -> 670.80745 | AX65: =(AV65/AW65)+AY65 -> 11.180556 | AY65: =AG65+AH65+AI65 -> 0 | AZ65: =Q65 -> 7500 | BA65: =AU65 -> 0 | BB65: =BA65/AZ65 -> 0 | BC65: 712 | BE65: =G65 -> 10703599 | BF65: 0010 | BG65: =E65 -> 588637 | BH65: =F65 -> PF-JK57-24-82-KEKO | BI65: =AQ65 -> 05.08.2026 | BJ65: =AR65 -> 18:00:00 | BK65: =AS65 -> 06.08.2026 | BL65: =AT65 -> 06:00:00 | BM65: =ROUNDDOWN(Q65+AU65,0) -> 7500 | BN65: 0 | BO65: PCE | BQ65: H | BR65: =(AV65/AW65)+AY65 -> 11.180556 | BS65: H | BT65: =(AV65/AW65)+AY65 -> 11.180556 | BU65: H | BV65: =(AV65/AW65)+AY65 -> 11.180556 | BW65: H | BY65: H | CA65: H | CH65: 712 | CJ65: =G65 -> 10703599 | CK65: 0020 | CL65: =E65 -> 588637 | CM65: =F65 -> PF-JK57-24-82-KEKO | CN65: =AQ65 -> 05.08.2026 | CO65: =AR65 -> 18:00:00 | CP65: =AS65 -> 06.08.2026 | CQ65: =AT65 -> 06:00:00 | CR65: =ROUNDDOWN(AZ65,0) -> 7500 | CS65: =ROUNDDOWN(BA65,0) -> 0 | CT65: PCE | CV65: H | CX65: H | CZ65: H | DB65: H | DD65: H | DF65: H | DN65: =B65 -> H2 | DO65: =F65 -> PF-JK57-24-82-KEKO | DP65: =(3600/AC65)*I65*12*0.98 -> 9769.8462 | DQ65: =P65 -> 8010 | DR65: =DQ65/DP65*100 -> 81.986961 | DS65: =Y65 -> 0 | DT65: =Z65 -> 0 | DU65: =SUM(AG65:AI65) -> 0 | DV65: =SUM(AD65:AF65) -> 0 | DW65: =Y65+W65+AM65+AN65/U65*100 -> 0 | DY65: =AJ65 -> Run well.
A66: 5N | B66: BRAVAN | C66: NA | D66: =VLOOKUP(E66,'Reference Card '!A:E,5,FALSE) -> PET CAN | E66: 588272 | F66: =VLOOKUP(E66,'[1]Reference Card '!A:B,2,FALSE) -> JK57-0350-R-CL-KEKO | G66: 10703795 | H66: - | I66: =VLOOKUP(E66,'[1]Reference Card '!A:C,3,FALSE) -> 2 | J66: =VLOOKUP(E66,'[1]Reference Card '!A:H,8,FALSE) -> 24 | K66: =VLOOKUP(E66,'[1]Reference Card '!A:F,6,FALSE) -> 18 | L66: 0 | M66: 91800 | N66: 170 | O66: 170 | P66: =L66*I66 -> 0 | Q66: 0 | R66: =(Q66*K66)/1000 -> 0 | S66: 18530 | T66: =IF(M66="Sample","-",IF(M66="RTFN","-",M66-S66)) -> 73270 | U66: =(P66*K66)/1000 -> 0 | V66: =(J66-K66)*P66/1000 -> 0 | W66: 0 | X66: =W66/U66 -> #DIV/0! | Y66: 0 | Z66: =Y66/U66 -> #DIV/0! | AA66: 7.4 | AB66: =AA66/3600*L66 -> 0 | AC66: =VLOOKUP(E66,'[2]Reference Card '!A:I,9,FALSE) -> 6.8 | AG66: 12 | AJ66: Under tech.Mould repair. | AO66: =(U66-R66-W66-Y66-AM66-AN66)-(O66*K66/1000) -> -3.06 | AP66: Night | AQ66: 05.08.2026 | AR66: 18:00:00 | AS66: 06.08.2026 | AT66: 06:00:00 | AU66: =(Y66+W66+AM66+AN66)*1000/K66 -> 0 | AV66: =Q66+AU66 -> 0 | AW66: =3600/AA66*I66 -> 972.97297 | AX66: =(AV66/AW66)+AY66 -> 12 | AY66: =AG66+AH66+AI66 -> 12 | AZ66: =Q66 -> 0 | BA66: =AU66 -> 0 | BB66: =BA66/AZ66 -> #DIV/0! | BC66: 712 | BE66: =G66 -> 10703795 | BF66: 0010 | BG66: =E66 -> 588272 | BH66: =F66 -> JK57-0350-R-CL-KEKO | BI66: =AQ66 -> 05.08.2026 | BJ66: =AR66 -> 18:00:00 | BK66: =AS66 -> 06.08.2026 | BL66: =AT66 -> 06:00:00 | BM66: =ROUNDDOWN(Q66+AU66,0) -> 0 | BN66: 0 | BO66: PCE | BQ66: H | BR66: =(AV66/AW66)+AY66 -> 12 | BS66: H | BT66: =(AV66/AW66)+AY66 -> 12 | BU66: H | BV66: =(AV66/AW66)+AY66 -> 12 | BW66: H | BY66: H | CA66: H | CH66: 712 | CJ66: =G66 -> 10703795 | CK66: 0020 | CL66: =E66 -> 588272 | CM66: =F66 -> JK57-0350-R-CL-KEKO | CN66: =AQ66 -> 05.08.2026 | CO66: =AR66 -> 18:00:00 | CP66: =AS66 -> 06.08.2026 | CQ66: =AT66 -> 06:00:00 | CR66: =ROUNDDOWN(AZ66,0) -> 0 | CS66: =ROUNDDOWN(BA66,0) -> 0 | CT66: PCE | CV66: H | CX66: H | CZ66: H | DB66: H | DD66: H | DF66: H | DN66: =B66 -> BRAVAN | DO66: =F66 -> JK57-0350-R-CL-KEKO | DP66: =(3600/AC66)*I66*12*0.98 -> 12451.765 | DQ66: =P66 -> 0 | DR66: =DQ66/DP66*100 -> 0 | DS66: =Y66 -> 0 | DT66: =Z66 -> #DIV/0! | DU66: =SUM(AG66:AI66) -> 12 | DV66: =SUM(AD66:AF66) -> 0 | DW66: =Y66+W66+AM66+AN66/U66*100 -> #DIV/0! | DY66: =AJ66 -> Under tech.Mould repair.
A67: 5N | B67: JWELL | C67: NA | D67: R-HDPE ESTERENE HXM 50100S | E67: 444444 | F67: PPG 10LTR | G67: SAMPLE | H67: - | I67: 2 | J67: 810 | K67: 610 | L67: 0 | M67: 0 | N67: 0 | O67: 0 | P67: =L67*I67 -> 0 | Q67: 0 | R67: =(Q67*K67)/1000 -> 0 | S67: 0 | T67: =IF(M67="Sample","-",IF(M67="RTFN","-",M67-S67)) -> 0 | U67: =(P67*K67)/1000 -> 0 | V67: =(J67-K67)*P67/1000 -> 0 | W67: 0 | X67: =W67/U67 -> #DIV/0! | Y67: 0 | Z67: =Y67/U67 -> #DIV/0! | AA67: 61.7 | AB67: =AA67/3600*L67 -> 0 | AC67: =VLOOKUP(E67,'[2]Reference Card '!A:I,9,FALSE) -> #N/A | AH67: 12 | AJ67: Sample. | AO67: =(U67-R67-W67-Y67-AM67-AN67)-(O67*K67/1000) -> 0 | AP67: Night | AQ67: 05.08.2026 | AR67: 18:00:00 | AS67: 06.08.2026 | AT67: 06:00:00 | AU67: =(Y67+W67+AM67+AN67)*1000/K67 -> 0 | AV67: =Q67+AU67 -> 0 | AW67: =3600/AA67*I67 -> 116.69368 | AX67: =(AV67/AW67)+AY67 -> 12 | AY67: =AG67+AH67+AI67 -> 12 | AZ67: =Q67 -> 0 | BA67: =AU67 -> 0 | BB67: =BA67/AZ67 -> #DIV/0! | BC67: 712 | BE67: =G67 -> SAMPLE | BF67: 0010 | BG67: =E67 -> 444444 | BH67: =F67 -> PPG 10LTR | BI67: =AQ67 -> 05.08.2026 | BJ67: =AR67 -> 18:00:00 | BK67: =AS67 -> 06.08.2026 | BL67: =AT67 -> 06:00:00 | BM67: =ROUNDDOWN(Q67+AU67,0) -> 0 | BN67: 0 | BO67: PCE | BQ67: H | BR67: =(AV67/AW67)+AY67 -> 12 | BS67: H | BT67: =(AV67/AW67)+AY67 -> 12 | BU67: H | BV67: =(AV67/AW67)+AY67 -> 12 | BW67: H | BY67: H | CA67: H | CH67: 712 | CJ67: =G67 -> SAMPLE | CK67: 0020 | CL67: =E67 -> 444444 | CM67: =F67 -> PPG 10LTR | CN67: =AQ67 -> 05.08.2026 | CO67: =AR67 -> 18:00:00 | CP67: =AS67 -> 06.08.2026 | CQ67: =AT67 -> 06:00:00 | CR67: =ROUNDDOWN(AZ67,0) -> 0 | CS67: =ROUNDDOWN(BA67,0) -> 0 | CT67: PCE | CV67: H | CX67: H | CZ67: H | DB67: H | DD67: H | DF67: H | DN67: =B67 -> JWELL | DO67: =F67 -> PPG 10LTR | DP67: =(3600/AC67)*I67*12*0.98 -> #N/A | DQ67: =P67 -> 0 | DR67: =DQ67/DP67*100 -> #N/A | DS67: =Y67 -> 0 | DT67: =Z67 -> #DIV/0! | DU67: =SUM(AG67:AI67) -> 12 | DV67: =SUM(AD67:AF67) -> 0 | DW67: =Y67+W67+AM67+AN67/U67*100 -> #DIV/0! | DY67: =AJ67 -> Sample.
A68: 5N | B68: R-PET1 | C68: KALAI/BINOD | D68: =VLOOKUP(E68,'Reference Card '!A:E,5,FALSE) -> PET | E68: 623885 | F68: =VLOOKUP(E68,'[1]Reference Card '!A:B,2,FALSE) -> JJ63-0350EH-R-R-CL-CRISPY(ASEM) | H68: - | I68: 1 | J68: 24 | K68: 24 | L68: 0 | M68: 0 | N68: 0 | O68: 0 | P68: =L68*I68 -> 0 | Q68: 1560 | R68: =(Q68*K68)/1000 -> 37.44 | S68: 0 | T68: =IF(M68="Sample","-",IF(M68="RTFN","-",M68-S68)) -> 0 | U68: =(P68*K68)/1000 -> 0 | V68: =(J68-K68)*P68/1000 -> 0 | W68: 0 | X68: =W68/U68 -> #DIV/0! | Y68: 0.9 | Z68: =Y68/U68 -> #DIV/0! | AA68: 10 | AB68: =AA68/3600*L68 -> 0 | AC68: =VLOOKUP(E68,'[2]Reference Card '!A:I,9,FALSE) -> 36 | AJ68: Labelling. | AO68: =(U68-R68-W68-Y68-AM68-AN68)-(O68*K68/1000) -> -38.34 | AP68: Night | AQ68: 05.08.2026 | AR68: 18:00:00 | AS68: 06.08.2026 | AT68: 06:00:00 | AU68: =(Y68+W68+AM68+AN68)*1000/K68 -> 37.5 | AV68: =Q68+AU68 -> 1597.5 | AW68: =3600/AA68*I68 -> 360 | AX68: =(AV68/AW68)+AY68 -> 4.4375 | AY68: =AG68+AH68+AI68 -> 0 | AZ68: =Q68 -> 1560 | BA68: =AU68 -> 37.5 | BB68: =BA68/AZ68 -> 0.024038462 | BC68: 712 | BE68: =G68 -> 0 | BF68: 0010 | BG68: =E68 -> 623885 | BH68: =F68 -> JJ63-0350EH-R-R-CL-CRISPY(ASEM) | BI68: =AQ68 -> 05.08.2026 | BJ68: =AR68 -> 18:00:00 | BK68: =AS68 -> 06.08.2026 | BL68: =AT68 -> 06:00:00 | BM68: =ROUNDDOWN(Q68+AU68,0) -> 1597 | BN68: 0 | BO68: PCE | BQ68: H | BR68: =(AV68/AW68)+AY68 -> 4.4375 | BS68: H | BT68: =(AV68/AW68)+AY68 -> 4.4375 | BU68: H | BV68: =(AV68/AW68)+AY68 -> 4.4375 | BW68: H | BY68: H | CA68: H | CH68: 712 | CJ68: =G68 -> 0 | CK68: 0020 | CL68: =E68 -> 623885 | CM68: =F68 -> JJ63-0350EH-R-R-CL-CRISPY(ASEM) | CN68: =AQ68 -> 05.08.2026 | CO68: =AR68 -> 18:00:00 | CP68: =AS68 -> 06.08.2026 | CQ68: =AT68 -> 06:00:00 | CR68: =ROUNDDOWN(AZ68,0) -> 1560 | CS68: =ROUNDDOWN(BA68,0) -> 37 | CT68: PCE | CV68: H | CX68: H | CZ68: H | DB68: H | DD68: H | DF68: H | DN68: =B68 -> R-PET1 | DO68: =F68 -> JJ63-0350EH-R-R-CL-CRISPY(ASEM) | DP68: =(3600/AC68)*I68*12*0.98 -> 1176 | DQ68: =P68 -> 0 | DR68: =DQ68/DP68*100 -> 0 | DS68: =Y68 -> 0.9 | DT68: =Z68 -> #DIV/0! | DU68: =SUM(AG68:AI68) -> 0 | DV68: =SUM(AD68:AF68) -> 0 | DW68: =Y68+W68+AM68+AN68/U68*100 -> #DIV/0! | DY68: =AJ68 -> Labelling.
A69: 5N | B69: R-PET1 | C69: KALAI/BINOD | D69: =VLOOKUP(E69,'Reference Card '!A:E,5,FALSE) -> PET | E69: 658159 | F69: =VLOOKUP(E69,'[1]Reference Card '!A:B,2,FALSE) -> BX38-0250-SM-R-WH-MANGO V2 (ASEM) | G69: 10704959 | H69: - | I69: 1 | J69: 24 | K69: 24 | L69: 0 | M69: 0 | N69: 0 | O69: 0 | P69: =L69*I69 -> 0 | Q69: 4312 | R69: =(Q69*K69)/1000 -> 103.488 | S69: 0 | T69: =IF(M69="Sample","-",IF(M69="RTFN","-",M69-S69)) -> 0 | U69: =(P69*K69)/1000 -> 0 | V69: =(J69-K69)*P69/1000 -> 0 | W69: 0 | X69: =W69/U69 -> #DIV/0! | Y69: 2.7 | Z69: =Y69/U69 -> #DIV/0! | AA69: 10 | AB69: =AA69/3600*L69 -> 0 | AC69: =VLOOKUP(E69,'[2]Reference Card '!A:I,9,FALSE) -> 9 | AJ69: Labelling. | AO69: =(U69-R69-W69-Y69-AM69-AN69)-(O69*K69/1000) -> -106.188 | AP69: Night | AQ69: 05.08.2026 | AR69: 18:00:00 | AS69: 06.08.2026 | AT69: 06:00:00 | AU69: =(Y69+W69+AM69+AN69)*1000/K69 -> 112.5 | AV69: =Q69+AU69 -> 4424.5 | AW69: =3600/AA69*I69 -> 360 | AX69: =(AV69/AW69)+AY69 -> 12.290278 | AY69: =AG69+AH69+AI69 -> 0 | AZ69: =Q69 -> 4312 | BA69: =AU69 -> 112.5 | BB69: =BA69/AZ69 -> 0.026089981 | BC69: 712 | BE69: =G69 -> 10704959 | BF69: 0010 | BG69: =E69 -> 658159 | BH69: =F69 -> BX38-0250-SM-R-WH-MANGO V2 (ASEM) | BI69: =AQ69 -> 05.08.2026 | BJ69: =AR69 -> 18:00:00 | BK69: =AS69 -> 06.08.2026 | BL69: =AT69 -> 06:00:00 | BM69: =ROUNDDOWN(Q69+AU69,0) -> 4424 | BN69: 0 | BO69: PCE | BQ69: H | BR69: =(AV69/AW69)+AY69 -> 12.290278 | BS69: H | BT69: =(AV69/AW69)+AY69 -> 12.290278 | BU69: H | BV69: =(AV69/AW69)+AY69 -> 12.290278 | BW69: H | BY69: H | CA69: H | CH69: 712 | CJ69: =G69 -> 10704959 | CK69: 0020 | CL69: =E69 -> 658159 | CM69: =F69 -> BX38-0250-SM-R-WH-MANGO V2 (ASEM) | CN69: =AQ69 -> 05.08.2026 | CO69: =AR69 -> 18:00:00 | CP69: =AS69 -> 06.08.2026 | CQ69: =AT69 -> 06:00:00 | CR69: =ROUNDDOWN(AZ69,0) -> 4312 | CS69: =ROUNDDOWN(BA69,0) -> 112 | CT69: PCE | CV69: H | CX69: H | CZ69: H | DB69: H | DD69: H | DF69: H | DN69: =B69 -> R-PET1 | DO69: =F69 -> BX38-0250-SM-R-WH-MANGO V2 (ASEM) | DP69: =(3600/AC69)*I69*12*0.98 -> 4704 | DQ69: =P69 -> 0 | DR69: =DQ69/DP69*100 -> 0 | DS69: =Y69 -> 2.7 | DT69: =Z69 -> #DIV/0! | DU69: =SUM(AG69:AI69) -> 0 | DV69: =SUM(AD69:AF69) -> 0 | DW69: =Y69+W69+AM69+AN69/U69*100 -> #DIV/0! | DY69: =AJ69 -> Labelling.
A70: 5N | B70: KKM | C70: RAZAD/SAMAD | D70: =VLOOKUP(E70,'Reference Card '!A:E,5,FALSE) -> SM398 / LLDPE6101 / HDPE6178 | E70: 665672 | F70: =VLOOKUP(E70,'[1]Reference Card '!A:B,2,FALSE) -> C32-2 PIECE-T.RED &.B.RED-KKM (ASEM)-S | G70: 10704706 | H70: - | I70: =VLOOKUP(E70,'[1]Reference Card '!A:C,3,FALSE) -> 1 | J70: =VLOOKUP(E70,'[1]Reference Card '!A:H,8,FALSE) -> 5.9 | K70: =VLOOKUP(E70,'[1]Reference Card '!A:F,6,FALSE) -> 5.9 | L70: 0 | M70: 0 | N70: 0 | O70: 0 | P70: =L70*I70 -> 0 | Q70: 30000 | R70: =(Q70*K70)/1000 -> 177 | S70: 0 | T70: =IF(M70="Sample","-",IF(M70="RTFN","-",M70-S70)) -> 0 | U70: =(P70*K70)/1000 -> 0 | V70: =(J70-K70)*P70/1000 -> 0 | W70: 0 | X70: =W70/U70 -> #DIV/0! | Y70: 0 | Z70: =Y70/U70 -> #DIV/0! | AA70: 10 | AB70: =AA70/3600*L70 -> 0 | AC70: =VLOOKUP(E70,'[2]Reference Card '!A:I,9,FALSE) -> 9 | AJ70: Assy output | AO70: =(U70-R70-W70-Y70-AM70-AN70)-(O70*K70/1000) -> -177 | AP70: Night | AQ70: 05.08.2026 | AR70: 18:00:00 | AS70: 06.08.2026 | AT70: 06:00:00 | AU70: =(Y70+W70+AM70+AN70)*1000/K70 -> 0 | AV70: =Q70+AU70 -> 30000 | AW70: =3600/AA70*I70 -> 360 | AX70: =(AV70/AW70)+AY70 -> 83.333333 | AY70: =AG70+AH70+AI70 -> 0 | AZ70: =Q70 -> 30000 | BA70: =AU70 -> 0 | BB70: =BA70/AZ70 -> 0 | BC70: 712 | BE70: =G70 -> 10704706 | BF70: 0010 | BG70: =E70 -> 665672 | BH70: =F70 -> C32-2 PIECE-T.RED &.B.RED-KKM (ASEM)-S | BI70: =AQ70 -> 05.08.2026 | BJ70: =AR70 -> 18:00:00 | BK70: =AS70 -> 06.08.2026 | BL70: =AT70 -> 06:00:00 | BM70: =ROUNDDOWN(Q70+AU70,0) -> 30000 | BN70: 0 | BO70: PCE | BQ70: H | BR70: =(AV70/AW70)+AY70 -> 83.333333 | BS70: H | BT70: =(AV70/AW70)+AY70 -> 83.333333 | BU70: H | BV70: =(AV70/AW70)+AY70 -> 83.333333 | BW70: H | BY70: H | CA70: H | CH70: 712 | CJ70: =G70 -> 10704706 | CK70: 0020 | CL70: =E70 -> 665672 | CM70: =F70 -> C32-2 PIECE-T.RED &.B.RED-KKM (ASEM)-S | CN70: =AQ70 -> 05.08.2026 | CO70: =AR70 -> 18:00:00 | CP70: =AS70 -> 06.08.2026 | CQ70: =AT70 -> 06:00:00 | CR70: =ROUNDDOWN(AZ70,0) -> 30000 | CS70: =ROUNDDOWN(BA70,0) -> 0 | CT70: PCE | CV70: H | CX70: H | CZ70: H | DB70: H | DD70: H | DF70: H | DN70: =B70 -> KKM | DO70: =F70 -> C32-2 PIECE-T.RED &.B.RED-KKM (ASEM)-S | DP70: =(3600/AC70)*I70*12*0.98 -> 4704 | DQ70: =P70 -> 0 | DR70: =DQ70/DP70*100 -> 0 | DS70: =Y70 -> 0 | DT70: =Z70 -> #DIV/0! | DU70: =SUM(AG70:AI70) -> 0 | DV70: =SUM(AD70:AF70) -> 0 | DW70: =Y70+W70+AM70+AN70/U70*100 -> #DIV/0! | DY70: =AJ70 -> Assy output

Sheet Reference Card 
A2: Reference Card for Production Report
A3: Last Updated: | B3: 30.06.2022
A4: Next Update by: | B4: 31.07.2022
C5: Cavity, pc/shot | F5: Part Weight, g/pc | H5: Gross Weight, g/pc | I5: Cycle Time, s/shot
A6: Material | B6: Material Description | C6: SAP Routing | D6: Process | E6: Material (Resin) | F6: SAP BOM | G6: QAQC w/ tolerance | H6: Engineering Flow Chart | I6: SAP Routing
A7: 486135 | B7: AL0102-BK CAP (BLACK) | C7: 4 | D7: INJ | E7: HDPE1010J | F7: 2.5 | H7: 2.8 | I7: 21.2
A8: 480196 | B8: AL0102-CY CAP (CYAN) | C8: 4 | D8: INJ | E8: HDPE1010J | F8: 2.5 | H8: 2.8 | I8: 21.2
A9: 483356 | B9: AL0102-LCY CAP (L.CYAN) | C9: 4 | D9: INJ | E9: HDPE1010J | F9: 2.5 | H9: 2.8 | I9: 20.4
A10: 483357 | B10: AL0102-LMG CAP (L.MAGENTA) | C10: 4 | D10: INJ | E10: HDPE1010J | F10: 2.5 | H10: 2.8 | I10: 20.4
A11: 480198 | B11: AL0102-MG CAP (MAGENTA) | C11: 4 | D11: INJ | E11: HDPE1010J | F11: 2.5 | H11: 2.8 | I11: 21.2
A12: 480199 | B12: AL0102-YL CAP (YELLOW) | C12: 4 | D12: INJ | E12: HDPE1010J | F12: 2.5 | H12: 2.5 | I12: 21.2
A13: 454179 | B13: AL0132-YL 120ML I/C LID (YELLOW) | C13: 4 | D13: INJ | E13: SM240 | F13: 7 | H13: =F13 -> 7 | I13: 15.2
A14: 555589 | B14: AL0312-YL 28MM CAP (YELLOW) | C14: 4 | D14: INJ | E14: PP6331 | F14: 3.1 | H14: =F14 -> 3.1 | I14: 9
A15: 453724 | B15: AL0316-BR 28MM NO LOGO CAP (BROWN) | C15: 24 | D15: INJ | E15: PP6331 | F15: 2.4 | H15: =F15 -> 2.4 | I15: 19.296
A16: 453725 | B16: AL0316-DBL 28MM NO LOGO CAP (D.BLUE) | C16: 24 | D16: INJ | E16: PP6331 | F16: 2.4 | H16: =F16 -> 2.4 | I16: 19.296
A17: 453732 | B17: AL0316-WH 28MM NO LOGO CAP (WHITE) | C17: 24 | D17: INJ | E17: PP6331 | F17: 2.4 | H17: =F17 -> 2.4 | I17: 19.296
A18: 453733 | B18: AL0316-YL 28MM NO LOGO CAP (YELLOW) | C18: 24 | D18: INJ | E18: PP6331 | F18: 2.4 | H18: =F18 -> 2.4 | I18: 19.296
A19: 453735 | B19: AL0323-BR 37MM COVER (BROWN) | C19: 6 | D19: INJ | E19: SM240 | F19: 4.3 | H19: 24.8 | I19: 21.75
A20: 453736 | B20: AL0323-NA 37MM COVER (NATURAL) | C20: 6 | D20: INJ | E20: SM240 | F20: 4.3 | H20: =F20 -> 4.3 | I20: 21.75
A21: 453737 | B21: AL0323-RD 37MM COVER (RED) | C21: 6 | D21: INJ | E21: SM240 | F21: 4.3 | H21: =F21 -> 4.3 | I21: 21.75
A22: 542887 | B22: AL0323-YL 37MM COVER (YELLOW) | C22: 4 | D22: INJ | E22: SM240 | F22: 4.3 | H22: =F22 -> 4.3 | I22: 14.52
A23: 453738 | B23: AL0386-WH HERBAL JELLY LID (WHITE) | C23: 2 | D23: INJ | E23: SM240 | F23: 9.5 | H23: =F23 -> 9.5 | I23: 13.8
A24: 453739 | B24: AL0391-NA 15ML MEASURING CAP (NATURAL) | C24: 2 | D24: INJ | E24: PP6331 | F24: 4.4 | H24: 4.44 | I24: 11.2
A25: 566824 | B25: AL0416-BR 400ML I/C LID (BROWN) | C25: 0 | D25: INJ | E25: SM240 | F25: 12.2 | H25: =F25 -> 12.2 | I25: 19.7
A26: 567509 | B26: AL0416-BR 400ML I/C LID (BROWN)CHOC CHIP | C26: 0 | D26: INJ | E26: SM240 | F26: 13.2 | H26: =F26 -> 13.2 | I26: 19.7
A27: 460841 | B27: AL0473-BK 473ML I/C LID (BLACK) | C27: 2 | D27: INJ | E27: SM240 | F27: 9.4 | H27: =F27 -> 9.4 | I27: 12.4
A28: 454180 | B28: AL0473-GD 473ML I/C LID (GOLD) | C28: 2 | D28: INJ | E28: SM240 | F28: 9.4 | H28: 9.44 | I28: 16.4
A29: 454196 | B29: AL0473-GR 473ML I/C LID (GREEN) | C29: 2 | D29: INJ | E29: SM240 | F29: 9.4 | H29: =F29 -> 9.4 | I29: 16.4
A30: 467024 | B30: AL0473-NA 473ML I/C LID (NATURAL) | C30: 2 | D30: INJ | E30: SM240 | F30: 9.4 | H30: =F30 -> 9.4 | I30: 14
A31: 454201 | B31: AL0473-WH 473ML I/C LID (WHITE) | C31: 2 | D31: INJ | E31: SM240 | F31: 9.4 | H31: =F31 -> 9.4 | I31: 16.4
A32: 561720 | B32: AL0478-BL 38MM FLIP CAP (BLUE) | C32: 0 | D32: INJ | E32: PP6331 | F32: 6.399 | I32: 20.1
A33: 454185 | B33: AL0478-BR 38MM FLIP CAP (BROWN) | C33: 4 | D33: INJ | E33: HDPE1010J+LLDPE6201 | F33: 6.4 | H33: 6.5 | I33: 20.1
A34: 454186 | B34: AL0478-YL 38MM FLIP CAP (YELLOW) | C34: 4 | D34: INJ | E34: HDPE1010J+LLDPE6201 | F34: 5.7 | H34: 6.5 | I34: 20.1
A35: 454144 | B35: AL0501-WH 500ML I/C LID (WHITE) | C35: 1 | D35: INJ | E35: HDPE1010J/LDPEG812 | F35: 12.3 | H35: 13 | I35: 13
A36: 453742 | B36: AL0507-BL 500ML I/C LID (BLUE) | C36: 1 | D36: INJ | E36: LDPEG812 | F36: 12.3 | H36: =F36 -> 12.3 | I36: 13
A37: 453743 | B37: AL0507-GR 500ML I/C LID (GREEN) | C37: 1 | D37: INJ | E37: LDPEG812 | F37: 12.3 | H37: =F37 -> 12.3 | I37: 13
A38: 453744 | B38: AL0507-PK 500ML I/C LID (PINK) | C38: 1 | D38: INJ | E38: LDPEG812 | F38: 12.3 | H38: =F38 -> 12.3 | I38: 13
A39: 453745 | B39: AL0507-WH 500ML I/C LID (WHITE) | C39: 1 | D39: INJ | E39: HDPE1010J/LDPEG812 | F39: 12.3 | H39: 12.7 | I39: 13
A40: 453747 | B40: AL0512-BL 36MM CAP (BLUE) | C40: 8 | D40: INJ | E40: SM6331+SM240 | F40: 3.6 | H40: 3.5 | I40: 14
A41: 544098 | B41: AL0512-BL 36MM CAP WITH IND.SEAL (BLUE) | C41: 0 | D41: INJ | E41: SM6331+SM240 | F41: 4.6 | H41: 3.5 | I41: 14
A42: 465633 | B42: AL0512-BR 36MM CAP (BROWN) | C42: 8 | D42: INJ | E42: SM6331+SM240 | F42: 3.6 | H42: =F42 -> 3.6 | I42: 14
A43: 532334 | B43: AL0512-DB36MM CAP W IND.SEAL(D.BEIGE)-V | C43: 8 | D43: INJ | E43: SM6331+SM240 | F43: 4.6 | I43: 14
A44: 453748 | B44: AL0512-DBE 36MM CAP (DARK BEIGE) | C44: 8 | D44: INJ | E44: SM6331+SM240 | F44: 3.6 | H44: =F44 -> 3.6 | I44: 14
A45: 454176 | B45: AL0512-DBL 36MM CAP (DARK BLUE) | C45: 8 | D45: INJ | E45: SM6331+SM240 | F45: 3.6 | H45: 3.6 | I45: 14
A46: 502715 | B46: AL0512-DGR 36MM CAP (DARK GREEN) | C46: 8 | D46: INJ | E46: SM6331+SM240 | F46: 3.6 | H46: 3.6 | I46: 16
A47: 453749 | B47: AL0512-GD 36MM CAP (GOLD) | C47: 8 | D47: INJ | E47: SM6331+SM240 | F47: 3.6 | H47: =F47 -> 3.6 | I47: 14
A48: 453750 | B48: AL0512-GR 36MM CAP (GREEN) | C48: 8 | D48: INJ | E48: SM6331+SM240 | F48: 3.6 | H48: 3.6 | I48: 14
A49: 454240 | B49: AL0512-GY 36MM CAP (GREY) | C49: 8 | D49: INJ | E49: SM6331+SM240 | F49: 3.6 | H49: =F49 -> 3.6 | I49: 14
A50: 453751 | B50: AL0512-OR 36MM CAP (ORANGE) | C50: 8 | D50: INJ | E50: SM6331+SM240 | F50: 3.6 | H50: 3.6 | I50: 14
A51: 453752 | B51: AL0512-PK 36MM CAP (PINK) | C51: 8 | D51: INJ | E51: SM6331+SM240 | F51: 3.6 | H51: =F51 -> 3.6 | I51: 14
A52: 453753 | B52: AL0512-RD 36MM CAP (RED) | C52: 8 | D52: INJ | E52: SM6331+SM240 | F52: 3.6 | H52: 3.5 | I52: 14
A53: 532333 | B53: AL0512-RD 36MM CAP WITH IND. SEAL (RED) | C53: 8 | D53: INJ | E53: SM6331+SM240 | F53: 4.6 | H53: 3.5 | I53: 14
A54: 453754 | B54: AL0512-VL 36MM CAP (VIOLET) | C54: 8 | D54: INJ | E54: SM6331+SM240 | F54: 3.6 | H54: 3.42 | I54: 14
A55: 453755 | B55: AL0512-WH 36MM CAP (WHITE) | C55: 8 | D55: INJ | E55: SM6331+SM240 | F55: 3.6 | H55: =F55 -> 3.6 | I55: 14
A56: 453756 | B56: AL0512-YL 36MM CAP (YELLOW) | C56: 8 | D56: INJ | E56: SM6331+SM240 | F56: 3.6 | H56: =F56 -> 3.6 | I56: 14
A57: 503940 | B57: AL0556-0500-I/C-S-WH-L CHOC (ASEM) | C57: 0 | D57: INJ | E57: SM240 | F57: 15.5 | I57: 13.2
A58: 503974 | B58: AL0556-0500-I/C-S-WH-L VANILLA (ASEM) | C58: 0 | D58: INJ | E58: SM240 | F58: 15.5 | H58: =F58 -> 15.5 | I58: 13.2
A59: 553482 | B59: AL0556-GR-L 500ML I/C LID DURIAN (ASEM) | C59: 0 | D59: INJ | E59: SM240 | F59: 15.5 | H59: =F59 -> 15.5 | I59: 13.2
A60: 453758 | B60: AL0556-WH-L 500ML I/C LID (WHITE) | C60: 0 | D60: INJ | E60: SM240 | F60: 14.5 | H60: =F60 -> 14.5 | I60: 13.2
A61: 509852 | B61: AL0556-WH-L 500ML I/C LID DURIAN (ASEM) | C61: 0 | D61: INJ | E61: SM240 | F61: 15.5 | H61: =F61 -> 15.5 | I61: 13.2
A62: 503976 | B62: AL0556-WH-L 500ML I/C LID S.BERRY (ASEM) | C62: 0 | D62: INJ | E62: SM240 | F62: 15.5 | H62: =F62 -> 15.5 | I62: 13.2
A63: 509876 | B63: AL0556-WH-L 500ML I/C LID S/CORN (ASEM) | C63: 0 | D63: INJ | E63: SM240 | F63: 15.5 | H63: =F63 -> 15.5 | I63: 13.2
A64: 503980 | B64: AL0556-WH-L 500ML I/C LID YAM (ASEM) | C64: 0 | D64: INJ | E64: SM240 | F64: 15.5 | H64: =F64 -> 15.5 | I64: 13.2
A65: 453759 | B65: AL0597-BE 473ML/500ML I/C LID (BEIGE) | C65: 2 | D65: INJ | E65: SM240 | F65: 13.2 | H65: =F65 -> 13.2 | I65: 15.6
A66: 453760 | B66: AL0597-BK 473ML/500ML I/C LID (BLACK) | C66: 2 | D66: INJ | E66: SM240 | F66: 13.2 | H66: =F66 -> 13.2 | I66: 15.6
A67: 453761 | B67: AL0597-GD 473ML/500ML I/C LID (GOLD) | C67: 2 | D67: INJ | E67: SM240 | F67: 13.2 | H67: =F67 -> 13.2 | I67: 15.6
A68: 453762 | B68: AL0597-GR 473ML/500ML I/C LID (GREEN) | C68: 2 | D68: INJ | E68: SM240 | F68: 13.2 | H68: =F68 -> 13.2 | I68: 15.6
A69: 453763 | B69: AL0597-NA 473ML/500ML I/C LID (NATURAL) | C69: 2 | D69: INJ | E69: SM240 | F69: 13.2 | H69: =F69 -> 13.2 | I69: 15.6
... A71: 454175 | B71: AL0597-PK 473ML/500ML I/C LID (PINK) | C71: 2 | D71: INJ | E71: SM240 | F71: 13.2 | H71: =F71 -> 13.2 | I71: 15.6
A72: 453765 | B72: AL0597-WH 473ML/500ML I/C LID (WHITE) | C72: 2 | D72: INJ | E72: SM240 | F72: 13.2 | H72: 13.8 | I72: 15.6
A73: 454229 | B73: AL0597-YL 473ML/500ML I/C LID (YELLOW) | C73: 2 | D73: INJ | E73: SM240 | F73: 13.2 | H73: =F73 -> 13.2 | I73: 15.6
A74: 453766 | B74: AL0712-GD 800ML I/C LID (GOLD) | C74: 1 | D74: INJ | E74: SM240 | F74: 16.6 | H74: =F74 -> 16.6 | I74: 14.3
A75: 453767 | B75: AL0712-VL 800ML I/C LID (VIOLET) | C75: 1 | D75: INJ | E75: SM240 | F75: 16.6 | H75: =F75 -> 16.6 | I75: 14.3
A76: 453768 | B76: AL0715-BR 1KG HONEY COVER (BROWN) | C76: 1 | D76: INJ | E76: HDPE1010J | F76: 12.6 | H76: =F76 -> 12.6 | I76: 11.1
A77: 454252 | B77: AL0715-YL 1KG HONEY COVER (YELLOW) HD | C77: 1 | D77: INJ | E77: HDPE1010J | F77: 12.6 | H77: =F77 -> 12.6 | I77: 11.1
A78: 454253 | B78: AL0715-YL 1KG HONEY COVER (YELLOW) LD | C78: 1 | D78: INJ | E78: LDPEG812 | F78: 12.6 | H78: 12.75 | I78: 11.1
A79: 453769 | B79: AL0751-YL 1KG HONEY COVER (YELLOW) HD+LD | C79: 1 | D79: INJ | E79: HDPE1010J/LDPEG812 | F79: 12.7 | H79: 12.4 | I79: 11.1
A80: 454219 | B80: AL0823-PK 750ML I/C LID (PINK) | C80: 1 | D80: INJ | E80: SM240 | F80: 12.6 | H80: =F80 -> 12.6 | I80: 13.4
A81: 454249 | B81: AL0921-BK 38MM CAP (BLACK) | C81: 4 | D81: INJ | E81: PP6331 | F81: 4.2 | H81: =F81 -> 4.2 | I81: 14.6
A82: 454251 | B82: AL0921-BL 38MM CAP (BLUE) | C82: 4 | D82: INJ | E82: SM6331 | F82: 4.2 | H82: 4.05 | I82: 14.6
A83: 556157 | B83: AL0921-BL 38MM CAP (L.BLUE) - S | C83: 4 | D83: INJ | E83: SM6331 | F83: 5.2 | H83: 4.8 | I83: 15.2
A84: 465632 | B84: AL0921-BR 38MM CAP (BROWN) | C84: 4 | D84: INJ | E84: PP6331 | F84: 4.2 | H84: =F84 -> 4.2 | I84: 14.6
A85: 617309 | B85: AL0921-PK 38MM CAP (PINK) S | C85: 4 | D85: INJ | E85: PP6331 | F85: 5.2 | H85: 5.2 | I85: 17.6
A86: 454166 | B86: AL0921-GR 38MM CAP (GREEN) | C86: 4 | D86: INJ | E86: SM6331 | F86: 4.2 | H86: 4.8 | I86: 14.6
A87: 454165 | B87: AL0921-RD 38MM CAP (RED) | C87: 4 | D87: INJ | E87: SM6331 | F87: 4.2 | H87: 4.7 | I87: 14.6
A88: 454250 | B88: AL0921-YL 38MM CAP (YELLOW) | C88: 4 | D88: INJ | E88: PP6331 | F88: 4.2 | H88: =F88 -> 4.2 | I88: 14.6
A89: 454256 | B89: AL1015-BL HARWANY PLASTIC COVER (BLUE) | C89: 2 | D89: INJ | E89: HDPE1010J | F89: 38 | H89: =F89 -> 38 | I89: 24
A90: 454255 | B90: AL1015-GR HARWANY PLASTIC COVER (GREEN) | C90: 0 | D90: INJ | E90: HDPE1010J | F90: 38 | H90: =F90 -> 38 | I90: 24
A91: 453770 | B91: AL1019-GR 38MM NOZZLE CAP (GREEN) | C91: 4 | D91: INJ | E91: HDPE1010J | F91: 4.9 | H91: =F91 -> 4.9 | I91: 14.6
A92: 454164 | B92: AL1019-RD 38MM NOZZLE CAP (RED) | C92: 4 | D92: INJ | E92: HDPE1010J | F92: 4.9 | H92: 4.96 | I92: 14.6
A93: 453771 | B93: AL1163-BK INSTANT NOODLE BOWL LID(BLACK) | C93: 4 | D93: INJ | E93: HDPE1010J | F93: 21 | H93: =F93 -> 21 | I93: 28
A94: 453772 | B94: AL1203-WH 1.25LTR I/C LID (WHITE) | C94: 1 | D94: INJ | E94: SM240 | F94: 21 | H94: =F94 -> 21 | I94: 12
A95: 453773 | B95: AL1501-VL 1.25LTR I/C LID (VIOLET) | C95: 1 | D95: INJ | E95: HDPE1010J/LDPEG812 | F95: 28 | H95: 28.02 | I95: 18
A96: 453774 | B96: AL1501-WH 1.5LTR I/C LID (WHITE) | C96: 1 | D96: INJ | E96: SM240 | F96: 28 | H96: =F96 -> 28 | I96: 18
A97: 467905 | B97: AL1509-GR 1.25/1.5LTR I/C LID (GREEN) | C97: 1 | D97: INJ | E97: HDPE1010J | F97: 24.7 | H97: =F97 -> 24.7 | I97: 18
A98: 453775 | B98: AL1509-WH 1.25/1.5LTR I/C LID (WHITE) | C98: 1 | D98: INJ | E98: HDPE1010J/LDPEG812 | F98: 24.7 | H98: 32.66 | I98: 15.5
A99: 453776 | B99: AL1511-BL 1.2/1.5LTR I/C LID (BLUE) | C99: 1 | D99: INJ | E99: HDPE1010J/LDPEG812 | F99: 28.4 | H99: 25.36 | I99: 15.5
A100: 453777 | B100: AL1511-BR 1.5LTR I/C LID (BROWN) | C100: 1 | D100: INJ | E100: SM240 | F100: 28.4 | H100: =F100 -> 28.4 | I100: 15.5
A101: 453778 | B101: AL1511-GR 1.5LTR I/C LID (GREEN) | C101: 1 | D101: INJ | E101: SM240 | F101: 28.4 | H101: =F101 -> 28.4 | I101: 15.5
A102: 453779 | B102: AL1511-WH 1.25/1.5LTR I/C LID (WHITE) | C102: 1 | D102: INJ | E102: HDPE1010J | F102: 28.4 | H102: =F102 -> 28.4 | I102: 15.5
...
